-- MySQL dump 10.13  Distrib 5.7.33, for Linux (x86_64)
--
-- Host: localhost    Database: ceshi13_dishait_
-- ------------------------------------------------------
-- Server version	5.7.33-log

/*!40101 SET @OLD_CHARACTER_SET_CLIENT=@@CHARACTER_SET_CLIENT */;
/*!40101 SET @OLD_CHARACTER_SET_RESULTS=@@CHARACTER_SET_RESULTS */;
/*!40101 SET @OLD_COLLATION_CONNECTION=@@COLLATION_CONNECTION */;
/*!40101 SET NAMES utf8 */;
/*!40103 SET @OLD_TIME_ZONE=@@TIME_ZONE */;
/*!40103 SET TIME_ZONE='+00:00' */;
/*!40014 SET @OLD_UNIQUE_CHECKS=@@UNIQUE_CHECKS, UNIQUE_CHECKS=0 */;
/*!40014 SET @OLD_FOREIGN_KEY_CHECKS=@@FOREIGN_KEY_CHECKS, FOREIGN_KEY_CHECKS=0 */;
/*!40101 SET @OLD_SQL_MODE=@@SQL_MODE, SQL_MODE='NO_AUTO_VALUE_ON_ZERO' */;
/*!40111 SET @OLD_SQL_NOTES=@@SQL_NOTES, SQL_NOTES=0 */;

--
-- Table structure for table `app_category_item`
--

DROP TABLE IF EXISTS `app_category_item`;
/*!40101 SET @saved_cs_client     = @@character_set_client */;
/*!40101 SET character_set_client = utf8 */;
CREATE TABLE `app_category_item` (
  `id` int(11) NOT NULL AUTO_INCREMENT,
  `name` varchar(50) DEFAULT NULL,
  `cover` varchar(255) DEFAULT NULL,
  `category_id` int(11) DEFAULT NULL,
  `goods_id` int(11) DEFAULT NULL,
  `order` int(11) NOT NULL DEFAULT '50',
  `create_time` int(11) DEFAULT NULL,
  `update_time` int(11) DEFAULT NULL,
  PRIMARY KEY (`id`),
  KEY `category_id` (`category_id`),
  KEY `goods_id` (`goods_id`),
  CONSTRAINT `app_category_item_ibfk_1` FOREIGN KEY (`category_id`) REFERENCES `category` (`id`) ON DELETE CASCADE ON UPDATE NO ACTION
) ENGINE=InnoDB AUTO_INCREMENT=311 DEFAULT CHARSET=utf8;
/*!40101 SET character_set_client = @saved_cs_client */;

--
-- Dumping data for table `app_category_item`
--

LOCK TABLES `app_category_item` WRITE;
/*!40000 ALTER TABLE `app_category_item` DISABLE KEYS */;
INSERT INTO `app_category_item` VALUES (49,'荣X手机','https://res.vmallres.com/pimages/product/6901443352555/428_428_5B02682D327402A4774F83804F79043939BAE5C612C15A6Emp.png',3,25,50,1565974632,1565974632),(67,'智慧屏','https://res.vmallres.com/pimages/product/6901443331093/428_428_21EEE8FC1E9B970CAA527CC00F668B933528C62FBC4CD1E4mp.png',4,25,50,1565974632,1565974632),(68,'智慧屏','https://res.vmallres.com/pimages/product/6901443331093/428_428_21EEE8FC1E9B970CAA527CC00F668B933528C62FBC4CD1E4mp.png',4,25,50,1565974632,1565974632),(69,'智慧屏','https://res.vmallres.com/pimages/product/6901443331093/428_428_21EEE8FC1E9B970CAA527CC00F668B933528C62FBC4CD1E4mp.png',4,25,50,1565974632,1565974632),(72,'智慧屏','https://res.vmallres.com/pimages/product/6901443331093/428_428_21EEE8FC1E9B970CAA527CC00F668B933528C62FBC4CD1E4mp.png',4,25,50,1565974632,1565974632),(73,'智慧屏','https://res.vmallres.com/pimages/product/6901443331093/428_428_21EEE8FC1E9B970CAA527CC00F668B933528C62FBC4CD1E4mp.png',4,25,50,1565974632,1565974632),(74,'智慧屏','https://res.vmallres.com/pimages/product/6901443331093/428_428_21EEE8FC1E9B970CAA527CC00F668B933528C62FBC4CD1E4mp.png',4,25,50,1565974632,1565974632),(75,'智慧屏','https://res.vmallres.com/pimages/product/6901443331093/428_428_21EEE8FC1E9B970CAA527CC00F668B933528C62FBC4CD1E4mp.png',4,25,50,1565974632,1565974632),(157,'小米-天鹅绒柔暖四件套','https://yanxuan-item.nosdn.127.net/4c536c4ea486f8d5c8a172bfaaf5b680.png',5,26,50,1655686366,1655686366),(158,'小米-商品1','https://tangzhe123-com.oss-cn-shenzhen.aliyuncs.com/public/eb5a2d258905e0a6096af057946b0bf0.png',5,27,50,1655686366,1655686366),(159,'小米-商品2','https://tangzhe123-com.oss-cn-shenzhen.aliyuncs.com/public/575977783cdaf86f36c41df05bd9885b.png',5,28,50,1655686366,1655686366),(166,'哈哈哈哈啊11','http://tangzhe123-com.oss-cn-shenzhen.aliyuncs.com/public/61c773d716296.png',5,49,50,1656770054,1656770054),(174,'小米-商品1','https://tangzhe123-com.oss-cn-shenzhen.aliyuncs.com/public/eb5a2d258905e0a6096af057946b0bf0.png',5,27,50,1656986342,1656986342),(185,'小米-商品3','https://tangzhe123-com.oss-cn-shenzhen.aliyuncs.com/public/765a18a017acf0b5c012ce765696be6f.png',5,29,50,1657117797,1657117797),(186,'小米-商品4单规格','https://tangzhe123-com.oss-cn-shenzhen.aliyuncs.com/public/765a18a017acf0b5c012ce765696be6f.png',5,30,50,1657117797,1657117797),(190,'新产品','http://tangzhe123-com.oss-cn-shenzhen.aliyuncs.com/public/61c773d716296.png',5,50,50,1657117797,1657117797),(205,'ceshi','http://tangzhe123-com.oss-cn-shenzhen.aliyuncs.com/public/62af04afda448.jpg',372,84,50,1657529653,1657529653),(206,'衣服','http://tangzhe123-com.oss-cn-shenzhen.aliyuncs.com/public/62ad227c70572.jpg',372,85,50,1657529653,1657529653),(211,'skucard','http://tangzhe123-com.oss-cn-shenzhen.aliyuncs.com/public/62af04afde812.jpg',372,94,50,1657529653,1657529653),(217,'新手机','http://tangzhe123-com.oss-cn-shenzhen.aliyuncs.com/public/62ad227c722af.jpg',372,51,50,1657549925,1657549925),(221,'ceshi','http://tangzhe123-com.oss-cn-shenzhen.aliyuncs.com/public/60bf2abe4605b.jpg',4,48,50,1657706747,1657706747),(222,'哈哈哈哈啊11','http://tangzhe123-com.oss-cn-shenzhen.aliyuncs.com/public/61c773d716296.png',4,49,50,1657706747,1657706747),(252,'ceshi','http://tangzhe123-com.oss-cn-shenzhen.aliyuncs.com/public/60bf2abe4605b.jpg',4,48,50,1658222156,1658222156),(264,'积云教育骗局','',372,114,50,1658276987,1658276987),(300,'新建商品','http://tangzhe123-com.oss-cn-shenzhen.aliyuncs.com/public/60bf2fe6e9e53.jpg',3,32,50,1658564880,1658564880),(305,'新建商品','http://tangzhe123-com.oss-cn-shenzhen.aliyuncs.com/public/60029fca47cda.jpg',3,39,50,1658735366,1658735366),(306,'ceshi','http://tangzhe123-com.oss-cn-shenzhen.aliyuncs.com/public/60bf2abe4605b.jpg',3,48,50,1658735366,1658735366),(307,'你还啊',NULL,372,175,50,1658929024,1658929024),(308,'ceshi','http://tangzhe123-com.oss-cn-shenzhen.aliyuncs.com/public/60bf2abe4605b.jpg',5,48,50,1658936258,1658936258),(309,'你还啊',NULL,5,175,50,1658936258,1658936258);
/*!40000 ALTER TABLE `app_category_item` ENABLE KEYS */;
UNLOCK TABLES;

--
-- Table structure for table `app_index_category`
--

DROP TABLE IF EXISTS `app_index_category`;
/*!40101 SET @saved_cs_client     = @@character_set_client */;
/*!40101 SET character_set_client = utf8 */;
CREATE TABLE `app_index_category` (
  `id` int(11) NOT NULL AUTO_INCREMENT,
  `name` varchar(8) DEFAULT NULL,
  `order` int(11) DEFAULT '50',
  `template` varchar(50) DEFAULT NULL,
  PRIMARY KEY (`id`)
) ENGINE=InnoDB AUTO_INCREMENT=8 DEFAULT CHARSET=utf8;
/*!40101 SET character_set_client = @saved_cs_client */;

--
-- Dumping data for table `app_index_category`
--

LOCK TABLES `app_index_category` WRITE;
/*!40000 ALTER TABLE `app_index_category` DISABLE KEYS */;
INSERT INTO `app_index_category` VALUES (1,'推荐',50,'index'),(2,'手机',50,'special'),(3,'智能',50,'special'),(4,'电视',50,'special'),(5,'笔记本',50,'special'),(6,'家电',50,'special'),(7,'生活周边',50,'special');
/*!40000 ALTER TABLE `app_index_category` ENABLE KEYS */;
UNLOCK TABLES;

--
-- Table structure for table `app_index_data`
--

DROP TABLE IF EXISTS `app_index_data`;
/*!40101 SET @saved_cs_client     = @@character_set_client */;
/*!40101 SET character_set_client = utf8 */;
CREATE TABLE `app_index_data` (
  `id` int(11) NOT NULL AUTO_INCREMENT,
  `type` varchar(50) DEFAULT NULL,
  `data` text,
  `order` int(11) DEFAULT '50',
  `app_index_category_id` int(11) DEFAULT NULL,
  PRIMARY KEY (`id`),
  KEY `app_index_category_id` (`app_index_category_id`),
  CONSTRAINT `app_index_data_ibfk_1` FOREIGN KEY (`app_index_category_id`) REFERENCES `app_index_category` (`id`) ON DELETE CASCADE ON UPDATE NO ACTION
) ENGINE=InnoDB AUTO_INCREMENT=12 DEFAULT CHARSET=utf8;
/*!40101 SET character_set_client = @saved_cs_client */;

--
-- Dumping data for table `app_index_data`
--

LOCK TABLES `app_index_data` WRITE;
/*!40000 ALTER TABLE `app_index_data` DISABLE KEYS */;
INSERT INTO `app_index_data` VALUES (1,'swiper','{\"0\":{\"src\":\"http://tangzhe123-com.oss-cn-shenzhen.aliyuncs.com/public/60bf2abe4605b.jpg\"},\"1\":{\"src\":\"https://tangzhe123-com.oss-cn-shenzhen.aliyuncs.com/public/5d8833ed94392.png\"},\"2\":{\"src\":\"http://tangzhe123-com.oss-cn-shenzhen.aliyuncs.com/public/60bf2fe6e9e53.jpg\"}}',1,1),(2,'indexnavs','[{\"src\":\"https://tangzhe123-com.oss-cn-shenzhen.aliyuncs.com/public/1.png\",\"text\":\"新品发布\"},{\"src\":\"https://tangzhe123-com.oss-cn-shenzhen.aliyuncs.com/public/2.png\",\"text\":\"商城众筹\"},{\"src\":\"https://tangzhe123-com.oss-cn-shenzhen.aliyuncs.com/public/3.png\",\"text\":\"以旧换新\"},{\"src\":\"https://tangzhe123-com.oss-cn-shenzhen.aliyuncs.com/public/4.png\",\"text\":\"一分换团\"},{\"src\":\"https://tangzhe123-com.oss-cn-shenzhen.aliyuncs.com/public/5.png\",\"text\":\"超值特卖\"},{\"src\":\"https://tangzhe123-com.oss-cn-shenzhen.aliyuncs.com/public/6.png\",\"text\":\"商城秒杀\"},{\"src\":\"https://tangzhe123-com.oss-cn-shenzhen.aliyuncs.com/public/7.png\",\"text\":\"真心想要\"},{\"src\":\"https://tangzhe123-com.oss-cn-shenzhen.aliyuncs.com/public/8.png\",\"text\":\"电视热卖\"},{\"src\":\"https://tangzhe123-com.oss-cn-shenzhen.aliyuncs.com/public/9.png\",\"text\":\"家电热卖\"},{\"src\":\"https://tangzhe123-com.oss-cn-shenzhen.aliyuncs.com/public/10.png\",\"text\":\"其他选项\"}]',2,1),(3,'threeAdv','[{\"src\":\"https://tangzhe123-com.oss-cn-shenzhen.aliyuncs.com/public/xtY27f4m4xMWPSnMz5ZW.jpg\"},{\"src\":\"https://tangzhe123-com.oss-cn-shenzhen.aliyuncs.com/public/20191026003054.png\"},{\"src\":\"https://tangzhe123-com.oss-cn-shenzhen.aliyuncs.com/public/20191026003112.png\"}]',3,1),(4,'oneAdv','{\"title\":\"每日精选\",\"cover\":\"http://tangzhe123-com.oss-cn-shenzhen.aliyuncs.com/public/60029fca47cda.jpg\"}',4,1),(5,'list','{\"0\":{\"cover\":\"http://tangzhe123-com.oss-cn-shenzhen.aliyuncs.com/public/60bf2abe4605b.jpg\",\"desc\":\"新建商品\",\"id\":40,\"oprice\":\"30.00\",\"pprice\":\"0.06\",\"title\":\"新建商品\"},\"1\":{\"cover\":\"http://tangzhe123-com.oss-cn-shenzhen.aliyuncs.com/public/60bf2a5d961f4.jpg\",\"desc\":\"完美的人物\",\"id\":38,\"oprice\":\"150.00\",\"pprice\":\"100.00\",\"title\":\"嘎嘎嘎\"},\"2\":{\"cover\":\"http://tangzhe123-com.oss-cn-shenzhen.aliyuncs.com/public/60bf2fe6e9e53.jpg\",\"desc\":\"新建商品\",\"id\":32,\"oprice\":\"0.00\",\"pprice\":\"0.06\",\"title\":\"新建商品\"},\"3\":{\"cover\":\"https://tangzhe123-com.oss-cn-shenzhen.aliyuncs.com/public/765a18a017acf0b5c012ce765696be6f.png\",\"desc\":\"全新十代酷睿处理器 / MX250独显 / 14寸超窄边框高清屏 / 小米手环极速解锁 / 炫酷多彩任你挑选\",\"id\":30,\"oprice\":\"30.00\",\"pprice\":\"0.06\",\"title\":\"小米-商品4单规格\"},\"4\":{\"cover\":\"https://tangzhe123-com.oss-cn-shenzhen.aliyuncs.com/public/765a18a017acf0b5c012ce765696be6f.png\",\"desc\":\"全新十代酷睿处理器 / MX250独显 / 14寸超窄边框高清屏 / 小米手环极速解锁 / 炫酷多彩任你挑选\",\"id\":29,\"oprice\":\"30.00\",\"pprice\":\"0.05\",\"title\":\"小米-商品3\"},\"5\":{\"cover\":\"https://tangzhe123-com.oss-cn-shenzhen.aliyuncs.com/public/575977783cdaf86f36c41df05bd9885b.png\",\"desc\":\"全新十代酷睿处理器 / MX250独显 / 14寸超窄边框高清屏 / 小米手环极速解锁 / 炫酷多彩任你挑选\",\"id\":28,\"oprice\":\"30.00\",\"pprice\":\"0.05\",\"title\":\"小米-商品2\"},\"6\":{\"cover\":\"https://tangzhe123-com.oss-cn-shenzhen.aliyuncs.com/public/eb5a2d258905e0a6096af057946b0bf0.png\",\"desc\":\"全新十代酷睿处理器 / MX250独显 / 14寸超窄边框高清屏 / 小米手环极速解锁 / 炫酷多彩任你挑选\",\"id\":27,\"oprice\":\"30.00\",\"pprice\":\"0.03\",\"title\":\"小米-商品1\"},\"7\":{\"cover\":\"https://yanxuan-item.nosdn.127.net/4c536c4ea486f8d5c8a172bfaaf5b680.png\",\"desc\":\"天鹅绒面，丝绒时髦高级感\",\"id\":26,\"oprice\":\"30.00\",\"pprice\":\"0.02\",\"title\":\"小米-天鹅绒柔暖四件套\"}}',5,1),(6,'swiper','[{\"src\":\"https://tangzhe123-com.oss-cn-shenzhen.aliyuncs.com/public/5d8833ed4ef66.jpg\"},{\"src\":\"https://tangzhe123-com.oss-cn-shenzhen.aliyuncs.com/public/5d8833ed94392.png\"},{\"src\":\"https://tangzhe123-com.oss-cn-shenzhen.aliyuncs.com/public/5d8833ed94392.jpg\"}]',50,2),(7,'indexnavs','[{\"src\":\"https://tangzhe123-com.oss-cn-shenzhen.aliyuncs.com/public/1.png\",\"text\":\"新品发布\"},{\"src\":\"https://tangzhe123-com.oss-cn-shenzhen.aliyuncs.com/public/2.png\",\"text\":\"商城众筹\"},{\"src\":\"https://tangzhe123-com.oss-cn-shenzhen.aliyuncs.com/public/3.png\",\"text\":\"以旧换新\"},{\"src\":\"https://tangzhe123-com.oss-cn-shenzhen.aliyuncs.com/public/4.png\",\"text\":\"一分换团\"},{\"src\":\"https://tangzhe123-com.oss-cn-shenzhen.aliyuncs.com/public/5.png\",\"text\":\"超值特卖\"}]',50,2),(8,'list','[{\"id\":25,\"cover\":\"https://tangzhe123-com.oss-cn-shenzhen.aliyuncs.com/public/5984928facd569ef906becba3469810b.png\",\"title\":\"帝莎学院空调\",\"desc\":\"全新十代酷睿处理器 / MX250独显 / 14寸超窄边框高清屏 / 手环极速解锁 / 炫酷多彩任你挑选\",\"oprice\":2699,\"pprice\":1399},{\"id\":25,\"cover\":\"https://tangzhe123-com.oss-cn-shenzhen.aliyuncs.com/public/8a3b42e4956d8d00e40ddd4a7c470452.png\",\"title\":\"帝莎学院空调\",\"desc\":\"全新十代酷睿处理器 / MX250独显 / 14寸超窄边框高清屏 / 手环极速解锁 / 炫酷多彩任你挑选\",\"oprice\":2699,\"pprice\":1399},{\"id\":25,\"cover\":\"https://tangzhe123-com.oss-cn-shenzhen.aliyuncs.com/public/765a18a017acf0b5c012ce765696be6f.png\",\"title\":\"帝莎学院空调\",\"desc\":\"全新十代酷睿处理器 / MX250独显 / 14寸超窄边框高清屏 / 手环极速解锁 / 炫酷多彩任你挑选\",\"oprice\":2699,\"pprice\":1399},{\"id\":25,\"cover\":\"https://tangzhe123-com.oss-cn-shenzhen.aliyuncs.com/public/575977783cdaf86f36c41df05bd9885b.png\",\"title\":\"帝莎学院空调\",\"desc\":\"全新十代酷睿处理器 / MX250独显 / 14寸超窄边框高清屏 / 手环极速解锁 / 炫酷多彩任你挑选\",\"oprice\":2699,\"pprice\":1399},{\"id\":25,\"cover\":\"https://tangzhe123-com.oss-cn-shenzhen.aliyuncs.com/public/eb5a2d258905e0a6096af057946b0bf0.png\",\"title\":\"帝莎学院空调\",\"desc\":\"全新十代酷睿处理器 / MX250独显 / 14寸超窄边框高清屏 / 手环极速解锁 / 炫酷多彩任你挑选\",\"oprice\":2699,\"pprice\":1399},{\"id\":25,\"cover\":\"https://tangzhe123-com.oss-cn-shenzhen.aliyuncs.com/public/e5cbf06f9e4c1387e81746b6bc2e3fbb.png\",\"title\":\"帝莎学院空调\",\"desc\":\"全新十代酷睿处理器 / MX250独显 / 14寸超窄边框高清屏 / 手环极速解锁 / 炫酷多彩任你挑选\",\"oprice\":2699,\"pprice\":1399}]',50,2),(9,'swiper','{\"0\":{\"src\":\"http://tangzhe123-com.oss-cn-shenzhen.aliyuncs.com/public/60bf2abe4605b.jpg\",\"id\":\"\"},\"1\":{\"src\":\"http://tangzhe123-com.oss-cn-shenzhen.aliyuncs.com/public/60bf2fe6e9e53.jpg\",\"id\":\"\"}}',50,1),(10,'list','{\"0\":{\"cover\":\"https://tangzhe123-com.oss-cn-shenzhen.aliyuncs.com/public/5984928facd569ef906becba3469810b.png\",\"desc\":\"酒店格调，简约品味/双雕方空，繁艺简呈/新疆纯棉，百支醇密\",\"id\":25,\"oprice\":\"30.00\",\"pprice\":\"0.01\",\"title\":\"小米-百支酒店风抱枕套\"},\"1\":{\"cover\":\"https://yanxuan-item.nosdn.127.net/4c536c4ea486f8d5c8a172bfaaf5b680.png\",\"desc\":\"天鹅绒面，丝绒时髦高级感\",\"id\":26,\"oprice\":\"30.00\",\"pprice\":\"0.02\",\"title\":\"小米-天鹅绒柔暖四件套\"},\"2\":{\"cover\":\"https://tangzhe123-com.oss-cn-shenzhen.aliyuncs.com/public/eb5a2d258905e0a6096af057946b0bf0.png\",\"desc\":\"全新十代酷睿处理器 / MX250独显 / 14寸超窄边框高清屏 / 小米手环极速解锁 / 炫酷多彩任你挑选\",\"id\":27,\"oprice\":\"30.00\",\"pprice\":\"0.03\",\"title\":\"小米-商品1\"},\"3\":{\"cover\":\"https://tangzhe123-com.oss-cn-shenzhen.aliyuncs.com/public/575977783cdaf86f36c41df05bd9885b.png\",\"desc\":\"全新十代酷睿处理器 / MX250独显 / 14寸超窄边框高清屏 / 小米手环极速解锁 / 炫酷多彩任你挑选\",\"id\":28,\"oprice\":\"30.00\",\"pprice\":\"0.05\",\"title\":\"小米-商品2\"},\"4\":{\"cover\":\"https://tangzhe123-com.oss-cn-shenzhen.aliyuncs.com/public/765a18a017acf0b5c012ce765696be6f.png\",\"desc\":\"全新十代酷睿处理器 / MX250独显 / 14寸超窄边框高清屏 / 小米手环极速解锁 / 炫酷多彩任你挑选\",\"id\":29,\"oprice\":\"30.00\",\"pprice\":\"0.05\",\"title\":\"小米-商品3\"},\"5\":{\"cover\":\"https://tangzhe123-com.oss-cn-shenzhen.aliyuncs.com/public/765a18a017acf0b5c012ce765696be6f.png\",\"desc\":\"全新十代酷睿处理器 / MX250独显 / 14寸超窄边框高清屏 / 小米手环极速解锁 / 炫酷多彩任你挑选\",\"id\":30,\"oprice\":\"30.00\",\"pprice\":\"0.06\",\"title\":\"小米-商品4单规格\"},\"6\":{\"cover\":\"http://tangzhe123-com.oss-cn-shenzhen.aliyuncs.com/public/60bf2fe6e9e53.jpg\",\"desc\":\"新建商品\",\"id\":32,\"oprice\":\"0.00\",\"pprice\":\"0.06\",\"title\":\"新建商品\"},\"7\":{\"cover\":\"http://tangzhe123-com.oss-cn-shenzhen.aliyuncs.com/public/60bf2a5d961f4.jpg\",\"desc\":\"完美的人物\",\"id\":38,\"oprice\":\"150.00\",\"pprice\":\"100.00\",\"title\":\"嘎嘎嘎\"}}',50,1),(11,'threeAdv','{\"0\":{\"src\":\"http://tangzhe123-com.oss-cn-shenzhen.aliyuncs.com/public/60bf2a510e681.jpg\",\"id\":\"\"},\"1\":{\"src\":\"http://tangzhe123-com.oss-cn-shenzhen.aliyuncs.com/public/60bf2a5d961f4.jpg\",\"id\":\"\"},\"2\":{\"src\":\"http://tangzhe123-com.oss-cn-shenzhen.aliyuncs.com/public/60029fca47cda.jpg\",\"id\":\"\"}}',50,1);
/*!40000 ALTER TABLE `app_index_data` ENABLE KEYS */;
UNLOCK TABLES;

--
-- Table structure for table `cart`
--

DROP TABLE IF EXISTS `cart`;
/*!40101 SET @saved_cs_client     = @@character_set_client */;
/*!40101 SET character_set_client = utf8 */;
CREATE TABLE `cart` (
  `id` int(11) NOT NULL AUTO_INCREMENT,
  `user_id` int(11) DEFAULT NULL,
  `shop_id` int(11) DEFAULT NULL,
  `skus_type` tinyint(1) DEFAULT '1' COMMENT '规格类型 0单规格 1多规格',
  `num` int(11) DEFAULT NULL COMMENT '数量',
  PRIMARY KEY (`id`),
  KEY `user_id` (`user_id`),
  CONSTRAINT `cart_ibfk_1` FOREIGN KEY (`user_id`) REFERENCES `user` (`id`) ON DELETE CASCADE ON UPDATE NO ACTION
) ENGINE=InnoDB AUTO_INCREMENT=1080 DEFAULT CHARSET=utf8;
/*!40101 SET character_set_client = @saved_cs_client */;

--
-- Dumping data for table `cart`
--

LOCK TABLES `cart` WRITE;
/*!40000 ALTER TABLE `cart` DISABLE KEYS */;
INSERT INTO `cart` VALUES (601,30,70,1,1),(602,30,71,1,1),(781,34,70,1,2),(981,40,85,1,2),(982,40,83,1,1),(1077,4,82,1,1),(1078,4,29,0,1),(1079,4,38,0,5);
/*!40000 ALTER TABLE `cart` ENABLE KEYS */;
UNLOCK TABLES;

--
-- Table structure for table `category`
--

DROP TABLE IF EXISTS `category`;
/*!40101 SET @saved_cs_client     = @@character_set_client */;
/*!40101 SET character_set_client = utf8 */;
CREATE TABLE `category` (
  `id` int(11) NOT NULL AUTO_INCREMENT,
  `name` varchar(20) DEFAULT NULL,
  `status` tinyint(1) DEFAULT '1',
  `create_time` int(11) DEFAULT NULL,
  `update_time` int(11) DEFAULT NULL,
  `category_id` int(11) DEFAULT '0' COMMENT '父级分类id',
  `order` int(11) NOT NULL DEFAULT '50' COMMENT '排序',
  PRIMARY KEY (`id`)
) ENGINE=InnoDB AUTO_INCREMENT=619 DEFAULT CHARSET=utf8;
/*!40101 SET character_set_client = @saved_cs_client */;

--
-- Dumping data for table `category`
--

LOCK TABLES `category` WRITE;
/*!40000 ALTER TABLE `category` DISABLE KEYS */;
INSERT INTO `category` VALUES (3,'运动旅行',1,1565974632,1659260551,0,3),(4,'居家生活',1,1565974632,1658678757,0,4),(5,'手机数码',1,1639899943,1659260553,0,0),(372,'智能家电',0,1639899943,1659022675,0,49),(579,'电器家务',0,1658486814,1658677953,0,50),(602,'热特谈',0,1658665296,1658821970,0,50),(611,'123',1,1659160197,1659160197,0,50),(615,'8585',1,1659162408,1659162408,0,50),(616,'9999',1,1659162479,1659162479,0,50),(618,'汤臣一品',1,1659164737,1659164823,0,50);
/*!40000 ALTER TABLE `category` ENABLE KEYS */;
UNLOCK TABLES;

--
-- Table structure for table `coupon`
--

DROP TABLE IF EXISTS `coupon`;
/*!40101 SET @saved_cs_client     = @@character_set_client */;
/*!40101 SET character_set_client = utf8 */;
CREATE TABLE `coupon` (
  `id` int(11) NOT NULL AUTO_INCREMENT,
  `name` varchar(50) DEFAULT NULL COMMENT '优惠券名称',
  `type` tinyint(4) DEFAULT '0' COMMENT '类型：固定金额/百分比折扣   	0固定金额 1百分比',
  `value` decimal(10,2) DEFAULT '0.00' COMMENT '折扣值，根据不同类型含义不同',
  `total` int(11) DEFAULT '0' COMMENT '总数',
  `used` int(255) DEFAULT '0' COMMENT '已使用',
  `min_price` decimal(10,2) DEFAULT '0.00' COMMENT '最低价格',
  `start_time` int(11) DEFAULT NULL COMMENT '开始时间',
  `end_time` int(11) DEFAULT NULL COMMENT '结束时间',
  `status` tinyint(255) DEFAULT '1' COMMENT '优惠券是否生效 0不生效 1生效',
  `create_time` int(11) DEFAULT NULL,
  `update_time` int(11) DEFAULT NULL,
  `order` int(11) DEFAULT '50' COMMENT '排序',
  `desc` varchar(255) NOT NULL DEFAULT '' COMMENT '备注',
  PRIMARY KEY (`id`)
) ENGINE=InnoDB AUTO_INCREMENT=102 DEFAULT CHARSET=utf8;
/*!40101 SET character_set_client = @saved_cs_client */;

--
-- Dumping data for table `coupon`
--

LOCK TABLES `coupon` WRITE;
/*!40000 ALTER TABLE `coupon` DISABLE KEYS */;
INSERT INTO `coupon` VALUES (2,'7折优惠券',1,7.00,100,6,100.00,1568478825,1679745662,1,1568480956,1629703942,50,'折扣'),(3,'满100减20',0,20.00,100,4,100.00,1568478825,1679745662,1,1568635587,1639763938,50,'满减'),(4,'满0.04减0.02',0,0.02,100,1,0.04,1568478825,1578745662,1,1568635587,1576311760,50,'满减'),(5,'满0.05打5折',1,5.00,100,1,0.05,1568478825,1578745662,1,1568635587,1576313295,50,'折扣'),(6,'满100减20元',0,20.00,100,2,100.00,1623513600,1627660800,1,1623554874,1639762376,50,''),(7,'满100打五折',1,5.00,100,0,100.00,1687881600,1690560000,0,1623555911,1623557454,50,''),(10,'满1000减100',0,10.00,100,0,1000.00,1639763460,1642348800,1,1639763395,1639763422,50,''),(97,'满50减20',0,20.00,100,0,50.00,1659283200,1661875200,1,1658926150,1658926150,1000,'满50减20'),(99,'满99减9',0,9.00,100,0,99.00,1658937600,1661875200,0,1658926686,1658970318,500,'');
/*!40000 ALTER TABLE `coupon` ENABLE KEYS */;
UNLOCK TABLES;

--
-- Table structure for table `coupon_user`
--

DROP TABLE IF EXISTS `coupon_user`;
/*!40101 SET @saved_cs_client     = @@character_set_client */;
/*!40101 SET character_set_client = utf8 */;
CREATE TABLE `coupon_user` (
  `id` int(11) NOT NULL AUTO_INCREMENT,
  `coupon_id` int(11) DEFAULT NULL,
  `user_id` int(11) DEFAULT NULL,
  `create_time` int(11) DEFAULT NULL,
  `update_time` int(11) DEFAULT NULL,
  `used` tinyint(4) DEFAULT '0' COMMENT '是否已使用 0未使用 1已使用',
  PRIMARY KEY (`id`),
  KEY `coupon_id` (`coupon_id`),
  KEY `user_id` (`user_id`),
  CONSTRAINT `coupon_user_ibfk_1` FOREIGN KEY (`coupon_id`) REFERENCES `coupon` (`id`) ON DELETE CASCADE ON UPDATE NO ACTION,
  CONSTRAINT `coupon_user_ibfk_2` FOREIGN KEY (`user_id`) REFERENCES `user` (`id`) ON DELETE CASCADE ON UPDATE NO ACTION
) ENGINE=InnoDB AUTO_INCREMENT=19 DEFAULT CHARSET=utf8;
/*!40101 SET character_set_client = @saved_cs_client */;

--
-- Dumping data for table `coupon_user`
--

LOCK TABLES `coupon_user` WRITE;
/*!40000 ALTER TABLE `coupon_user` DISABLE KEYS */;
INSERT INTO `coupon_user` VALUES (7,3,3,1575467074,1575795766,0),(8,2,3,1575898570,1575898570,0),(9,4,3,1576311760,1577266672,1),(10,5,3,1576313295,1577181641,1),(11,6,30,1623566073,1623566073,0),(12,2,30,1623566153,1623566153,0),(13,6,4,1623576295,1623576295,0),(15,3,4,1623908410,1629976660,1),(16,2,4,1625562123,1626858044,1),(17,3,34,1629703940,1629703940,0),(18,2,34,1629703942,1629703942,0);
/*!40000 ALTER TABLE `coupon_user` ENABLE KEYS */;
UNLOCK TABLES;

--
-- Table structure for table `demo_copy`
--

DROP TABLE IF EXISTS `demo_copy`;
/*!40101 SET @saved_cs_client     = @@character_set_client */;
/*!40101 SET character_set_client = utf8 */;
CREATE TABLE `demo_copy` (
  `id` int(11) NOT NULL AUTO_INCREMENT,
  PRIMARY KEY (`id`)
) ENGINE=InnoDB DEFAULT CHARSET=utf8;
/*!40101 SET character_set_client = @saved_cs_client */;

--
-- Dumping data for table `demo_copy`
--

LOCK TABLES `demo_copy` WRITE;
/*!40000 ALTER TABLE `demo_copy` DISABLE KEYS */;
/*!40000 ALTER TABLE `demo_copy` ENABLE KEYS */;
UNLOCK TABLES;

--
-- Table structure for table `distribution_setting`
--

DROP TABLE IF EXISTS `distribution_setting`;
/*!40101 SET @saved_cs_client     = @@character_set_client */;
/*!40101 SET character_set_client = utf8 */;
CREATE TABLE `distribution_setting` (
  `id` int(11) NOT NULL AUTO_INCREMENT,
  `distribution_open` tinyint(1) NOT NULL DEFAULT '1' COMMENT '分销启用:0禁用1启用',
  `store_first_rebate` int(3) NOT NULL COMMENT '一级返佣比例',
  `store_second_rebate` int(3) NOT NULL COMMENT '二级返佣比例',
  `spread_banners` text NOT NULL COMMENT '分销海报图',
  `is_self_brokerage` tinyint(1) NOT NULL DEFAULT '0' COMMENT '自购返佣:0否1是',
  `settlement_days` int(5) NOT NULL COMMENT '结算时间（单位：天）',
  `brokerage_method` varchar(10) NOT NULL DEFAULT 'hand' COMMENT '佣金到账方式:hand手动,wx微信',
  PRIMARY KEY (`id`)
) ENGINE=InnoDB AUTO_INCREMENT=2 DEFAULT CHARSET=utf8mb4 COMMENT='分销设置';
/*!40101 SET character_set_client = @saved_cs_client */;

--
-- Dumping data for table `distribution_setting`
--

LOCK TABLES `distribution_setting` WRITE;
/*!40000 ALTER TABLE `distribution_setting` DISABLE KEYS */;
INSERT INTO `distribution_setting` VALUES (1,1,10,10,'http://tangzhe123-com.oss-cn-shenzhen.aliyuncs.com/public/62710076cd93e.png',0,7,'hand');
/*!40000 ALTER TABLE `distribution_setting` ENABLE KEYS */;
UNLOCK TABLES;

--
-- Table structure for table `express`
--

DROP TABLE IF EXISTS `express`;
/*!40101 SET @saved_cs_client     = @@character_set_client */;
/*!40101 SET character_set_client = utf8 */;
CREATE TABLE `express` (
  `id` int(11) NOT NULL AUTO_INCREMENT,
  `name` varchar(100) DEFAULT NULL COMMENT '运费模板名称',
  `type` tinyint(1) DEFAULT '0' COMMENT '计费方式(0按件数 1按重量)',
  `order` int(11) DEFAULT NULL,
  PRIMARY KEY (`id`)
) ENGINE=InnoDB AUTO_INCREMENT=6 DEFAULT CHARSET=utf8;
/*!40101 SET character_set_client = @saved_cs_client */;

--
-- Dumping data for table `express`
--

LOCK TABLES `express` WRITE;
/*!40000 ALTER TABLE `express` DISABLE KEYS */;
INSERT INTO `express` VALUES (1,'全国包邮',0,50),(2,'测试模板123',0,50),(3,'牛哥快速',0,50),(4,'4',1,40),(5,'fsdfasd',0,50);
/*!40000 ALTER TABLE `express` ENABLE KEYS */;
UNLOCK TABLES;

--
-- Table structure for table `express_company`
--

DROP TABLE IF EXISTS `express_company`;
/*!40101 SET @saved_cs_client     = @@character_set_client */;
/*!40101 SET character_set_client = utf8 */;
CREATE TABLE `express_company` (
  `id` int(11) NOT NULL AUTO_INCREMENT,
  `name` varchar(255) DEFAULT NULL,
  `code` varchar(30) DEFAULT NULL COMMENT '物流公司代码 (快递100)',
  `order` int(11) DEFAULT '50' COMMENT '排序',
  `create_time` int(11) DEFAULT NULL,
  `update_time` int(11) DEFAULT NULL,
  PRIMARY KEY (`id`)
) ENGINE=InnoDB AUTO_INCREMENT=10 DEFAULT CHARSET=utf8;
/*!40101 SET character_set_client = @saved_cs_client */;

--
-- Dumping data for table `express_company`
--

LOCK TABLES `express_company` WRITE;
/*!40000 ALTER TABLE `express_company` DISABLE KEYS */;
INSERT INTO `express_company` VALUES (1,'顺丰速运','shunfeng',50,1535160797,1535160797),(2,'邮政国内','yzguonei',50,1535942653,1535942653),(3,'圆通速递','yuantong',50,1535942675,1535942675),(4,'申通快递','shentong',50,1535942694,1535942694),(5,'韵达快递','yunda',50,1535942711,1535942711),(6,'百世快递','huitongkuaidi',50,1535942743,1535942743),(7,'中通快递','zhongtong',50,1535942764,1535942764),(8,'天天快递','tiantian',50,1535942783,1535942783),(9,'宅急送','zhaijisong',50,1535942798,1535942798);
/*!40000 ALTER TABLE `express_company` ENABLE KEYS */;
UNLOCK TABLES;

--
-- Table structure for table `express_value`
--

DROP TABLE IF EXISTS `express_value`;
/*!40101 SET @saved_cs_client     = @@character_set_client */;
/*!40101 SET character_set_client = utf8 */;
CREATE TABLE `express_value` (
  `id` int(11) NOT NULL AUTO_INCREMENT,
  `express_id` int(11) DEFAULT '0' COMMENT '配送模板id',
  `region` mediumtext COMMENT '可配送区域',
  `first` double DEFAULT '0' COMMENT '首件(个)/首重(Kg)',
  `first_price` decimal(10,2) DEFAULT '0.00' COMMENT '运费(元)',
  `add` double DEFAULT '0' COMMENT '续件/续重',
  `add_price` decimal(10,2) DEFAULT '0.00' COMMENT '续费(元)',
  `create_time` int(11) DEFAULT NULL,
  `update_time` int(11) DEFAULT NULL,
  PRIMARY KEY (`id`)
) ENGINE=InnoDB AUTO_INCREMENT=24 DEFAULT CHARSET=utf8;
/*!40101 SET character_set_client = @saved_cs_client */;

--
-- Dumping data for table `express_value`
--

LOCK TABLES `express_value` WRITE;
/*!40000 ALTER TABLE `express_value` DISABLE KEYS */;
INSERT INTO `express_value` VALUES (1,1,'[[\"\\u5317\\u4eac\\u5e02\",\"\\u5317\\u4eac\\u5e02\",\"\\u4e1c\\u57ce\\u533a\"],[\"\\u5317\\u4eac\\u5e02\",\"\\u5317\\u4eac\\u5e02\",\"\\u897f\\u57ce\\u533a\"],[\"\\u5317\\u4eac\\u5e02\",\"\\u5317\\u4eac\\u5e02\",\"\\u5d07\\u6587\\u533a\"],[\"\\u5317\\u4eac\\u5e02\",\"\\u5317\\u4eac\\u5e02\",\"\\u5ba3\\u6b66\\u533a\"],[\"\\u5317\\u4eac\\u5e02\",\"\\u5317\\u4eac\\u5e02\",\"\\u671d\\u9633\\u533a\"],[\"\\u5317\\u4eac\\u5e02\",\"\\u5317\\u4eac\\u5e02\",\"\\u4e30\\u53f0\\u533a\"],[\"\\u5317\\u4eac\\u5e02\",\"\\u5317\\u4eac\\u5e02\",\"\\u77f3\\u666f\\u5c71\\u533a\"],[\"\\u5317\\u4eac\\u5e02\",\"\\u5317\\u4eac\\u5e02\",\"\\u6d77\\u6dc0\\u533a\"],[\"\\u5317\\u4eac\\u5e02\",\"\\u5317\\u4eac\\u5e02\",\"\\u95e8\\u5934\\u6c9f\\u533a\"],[\"\\u5317\\u4eac\\u5e02\",\"\\u5317\\u4eac\\u5e02\",\"\\u623f\\u5c71\\u533a\"],[\"\\u5317\\u4eac\\u5e02\",\"\\u5317\\u4eac\\u5e02\",\"\\u901a\\u5dde\\u533a\"],[\"\\u5317\\u4eac\\u5e02\",\"\\u5317\\u4eac\\u5e02\",\"\\u987a\\u4e49\\u533a\"],[\"\\u5317\\u4eac\\u5e02\",\"\\u5317\\u4eac\\u5e02\",\"\\u660c\\u5e73\\u533a\"],[\"\\u5317\\u4eac\\u5e02\",\"\\u5317\\u4eac\\u5e02\",\"\\u5927\\u5174\\u533a\"],[\"\\u5317\\u4eac\\u5e02\",\"\\u5317\\u4eac\\u5e02\",\"\\u6000\\u67d4\\u533a\"],[\"\\u5317\\u4eac\\u5e02\",\"\\u5317\\u4eac\\u5e02\",\"\\u5e73\\u8c37\\u533a\"],[\"\\u5317\\u4eac\\u5e02\",\"\\u5317\\u4eac\\u5e02\",\"\\u5bc6\\u4e91\\u53bf\"],[\"\\u5317\\u4eac\\u5e02\",\"\\u5317\\u4eac\\u5e02\",\"\\u5ef6\\u5e86\\u53bf\"],[\"\\u5929\\u6d25\\u5e02\",\"\\u5929\\u6d25\\u5e02\",\"\\u548c\\u5e73\\u533a\"],[\"\\u5929\\u6d25\\u5e02\",\"\\u5929\\u6d25\\u5e02\",\"\\u6cb3\\u4e1c\\u533a\"],[\"\\u5929\\u6d25\\u5e02\",\"\\u5929\\u6d25\\u5e02\",\"\\u6cb3\\u897f\\u533a\"],[\"\\u5929\\u6d25\\u5e02\",\"\\u5929\\u6d25\\u5e02\",\"\\u5357\\u5f00\\u533a\"],[\"\\u5929\\u6d25\\u5e02\",\"\\u5929\\u6d25\\u5e02\",\"\\u6cb3\\u5317\\u533a\"],[\"\\u5929\\u6d25\\u5e02\",\"\\u5929\\u6d25\\u5e02\",\"\\u7ea2\\u6865\\u533a\"],[\"\\u5929\\u6d25\\u5e02\",\"\\u5929\\u6d25\\u5e02\",\"\\u5858\\u6cbd\\u533a\"],[\"\\u5929\\u6d25\\u5e02\",\"\\u5929\\u6d25\\u5e02\",\"\\u6c49\\u6cbd\\u533a\"],[\"\\u5929\\u6d25\\u5e02\",\"\\u5929\\u6d25\\u5e02\",\"\\u5927\\u6e2f\\u533a\"],[\"\\u5929\\u6d25\\u5e02\",\"\\u5929\\u6d25\\u5e02\",\"\\u4e1c\\u4e3d\\u533a\"],[\"\\u5929\\u6d25\\u5e02\",\"\\u5929\\u6d25\\u5e02\",\"\\u897f\\u9752\\u533a\"],[\"\\u5929\\u6d25\\u5e02\",\"\\u5929\\u6d25\\u5e02\",\"\\u6d25\\u5357\\u533a\"],[\"\\u5929\\u6d25\\u5e02\",\"\\u5929\\u6d25\\u5e02\",\"\\u5317\\u8fb0\\u533a\"],[\"\\u5929\\u6d25\\u5e02\",\"\\u5929\\u6d25\\u5e02\",\"\\u6b66\\u6e05\\u533a\"],[\"\\u5929\\u6d25\\u5e02\",\"\\u5929\\u6d25\\u5e02\",\"\\u5b9d\\u577b\\u533a\"],[\"\\u5929\\u6d25\\u5e02\",\"\\u5929\\u6d25\\u5e02\",\"\\u5b81\\u6cb3\\u53bf\"],[\"\\u5929\\u6d25\\u5e02\",\"\\u5929\\u6d25\\u5e02\",\"\\u9759\\u6d77\\u53bf\"],[\"\\u5929\\u6d25\\u5e02\",\"\\u5929\\u6d25\\u5e02\",\"\\u84df\\u53bf\"],[\"\\u6cb3\\u5317\\u7701\",\"\\u77f3\\u5bb6\\u5e84\\u5e02\",\"\\u957f\\u5b89\\u533a\"],[\"\\u6cb3\\u5317\\u7701\",\"\\u77f3\\u5bb6\\u5e84\\u5e02\",\"\\u6865\\u4e1c\\u533a\"],[\"\\u6cb3\\u5317\\u7701\",\"\\u77f3\\u5bb6\\u5e84\\u5e02\",\"\\u6865\\u897f\\u533a\"],[\"\\u6cb3\\u5317\\u7701\",\"\\u77f3\\u5bb6\\u5e84\\u5e02\",\"\\u65b0\\u534e\\u533a\"],[\"\\u6cb3\\u5317\\u7701\",\"\\u77f3\\u5bb6\\u5e84\\u5e02\",\"\\u4e95\\u9649\\u77ff\\u533a\"],[\"\\u6cb3\\u5317\\u7701\",\"\\u77f3\\u5bb6\\u5e84\\u5e02\",\"\\u88d5\\u534e\\u533a\"],[\"\\u6cb3\\u5317\\u7701\",\"\\u77f3\\u5bb6\\u5e84\\u5e02\",\"\\u4e95\\u9649\\u53bf\"],[\"\\u6cb3\\u5317\\u7701\",\"\\u77f3\\u5bb6\\u5e84\\u5e02\",\"\\u6b63\\u5b9a\\u53bf\"],[\"\\u6cb3\\u5317\\u7701\",\"\\u77f3\\u5bb6\\u5e84\\u5e02\",\"\\u683e\\u57ce\\u53bf\"],[\"\\u6cb3\\u5317\\u7701\",\"\\u77f3\\u5bb6\\u5e84\\u5e02\",\"\\u884c\\u5510\\u53bf\"],[\"\\u6cb3\\u5317\\u7701\",\"\\u77f3\\u5bb6\\u5e84\\u5e02\",\"\\u7075\\u5bff\\u53bf\"],[\"\\u6cb3\\u5317\\u7701\",\"\\u77f3\\u5bb6\\u5e84\\u5e02\",\"\\u9ad8\\u9091\\u53bf\"],[\"\\u6cb3\\u5317\\u7701\",\"\\u77f3\\u5bb6\\u5e84\\u5e02\",\"\\u6df1\\u6cfd\\u53bf\"],[\"\\u6cb3\\u5317\\u7701\",\"\\u77f3\\u5bb6\\u5e84\\u5e02\",\"\\u8d5e\\u7687\\u53bf\"],[\"\\u6cb3\\u5317\\u7701\",\"\\u77f3\\u5bb6\\u5e84\\u5e02\",\"\\u65e0\\u6781\\u53bf\"],[\"\\u6cb3\\u5317\\u7701\",\"\\u77f3\\u5bb6\\u5e84\\u5e02\",\"\\u5e73\\u5c71\\u53bf\"],[\"\\u6cb3\\u5317\\u7701\",\"\\u77f3\\u5bb6\\u5e84\\u5e02\",\"\\u5143\\u6c0f\\u53bf\"],[\"\\u6cb3\\u5317\\u7701\",\"\\u77f3\\u5bb6\\u5e84\\u5e02\",\"\\u8d75\\u53bf\"],[\"\\u6cb3\\u5317\\u7701\",\"\\u77f3\\u5bb6\\u5e84\\u5e02\",\"\\u8f9b\\u96c6\\u5e02\"],[\"\\u6cb3\\u5317\\u7701\",\"\\u77f3\\u5bb6\\u5e84\\u5e02\",\"\\u85c1\\u57ce\\u5e02\"],[\"\\u6cb3\\u5317\\u7701\",\"\\u77f3\\u5bb6\\u5e84\\u5e02\",\"\\u664b\\u5dde\\u5e02\"],[\"\\u6cb3\\u5317\\u7701\",\"\\u77f3\\u5bb6\\u5e84\\u5e02\",\"\\u65b0\\u4e50\\u5e02\"],[\"\\u6cb3\\u5317\\u7701\",\"\\u77f3\\u5bb6\\u5e84\\u5e02\",\"\\u9e7f\\u6cc9\\u5e02\"],[\"\\u6cb3\\u5317\\u7701\",\"\\u5510\\u5c71\\u5e02\",\"\\u8def\\u5357\\u533a\"],[\"\\u6cb3\\u5317\\u7701\",\"\\u5510\\u5c71\\u5e02\",\"\\u8def\\u5317\\u533a\"],[\"\\u6cb3\\u5317\\u7701\",\"\\u5510\\u5c71\\u5e02\",\"\\u53e4\\u51b6\\u533a\"],[\"\\u6cb3\\u5317\\u7701\",\"\\u5510\\u5c71\\u5e02\",\"\\u5f00\\u5e73\\u533a\"],[\"\\u6cb3\\u5317\\u7701\",\"\\u5510\\u5c71\\u5e02\",\"\\u4e30\\u5357\\u533a\"],[\"\\u6cb3\\u5317\\u7701\",\"\\u5510\\u5c71\\u5e02\",\"\\u4e30\\u6da6\\u533a\"],[\"\\u6cb3\\u5317\\u7701\",\"\\u5510\\u5c71\\u5e02\",\"\\u6ee6\\u53bf\"],[\"\\u6cb3\\u5317\\u7701\",\"\\u5510\\u5c71\\u5e02\",\"\\u6ee6\\u5357\\u53bf\"],[\"\\u6cb3\\u5317\\u7701\",\"\\u5510\\u5c71\\u5e02\",\"\\u4e50\\u4ead\\u53bf\"],[\"\\u6cb3\\u5317\\u7701\",\"\\u5510\\u5c71\\u5e02\",\"\\u8fc1\\u897f\\u53bf\"],[\"\\u6cb3\\u5317\\u7701\",\"\\u5510\\u5c71\\u5e02\",\"\\u7389\\u7530\\u53bf\"],[\"\\u6cb3\\u5317\\u7701\",\"\\u5510\\u5c71\\u5e02\",\"\\u5510\\u6d77\\u53bf\"],[\"\\u6cb3\\u5317\\u7701\",\"\\u5510\\u5c71\\u5e02\",\"\\u9075\\u5316\\u5e02\"],[\"\\u6cb3\\u5317\\u7701\",\"\\u5510\\u5c71\\u5e02\",\"\\u8fc1\\u5b89\\u5e02\"],[\"\\u6cb3\\u5317\\u7701\",\"\\u79e6\\u7687\\u5c9b\\u5e02\",\"\\u6d77\\u6e2f\\u533a\"],[\"\\u6cb3\\u5317\\u7701\",\"\\u79e6\\u7687\\u5c9b\\u5e02\",\"\\u5c71\\u6d77\\u5173\\u533a\"],[\"\\u6cb3\\u5317\\u7701\",\"\\u79e6\\u7687\\u5c9b\\u5e02\",\"\\u5317\\u6234\\u6cb3\\u533a\"],[\"\\u6cb3\\u5317\\u7701\",\"\\u79e6\\u7687\\u5c9b\\u5e02\",\"\\u9752\\u9f99\\u6ee1\\u65cf\\u81ea\\u6cbb\\u53bf\"],[\"\\u6cb3\\u5317\\u7701\",\"\\u79e6\\u7687\\u5c9b\\u5e02\",\"\\u660c\\u9ece\\u53bf\"],[\"\\u6cb3\\u5317\\u7701\",\"\\u79e6\\u7687\\u5c9b\\u5e02\",\"\\u629a\\u5b81\\u53bf\"],[\"\\u6cb3\\u5317\\u7701\",\"\\u79e6\\u7687\\u5c9b\\u5e02\",\"\\u5362\\u9f99\\u53bf\"],[\"\\u6cb3\\u5317\\u7701\",\"\\u90af\\u90f8\\u5e02\",\"\\u90af\\u5c71\\u533a\"],[\"\\u6cb3\\u5317\\u7701\",\"\\u90af\\u90f8\\u5e02\",\"\\u4e1b\\u53f0\\u533a\"],[\"\\u6cb3\\u5317\\u7701\",\"\\u90af\\u90f8\\u5e02\",\"\\u590d\\u5174\\u533a\"],[\"\\u6cb3\\u5317\\u7701\",\"\\u90af\\u90f8\\u5e02\",\"\\u5cf0\\u5cf0\\u77ff\\u533a\"],[\"\\u6cb3\\u5317\\u7701\",\"\\u90af\\u90f8\\u5e02\",\"\\u90af\\u90f8\\u53bf\"],[\"\\u6cb3\\u5317\\u7701\",\"\\u90af\\u90f8\\u5e02\",\"\\u4e34\\u6f33\\u53bf\"],[\"\\u6cb3\\u5317\\u7701\",\"\\u90af\\u90f8\\u5e02\",\"\\u6210\\u5b89\\u53bf\"],[\"\\u6cb3\\u5317\\u7701\",\"\\u90af\\u90f8\\u5e02\",\"\\u5927\\u540d\\u53bf\"],[\"\\u6cb3\\u5317\\u7701\",\"\\u90af\\u90f8\\u5e02\",\"\\u6d89\\u53bf\"],[\"\\u6cb3\\u5317\\u7701\",\"\\u90af\\u90f8\\u5e02\",\"\\u78c1\\u53bf\"],[\"\\u6cb3\\u5317\\u7701\",\"\\u90af\\u90f8\\u5e02\",\"\\u80a5\\u4e61\\u53bf\"],[\"\\u6cb3\\u5317\\u7701\",\"\\u90af\\u90f8\\u5e02\",\"\\u6c38\\u5e74\\u53bf\"],[\"\\u6cb3\\u5317\\u7701\",\"\\u90af\\u90f8\\u5e02\",\"\\u90b1\\u53bf\"],[\"\\u6cb3\\u5317\\u7701\",\"\\u90af\\u90f8\\u5e02\",\"\\u9e21\\u6cfd\\u53bf\"],[\"\\u6cb3\\u5317\\u7701\",\"\\u90af\\u90f8\\u5e02\",\"\\u5e7f\\u5e73\\u53bf\"],[\"\\u6cb3\\u5317\\u7701\",\"\\u90af\\u90f8\\u5e02\",\"\\u9986\\u9676\\u53bf\"],[\"\\u6cb3\\u5317\\u7701\",\"\\u90af\\u90f8\\u5e02\",\"\\u9b4f\\u53bf\"],[\"\\u6cb3\\u5317\\u7701\",\"\\u90af\\u90f8\\u5e02\",\"\\u66f2\\u5468\\u53bf\"],[\"\\u6cb3\\u5317\\u7701\",\"\\u90af\\u90f8\\u5e02\",\"\\u6b66\\u5b89\\u5e02\"],[\"\\u6cb3\\u5317\\u7701\",\"\\u90a2\\u53f0\\u5e02\",\"\\u6865\\u4e1c\\u533a\"],[\"\\u6cb3\\u5317\\u7701\",\"\\u90a2\\u53f0\\u5e02\",\"\\u6865\\u897f\\u533a\"],[\"\\u6cb3\\u5317\\u7701\",\"\\u90a2\\u53f0\\u5e02\",\"\\u90a2\\u53f0\\u53bf\"],[\"\\u6cb3\\u5317\\u7701\",\"\\u90a2\\u53f0\\u5e02\",\"\\u4e34\\u57ce\\u53bf\"],[\"\\u6cb3\\u5317\\u7701\",\"\\u90a2\\u53f0\\u5e02\",\"\\u5185\\u4e18\\u53bf\"],[\"\\u6cb3\\u5317\\u7701\",\"\\u90a2\\u53f0\\u5e02\",\"\\u67cf\\u4e61\\u53bf\"],[\"\\u6cb3\\u5317\\u7701\",\"\\u90a2\\u53f0\\u5e02\",\"\\u9686\\u5c27\\u53bf\"],[\"\\u6cb3\\u5317\\u7701\",\"\\u90a2\\u53f0\\u5e02\",\"\\u4efb\\u53bf\"],[\"\\u6cb3\\u5317\\u7701\",\"\\u90a2\\u53f0\\u5e02\",\"\\u5357\\u548c\\u53bf\"],[\"\\u6cb3\\u5317\\u7701\",\"\\u90a2\\u53f0\\u5e02\",\"\\u5b81\\u664b\\u53bf\"],[\"\\u6cb3\\u5317\\u7701\",\"\\u90a2\\u53f0\\u5e02\",\"\\u5de8\\u9e7f\\u53bf\"],[\"\\u6cb3\\u5317\\u7701\",\"\\u90a2\\u53f0\\u5e02\",\"\\u65b0\\u6cb3\\u53bf\"],[\"\\u6cb3\\u5317\\u7701\",\"\\u90a2\\u53f0\\u5e02\",\"\\u5e7f\\u5b97\\u53bf\"],[\"\\u6cb3\\u5317\\u7701\",\"\\u90a2\\u53f0\\u5e02\",\"\\u5e73\\u4e61\\u53bf\"],[\"\\u6cb3\\u5317\\u7701\",\"\\u90a2\\u53f0\\u5e02\",\"\\u5a01\\u53bf\"],[\"\\u6cb3\\u5317\\u7701\",\"\\u90a2\\u53f0\\u5e02\",\"\\u6e05\\u6cb3\\u53bf\"],[\"\\u6cb3\\u5317\\u7701\",\"\\u90a2\\u53f0\\u5e02\",\"\\u4e34\\u897f\\u53bf\"],[\"\\u6cb3\\u5317\\u7701\",\"\\u90a2\\u53f0\\u5e02\",\"\\u5357\\u5bab\\u5e02\"],[\"\\u6cb3\\u5317\\u7701\",\"\\u90a2\\u53f0\\u5e02\",\"\\u6c99\\u6cb3\\u5e02\"],[\"\\u6cb3\\u5317\\u7701\",\"\\u4fdd\\u5b9a\\u5e02\",\"\\u65b0\\u5e02\\u533a\"],[\"\\u6cb3\\u5317\\u7701\",\"\\u4fdd\\u5b9a\\u5e02\",\"\\u5317\\u5e02\\u533a\"],[\"\\u6cb3\\u5317\\u7701\",\"\\u4fdd\\u5b9a\\u5e02\",\"\\u5357\\u5e02\\u533a\"],[\"\\u6cb3\\u5317\\u7701\",\"\\u4fdd\\u5b9a\\u5e02\",\"\\u6ee1\\u57ce\\u53bf\"],[\"\\u6cb3\\u5317\\u7701\",\"\\u4fdd\\u5b9a\\u5e02\",\"\\u6e05\\u82d1\\u53bf\"],[\"\\u6cb3\\u5317\\u7701\",\"\\u4fdd\\u5b9a\\u5e02\",\"\\u6d9e\\u6c34\\u53bf\"],[\"\\u6cb3\\u5317\\u7701\",\"\\u4fdd\\u5b9a\\u5e02\",\"\\u961c\\u5e73\\u53bf\"],[\"\\u6cb3\\u5317\\u7701\",\"\\u4fdd\\u5b9a\\u5e02\",\"\\u5f90\\u6c34\\u53bf\"],[\"\\u6cb3\\u5317\\u7701\",\"\\u4fdd\\u5b9a\\u5e02\",\"\\u5b9a\\u5174\\u53bf\"],[\"\\u6cb3\\u5317\\u7701\",\"\\u4fdd\\u5b9a\\u5e02\",\"\\u5510\\u53bf\"],[\"\\u6cb3\\u5317\\u7701\",\"\\u4fdd\\u5b9a\\u5e02\",\"\\u9ad8\\u9633\\u53bf\"],[\"\\u6cb3\\u5317\\u7701\",\"\\u4fdd\\u5b9a\\u5e02\",\"\\u5bb9\\u57ce\\u53bf\"],[\"\\u6cb3\\u5317\\u7701\",\"\\u4fdd\\u5b9a\\u5e02\",\"\\u6d9e\\u6e90\\u53bf\"],[\"\\u6cb3\\u5317\\u7701\",\"\\u4fdd\\u5b9a\\u5e02\",\"\\u671b\\u90fd\\u53bf\"],[\"\\u6cb3\\u5317\\u7701\",\"\\u4fdd\\u5b9a\\u5e02\",\"\\u5b89\\u65b0\\u53bf\"],[\"\\u6cb3\\u5317\\u7701\",\"\\u4fdd\\u5b9a\\u5e02\",\"\\u6613\\u53bf\"],[\"\\u6cb3\\u5317\\u7701\",\"\\u4fdd\\u5b9a\\u5e02\",\"\\u66f2\\u9633\\u53bf\"],[\"\\u6cb3\\u5317\\u7701\",\"\\u4fdd\\u5b9a\\u5e02\",\"\\u8821\\u53bf\"],[\"\\u6cb3\\u5317\\u7701\",\"\\u4fdd\\u5b9a\\u5e02\",\"\\u987a\\u5e73\\u53bf\"],[\"\\u6cb3\\u5317\\u7701\",\"\\u4fdd\\u5b9a\\u5e02\",\"\\u535a\\u91ce\\u53bf\"],[\"\\u6cb3\\u5317\\u7701\",\"\\u4fdd\\u5b9a\\u5e02\",\"\\u96c4\\u53bf\"],[\"\\u6cb3\\u5317\\u7701\",\"\\u4fdd\\u5b9a\\u5e02\",\"\\u6dbf\\u5dde\\u5e02\"],[\"\\u6cb3\\u5317\\u7701\",\"\\u4fdd\\u5b9a\\u5e02\",\"\\u5b9a\\u5dde\\u5e02\"],[\"\\u6cb3\\u5317\\u7701\",\"\\u4fdd\\u5b9a\\u5e02\",\"\\u5b89\\u56fd\\u5e02\"],[\"\\u6cb3\\u5317\\u7701\",\"\\u4fdd\\u5b9a\\u5e02\",\"\\u9ad8\\u7891\\u5e97\\u5e02\"],[\"\\u6cb3\\u5317\\u7701\",\"\\u5f20\\u5bb6\\u53e3\\u5e02\",\"\\u6865\\u4e1c\\u533a\"],[\"\\u6cb3\\u5317\\u7701\",\"\\u5f20\\u5bb6\\u53e3\\u5e02\",\"\\u6865\\u897f\\u533a\"],[\"\\u6cb3\\u5317\\u7701\",\"\\u5f20\\u5bb6\\u53e3\\u5e02\",\"\\u5ba3\\u5316\\u533a\"],[\"\\u6cb3\\u5317\\u7701\",\"\\u5f20\\u5bb6\\u53e3\\u5e02\",\"\\u4e0b\\u82b1\\u56ed\\u533a\"],[\"\\u6cb3\\u5317\\u7701\",\"\\u5f20\\u5bb6\\u53e3\\u5e02\",\"\\u5ba3\\u5316\\u53bf\"],[\"\\u6cb3\\u5317\\u7701\",\"\\u5f20\\u5bb6\\u53e3\\u5e02\",\"\\u5f20\\u5317\\u53bf\"],[\"\\u6cb3\\u5317\\u7701\",\"\\u5f20\\u5bb6\\u53e3\\u5e02\",\"\\u5eb7\\u4fdd\\u53bf\"],[\"\\u6cb3\\u5317\\u7701\",\"\\u5f20\\u5bb6\\u53e3\\u5e02\",\"\\u6cbd\\u6e90\\u53bf\"],[\"\\u6cb3\\u5317\\u7701\",\"\\u5f20\\u5bb6\\u53e3\\u5e02\",\"\\u5c1a\\u4e49\\u53bf\"],[\"\\u6cb3\\u5317\\u7701\",\"\\u5f20\\u5bb6\\u53e3\\u5e02\",\"\\u851a\\u53bf\"],[\"\\u6cb3\\u5317\\u7701\",\"\\u5f20\\u5bb6\\u53e3\\u5e02\",\"\\u9633\\u539f\\u53bf\"],[\"\\u6cb3\\u5317\\u7701\",\"\\u5f20\\u5bb6\\u53e3\\u5e02\",\"\\u6000\\u5b89\\u53bf\"],[\"\\u6cb3\\u5317\\u7701\",\"\\u5f20\\u5bb6\\u53e3\\u5e02\",\"\\u4e07\\u5168\\u53bf\"],[\"\\u6cb3\\u5317\\u7701\",\"\\u5f20\\u5bb6\\u53e3\\u5e02\",\"\\u6000\\u6765\\u53bf\"],[\"\\u6cb3\\u5317\\u7701\",\"\\u5f20\\u5bb6\\u53e3\\u5e02\",\"\\u6dbf\\u9e7f\\u53bf\"],[\"\\u6cb3\\u5317\\u7701\",\"\\u5f20\\u5bb6\\u53e3\\u5e02\",\"\\u8d64\\u57ce\\u53bf\"],[\"\\u6cb3\\u5317\\u7701\",\"\\u5f20\\u5bb6\\u53e3\\u5e02\",\"\\u5d07\\u793c\\u53bf\"],[\"\\u6cb3\\u5317\\u7701\",\"\\u627f\\u5fb7\\u5e02\",\"\\u53cc\\u6865\\u533a\"],[\"\\u6cb3\\u5317\\u7701\",\"\\u627f\\u5fb7\\u5e02\",\"\\u53cc\\u6ee6\\u533a\"],[\"\\u6cb3\\u5317\\u7701\",\"\\u627f\\u5fb7\\u5e02\",\"\\u9e70\\u624b\\u8425\\u5b50\\u77ff\\u533a\"],[\"\\u6cb3\\u5317\\u7701\",\"\\u627f\\u5fb7\\u5e02\",\"\\u627f\\u5fb7\\u53bf\"],[\"\\u6cb3\\u5317\\u7701\",\"\\u627f\\u5fb7\\u5e02\",\"\\u5174\\u9686\\u53bf\"],[\"\\u6cb3\\u5317\\u7701\",\"\\u627f\\u5fb7\\u5e02\",\"\\u5e73\\u6cc9\\u53bf\"],[\"\\u6cb3\\u5317\\u7701\",\"\\u627f\\u5fb7\\u5e02\",\"\\u6ee6\\u5e73\\u53bf\"],[\"\\u6cb3\\u5317\\u7701\",\"\\u627f\\u5fb7\\u5e02\",\"\\u9686\\u5316\\u53bf\"],[\"\\u6cb3\\u5317\\u7701\",\"\\u627f\\u5fb7\\u5e02\",\"\\u4e30\\u5b81\\u6ee1\\u65cf\\u81ea\\u6cbb\\u53bf\"],[\"\\u6cb3\\u5317\\u7701\",\"\\u627f\\u5fb7\\u5e02\",\"\\u5bbd\\u57ce\\u6ee1\\u65cf\\u81ea\\u6cbb\\u53bf\"],[\"\\u6cb3\\u5317\\u7701\",\"\\u627f\\u5fb7\\u5e02\",\"\\u56f4\\u573a\\u6ee1\\u65cf\\u8499\\u53e4\\u65cf\\u81ea\\u6cbb\\u53bf\"],[\"\\u6cb3\\u5317\\u7701\",\"\\u6ca7\\u5dde\\u5e02\",\"\\u65b0\\u534e\\u533a\"],[\"\\u6cb3\\u5317\\u7701\",\"\\u6ca7\\u5dde\\u5e02\",\"\\u8fd0\\u6cb3\\u533a\"],[\"\\u6cb3\\u5317\\u7701\",\"\\u6ca7\\u5dde\\u5e02\",\"\\u6ca7\\u53bf\"],[\"\\u6cb3\\u5317\\u7701\",\"\\u6ca7\\u5dde\\u5e02\",\"\\u9752\\u53bf\"],[\"\\u6cb3\\u5317\\u7701\",\"\\u6ca7\\u5dde\\u5e02\",\"\\u4e1c\\u5149\\u53bf\"],[\"\\u6cb3\\u5317\\u7701\",\"\\u6ca7\\u5dde\\u5e02\",\"\\u6d77\\u5174\\u53bf\"],[\"\\u6cb3\\u5317\\u7701\",\"\\u6ca7\\u5dde\\u5e02\",\"\\u76d0\\u5c71\\u53bf\"],[\"\\u6cb3\\u5317\\u7701\",\"\\u6ca7\\u5dde\\u5e02\",\"\\u8083\\u5b81\\u53bf\"],[\"\\u6cb3\\u5317\\u7701\",\"\\u6ca7\\u5dde\\u5e02\",\"\\u5357\\u76ae\\u53bf\"],[\"\\u6cb3\\u5317\\u7701\",\"\\u6ca7\\u5dde\\u5e02\",\"\\u5434\\u6865\\u53bf\"],[\"\\u6cb3\\u5317\\u7701\",\"\\u6ca7\\u5dde\\u5e02\",\"\\u732e\\u53bf\"],[\"\\u6cb3\\u5317\\u7701\",\"\\u6ca7\\u5dde\\u5e02\",\"\\u5b5f\\u6751\\u56de\\u65cf\\u81ea\\u6cbb\\u53bf\"],[\"\\u6cb3\\u5317\\u7701\",\"\\u6ca7\\u5dde\\u5e02\",\"\\u6cca\\u5934\\u5e02\"],[\"\\u6cb3\\u5317\\u7701\",\"\\u6ca7\\u5dde\\u5e02\",\"\\u4efb\\u4e18\\u5e02\"],[\"\\u6cb3\\u5317\\u7701\",\"\\u6ca7\\u5dde\\u5e02\",\"\\u9ec4\\u9a85\\u5e02\"],[\"\\u6cb3\\u5317\\u7701\",\"\\u6ca7\\u5dde\\u5e02\",\"\\u6cb3\\u95f4\\u5e02\"],[\"\\u6cb3\\u5317\\u7701\",\"\\u5eca\\u574a\\u5e02\",\"\\u5b89\\u6b21\\u533a\"],[\"\\u6cb3\\u5317\\u7701\",\"\\u5eca\\u574a\\u5e02\",\"\\u5e7f\\u9633\\u533a\"],[\"\\u6cb3\\u5317\\u7701\",\"\\u5eca\\u574a\\u5e02\",\"\\u56fa\\u5b89\\u53bf\"],[\"\\u6cb3\\u5317\\u7701\",\"\\u5eca\\u574a\\u5e02\",\"\\u6c38\\u6e05\\u53bf\"],[\"\\u6cb3\\u5317\\u7701\",\"\\u5eca\\u574a\\u5e02\",\"\\u9999\\u6cb3\\u53bf\"],[\"\\u6cb3\\u5317\\u7701\",\"\\u5eca\\u574a\\u5e02\",\"\\u5927\\u57ce\\u53bf\"],[\"\\u6cb3\\u5317\\u7701\",\"\\u5eca\\u574a\\u5e02\",\"\\u6587\\u5b89\\u53bf\"],[\"\\u6cb3\\u5317\\u7701\",\"\\u5eca\\u574a\\u5e02\",\"\\u5927\\u5382\\u56de\\u65cf\\u81ea\\u6cbb\\u53bf\"],[\"\\u6cb3\\u5317\\u7701\",\"\\u5eca\\u574a\\u5e02\",\"\\u9738\\u5dde\\u5e02\"],[\"\\u6cb3\\u5317\\u7701\",\"\\u5eca\\u574a\\u5e02\",\"\\u4e09\\u6cb3\\u5e02\"],[\"\\u6cb3\\u5317\\u7701\",\"\\u8861\\u6c34\\u5e02\",\"\\u6843\\u57ce\\u533a\"],[\"\\u6cb3\\u5317\\u7701\",\"\\u8861\\u6c34\\u5e02\",\"\\u67a3\\u5f3a\\u53bf\"],[\"\\u6cb3\\u5317\\u7701\",\"\\u8861\\u6c34\\u5e02\",\"\\u6b66\\u9091\\u53bf\"],[\"\\u6cb3\\u5317\\u7701\",\"\\u8861\\u6c34\\u5e02\",\"\\u6b66\\u5f3a\\u53bf\"],[\"\\u6cb3\\u5317\\u7701\",\"\\u8861\\u6c34\\u5e02\",\"\\u9976\\u9633\\u53bf\"],[\"\\u6cb3\\u5317\\u7701\",\"\\u8861\\u6c34\\u5e02\",\"\\u5b89\\u5e73\\u53bf\"],[\"\\u6cb3\\u5317\\u7701\",\"\\u8861\\u6c34\\u5e02\",\"\\u6545\\u57ce\\u53bf\"],[\"\\u6cb3\\u5317\\u7701\",\"\\u8861\\u6c34\\u5e02\",\"\\u666f\\u53bf\"],[\"\\u6cb3\\u5317\\u7701\",\"\\u8861\\u6c34\\u5e02\",\"\\u961c\\u57ce\\u53bf\"],[\"\\u6cb3\\u5317\\u7701\",\"\\u8861\\u6c34\\u5e02\",\"\\u5180\\u5dde\\u5e02\"],[\"\\u6cb3\\u5317\\u7701\",\"\\u8861\\u6c34\\u5e02\",\"\\u6df1\\u5dde\\u5e02\"]]',1211111,13.00,1,1.00,1601531639,1601531639),(2,1,'[[\"\\u53f0\\u6e7e\\u7701\",\"\\u53f0\\u6e7e\\u7701\",\"\\u53f0\\u5317\"],[\"\\u5168\\u56fd\",\"\\u6240\\u6709\",\"\\u6240\\u6709\"]]',0,0.00,0,0.00,1601531639,1601531639),(3,1,'[[\"\\u5929\\u6d25\\u5e02\",\"\\u5929\\u6d25\\u5e02\",\"\\u548c\\u5e73\\u533a\"],[\"\\u5929\\u6d25\\u5e02\",\"\\u5929\\u6d25\\u5e02\",\"\\u6cb3\\u4e1c\\u533a\"],[\"\\u5929\\u6d25\\u5e02\",\"\\u5929\\u6d25\\u5e02\",\"\\u6cb3\\u897f\\u533a\"],[\"\\u5929\\u6d25\\u5e02\",\"\\u5929\\u6d25\\u5e02\",\"\\u5357\\u5f00\\u533a\"],[\"\\u5929\\u6d25\\u5e02\",\"\\u5929\\u6d25\\u5e02\",\"\\u6cb3\\u5317\\u533a\"],[\"\\u5929\\u6d25\\u5e02\",\"\\u5929\\u6d25\\u5e02\",\"\\u7ea2\\u6865\\u533a\"],[\"\\u5929\\u6d25\\u5e02\",\"\\u5929\\u6d25\\u5e02\",\"\\u5858\\u6cbd\\u533a\"],[\"\\u5929\\u6d25\\u5e02\",\"\\u5929\\u6d25\\u5e02\",\"\\u6c49\\u6cbd\\u533a\"],[\"\\u5929\\u6d25\\u5e02\",\"\\u5929\\u6d25\\u5e02\",\"\\u5927\\u6e2f\\u533a\"],[\"\\u5929\\u6d25\\u5e02\",\"\\u5929\\u6d25\\u5e02\",\"\\u4e1c\\u4e3d\\u533a\"],[\"\\u5929\\u6d25\\u5e02\",\"\\u5929\\u6d25\\u5e02\",\"\\u897f\\u9752\\u533a\"],[\"\\u5929\\u6d25\\u5e02\",\"\\u5929\\u6d25\\u5e02\",\"\\u6d25\\u5357\\u533a\"],[\"\\u5929\\u6d25\\u5e02\",\"\\u5929\\u6d25\\u5e02\",\"\\u5317\\u8fb0\\u533a\"],[\"\\u5929\\u6d25\\u5e02\",\"\\u5929\\u6d25\\u5e02\",\"\\u6b66\\u6e05\\u533a\"],[\"\\u5929\\u6d25\\u5e02\",\"\\u5929\\u6d25\\u5e02\",\"\\u5b9d\\u577b\\u533a\"],[\"\\u5929\\u6d25\\u5e02\",\"\\u5929\\u6d25\\u5e02\",\"\\u5b81\\u6cb3\\u53bf\"],[\"\\u5929\\u6d25\\u5e02\",\"\\u5929\\u6d25\\u5e02\",\"\\u9759\\u6d77\\u53bf\"],[\"\\u5929\\u6d25\\u5e02\",\"\\u5929\\u6d25\\u5e02\",\"\\u84df\\u53bf\"],[\"\\u5168\\u56fd\",\"\\u6240\\u6709\",\"\\u6240\\u6709\"]]',0,0.00,0,0.00,1601531639,1601531639),(4,1,'[[\"\\u5168\\u56fd\",\"\\u6240\\u6709\",\"\\u6240\\u6709\"]]',13,0.00,0,0.00,1601531639,1601531639),(5,2,'[[\"\\u5185\\u8499\\u53e4\\u81ea\\u6cbb\\u533a\",\"\\u547c\\u548c\\u6d69\\u7279\\u5e02\",\"\\u65b0\\u57ce\\u533a\"],[\"\\u5185\\u8499\\u53e4\\u81ea\\u6cbb\\u533a\",\"\\u547c\\u548c\\u6d69\\u7279\\u5e02\",\"\\u56de\\u6c11\\u533a\"],[\"\\u5185\\u8499\\u53e4\\u81ea\\u6cbb\\u533a\",\"\\u547c\\u548c\\u6d69\\u7279\\u5e02\",\"\\u7389\\u6cc9\\u533a\"],[\"\\u5185\\u8499\\u53e4\\u81ea\\u6cbb\\u533a\",\"\\u547c\\u548c\\u6d69\\u7279\\u5e02\",\"\\u8d5b\\u7f55\\u533a\"],[\"\\u5185\\u8499\\u53e4\\u81ea\\u6cbb\\u533a\",\"\\u547c\\u548c\\u6d69\\u7279\\u5e02\",\"\\u571f\\u9ed8\\u7279\\u5de6\\u65d7\"],[\"\\u5185\\u8499\\u53e4\\u81ea\\u6cbb\\u533a\",\"\\u547c\\u548c\\u6d69\\u7279\\u5e02\",\"\\u6258\\u514b\\u6258\\u53bf\"],[\"\\u5185\\u8499\\u53e4\\u81ea\\u6cbb\\u533a\",\"\\u547c\\u548c\\u6d69\\u7279\\u5e02\",\"\\u548c\\u6797\\u683c\\u5c14\\u53bf\"],[\"\\u5185\\u8499\\u53e4\\u81ea\\u6cbb\\u533a\",\"\\u547c\\u548c\\u6d69\\u7279\\u5e02\",\"\\u6e05\\u6c34\\u6cb3\\u53bf\"],[\"\\u5185\\u8499\\u53e4\\u81ea\\u6cbb\\u533a\",\"\\u547c\\u548c\\u6d69\\u7279\\u5e02\",\"\\u6b66\\u5ddd\\u53bf\"]]',0,0.00,0,0.00,1601531639,1601531639),(6,2,'[[\"\\u5168\\u56fd\",\"\\u6240\\u6709\",\"\\u6240\\u6709\"]]',0,0.00,0,0.00,1601531639,1582627282),(7,2,'[[\"\\u5317\\u4eac\\u5e02\",\"\\u5317\\u4eac\\u5e02\",\"\\u4e1c\\u57ce\\u533a\"],[\"\\u5317\\u4eac\\u5e02\",\"\\u5317\\u4eac\\u5e02\",\"\\u897f\\u57ce\\u533a\"],[\"\\u5317\\u4eac\\u5e02\",\"\\u5317\\u4eac\\u5e02\",\"\\u5d07\\u6587\\u533a\"],[\"\\u5317\\u4eac\\u5e02\",\"\\u5317\\u4eac\\u5e02\",\"\\u5ba3\\u6b66\\u533a\"],[\"\\u5317\\u4eac\\u5e02\",\"\\u5317\\u4eac\\u5e02\",\"\\u671d\\u9633\\u533a\"],[\"\\u5317\\u4eac\\u5e02\",\"\\u5317\\u4eac\\u5e02\",\"\\u4e30\\u53f0\\u533a\"],[\"\\u5317\\u4eac\\u5e02\",\"\\u5317\\u4eac\\u5e02\",\"\\u77f3\\u666f\\u5c71\\u533a\"],[\"\\u5317\\u4eac\\u5e02\",\"\\u5317\\u4eac\\u5e02\",\"\\u6d77\\u6dc0\\u533a\"],[\"\\u5317\\u4eac\\u5e02\",\"\\u5317\\u4eac\\u5e02\",\"\\u95e8\\u5934\\u6c9f\\u533a\"],[\"\\u5317\\u4eac\\u5e02\",\"\\u5317\\u4eac\\u5e02\",\"\\u623f\\u5c71\\u533a\"],[\"\\u5317\\u4eac\\u5e02\",\"\\u5317\\u4eac\\u5e02\",\"\\u901a\\u5dde\\u533a\"],[\"\\u5317\\u4eac\\u5e02\",\"\\u5317\\u4eac\\u5e02\",\"\\u987a\\u4e49\\u533a\"],[\"\\u5317\\u4eac\\u5e02\",\"\\u5317\\u4eac\\u5e02\",\"\\u660c\\u5e73\\u533a\"],[\"\\u5317\\u4eac\\u5e02\",\"\\u5317\\u4eac\\u5e02\",\"\\u5927\\u5174\\u533a\"],[\"\\u5317\\u4eac\\u5e02\",\"\\u5317\\u4eac\\u5e02\",\"\\u6000\\u67d4\\u533a\"],[\"\\u5317\\u4eac\\u5e02\",\"\\u5317\\u4eac\\u5e02\",\"\\u5e73\\u8c37\\u533a\"],[\"\\u5317\\u4eac\\u5e02\",\"\\u5317\\u4eac\\u5e02\",\"\\u5bc6\\u4e91\\u53bf\"],[\"\\u5317\\u4eac\\u5e02\",\"\\u5317\\u4eac\\u5e02\",\"\\u5ef6\\u5e86\\u53bf\"],[\"\\u5929\\u6d25\\u5e02\",\"\\u5929\\u6d25\\u5e02\",\"\\u548c\\u5e73\\u533a\"],[\"\\u5929\\u6d25\\u5e02\",\"\\u5929\\u6d25\\u5e02\",\"\\u6cb3\\u4e1c\\u533a\"],[\"\\u5929\\u6d25\\u5e02\",\"\\u5929\\u6d25\\u5e02\",\"\\u6cb3\\u897f\\u533a\"],[\"\\u5929\\u6d25\\u5e02\",\"\\u5929\\u6d25\\u5e02\",\"\\u5357\\u5f00\\u533a\"],[\"\\u5929\\u6d25\\u5e02\",\"\\u5929\\u6d25\\u5e02\",\"\\u6cb3\\u5317\\u533a\"],[\"\\u5929\\u6d25\\u5e02\",\"\\u5929\\u6d25\\u5e02\",\"\\u7ea2\\u6865\\u533a\"],[\"\\u5929\\u6d25\\u5e02\",\"\\u5929\\u6d25\\u5e02\",\"\\u5858\\u6cbd\\u533a\"],[\"\\u5929\\u6d25\\u5e02\",\"\\u5929\\u6d25\\u5e02\",\"\\u6c49\\u6cbd\\u533a\"],[\"\\u5929\\u6d25\\u5e02\",\"\\u5929\\u6d25\\u5e02\",\"\\u5927\\u6e2f\\u533a\"],[\"\\u5929\\u6d25\\u5e02\",\"\\u5929\\u6d25\\u5e02\",\"\\u4e1c\\u4e3d\\u533a\"],[\"\\u5929\\u6d25\\u5e02\",\"\\u5929\\u6d25\\u5e02\",\"\\u897f\\u9752\\u533a\"],[\"\\u5929\\u6d25\\u5e02\",\"\\u5929\\u6d25\\u5e02\",\"\\u6d25\\u5357\\u533a\"],[\"\\u5929\\u6d25\\u5e02\",\"\\u5929\\u6d25\\u5e02\",\"\\u5317\\u8fb0\\u533a\"],[\"\\u5929\\u6d25\\u5e02\",\"\\u5929\\u6d25\\u5e02\",\"\\u6b66\\u6e05\\u533a\"],[\"\\u5929\\u6d25\\u5e02\",\"\\u5929\\u6d25\\u5e02\",\"\\u5b9d\\u577b\\u533a\"],[\"\\u5929\\u6d25\\u5e02\",\"\\u5929\\u6d25\\u5e02\",\"\\u5b81\\u6cb3\\u53bf\"],[\"\\u5929\\u6d25\\u5e02\",\"\\u5929\\u6d25\\u5e02\",\"\\u9759\\u6d77\\u53bf\"],[\"\\u5929\\u6d25\\u5e02\",\"\\u5929\\u6d25\\u5e02\",\"\\u84df\\u53bf\"]]',0,0.00,0,0.00,1601531639,1601531639),(8,2,'[[\"\\u5168\\u56fd\",\"\\u6240\\u6709\",\"\\u6240\\u6709\"]]',0,0.00,0,0.00,1601531639,1601531639),(9,2,'[[\"\\u5168\\u56fd\",\"\\u6240\\u6709\",\"\\u6240\\u6709\"]]',0,0.00,0,0.00,1608471155,1608471155),(10,3,'[[\"\\u897f\\u85cf\\u81ea\\u6cbb\\u533a\",\"\\u62c9\\u8428\\u5e02\",\"\\u66f2\\u6c34\\u53bf\"]]',0,0.00,0,0.00,1601531639,1601531639),(11,3,'[[\"\\u5168\\u56fd\",\"\\u6240\\u6709\",\"\\u6240\\u6709\"]]',0,0.00,0,0.00,1609507622,1609507622),(12,3,'[[\"\\u5168\\u56fd\",\"\\u6240\\u6709\",\"\\u6240\\u6709\"]]',0,0.00,0,0.00,1609507624,1609507624),(13,4,'[[\"\\u6cb3\\u5357\\u7701\",\"\\u5f00\\u5c01\\u5e02\",\"\\u987a\\u6cb3\\u56de\\u65cf\\u533a\"],[\"\\u6cb3\\u5357\\u7701\",\"\\u5f00\\u5c01\\u5e02\",\"\\u9f13\\u697c\\u533a\"],[\"\\u6cb3\\u5357\\u7701\",\"\\u5f00\\u5c01\\u5e02\",\"\\u5357\\u5173\\u533a\"],[\"\\u6cb3\\u5357\\u7701\",\"\\u5f00\\u5c01\\u5e02\",\"\\u90ca\\u533a\"],[\"\\u6cb3\\u5357\\u7701\",\"\\u5f00\\u5c01\\u5e02\",\"\\u675e\\u53bf\"],[\"\\u6cb3\\u5357\\u7701\",\"\\u5f00\\u5c01\\u5e02\",\"\\u901a\\u8bb8\\u53bf\"],[\"\\u6cb3\\u5357\\u7701\",\"\\u5f00\\u5c01\\u5e02\",\"\\u5c09\\u6c0f\\u53bf\"],[\"\\u6cb3\\u5357\\u7701\",\"\\u5f00\\u5c01\\u5e02\",\"\\u5f00\\u5c01\\u53bf\"],[\"\\u6cb3\\u5357\\u7701\",\"\\u5f00\\u5c01\\u5e02\",\"\\u5170\\u8003\\u53bf\"],[\"\\u6cb3\\u5357\\u7701\",\"\\u5e73\\u9876\\u5c71\\u5e02\",\"\\u65b0\\u534e\\u533a\"],[\"\\u6cb3\\u5357\\u7701\",\"\\u5e73\\u9876\\u5c71\\u5e02\",\"\\u536b\\u4e1c\\u533a\"],[\"\\u6cb3\\u5357\\u7701\",\"\\u5e73\\u9876\\u5c71\\u5e02\",\"\\u77f3\\u9f99\\u533a\"],[\"\\u6cb3\\u5357\\u7701\",\"\\u5e73\\u9876\\u5c71\\u5e02\",\"\\u6e5b\\u6cb3\\u533a\"],[\"\\u6cb3\\u5357\\u7701\",\"\\u5e73\\u9876\\u5c71\\u5e02\",\"\\u5b9d\\u4e30\\u53bf\"],[\"\\u6cb3\\u5357\\u7701\",\"\\u5e73\\u9876\\u5c71\\u5e02\",\"\\u53f6\\u53bf\"],[\"\\u6cb3\\u5357\\u7701\",\"\\u5e73\\u9876\\u5c71\\u5e02\",\"\\u9c81\\u5c71\\u53bf\"],[\"\\u6cb3\\u5357\\u7701\",\"\\u5e73\\u9876\\u5c71\\u5e02\",\"\\u90cf\\u53bf\"],[\"\\u6cb3\\u5357\\u7701\",\"\\u5e73\\u9876\\u5c71\\u5e02\",\"\\u821e\\u94a2\\u5e02\"],[\"\\u6cb3\\u5357\\u7701\",\"\\u5e73\\u9876\\u5c71\\u5e02\",\"\\u6c5d\\u5dde\\u5e02\"],[\"\\u6cb3\\u5357\\u7701\",\"\\u5b89\\u9633\\u5e02\",\"\\u6587\\u5cf0\\u533a\"],[\"\\u6cb3\\u5357\\u7701\",\"\\u5b89\\u9633\\u5e02\",\"\\u5317\\u5173\\u533a\"],[\"\\u6cb3\\u5357\\u7701\",\"\\u5b89\\u9633\\u5e02\",\"\\u6bb7\\u90fd\\u533a\"],[\"\\u6cb3\\u5357\\u7701\",\"\\u5b89\\u9633\\u5e02\",\"\\u9f99\\u5b89\\u533a\"],[\"\\u6cb3\\u5357\\u7701\",\"\\u5b89\\u9633\\u5e02\",\"\\u5b89\\u9633\\u53bf\"],[\"\\u6cb3\\u5357\\u7701\",\"\\u5b89\\u9633\\u5e02\",\"\\u6c64\\u9634\\u53bf\"],[\"\\u6cb3\\u5357\\u7701\",\"\\u5b89\\u9633\\u5e02\",\"\\u6ed1\\u53bf\"],[\"\\u6cb3\\u5357\\u7701\",\"\\u5b89\\u9633\\u5e02\",\"\\u5185\\u9ec4\\u53bf\"],[\"\\u6cb3\\u5357\\u7701\",\"\\u5b89\\u9633\\u5e02\",\"\\u6797\\u5dde\\u5e02\"],[\"\\u6cb3\\u5357\\u7701\",\"\\u9e64\\u58c1\\u5e02\",\"\\u9e64\\u5c71\\u533a\"],[\"\\u6cb3\\u5357\\u7701\",\"\\u9e64\\u58c1\\u5e02\",\"\\u5c71\\u57ce\\u533a\"],[\"\\u6cb3\\u5357\\u7701\",\"\\u9e64\\u58c1\\u5e02\",\"\\u6dc7\\u6ee8\\u533a\"],[\"\\u6cb3\\u5357\\u7701\",\"\\u9e64\\u58c1\\u5e02\",\"\\u6d5a\\u53bf\"],[\"\\u6cb3\\u5357\\u7701\",\"\\u9e64\\u58c1\\u5e02\",\"\\u6dc7\\u53bf\"],[\"\\u6cb3\\u5357\\u7701\",\"\\u65b0\\u4e61\\u5e02\",\"\\u7ea2\\u65d7\\u533a\"],[\"\\u6cb3\\u5357\\u7701\",\"\\u65b0\\u4e61\\u5e02\",\"\\u536b\\u6ee8\\u533a\"],[\"\\u6cb3\\u5357\\u7701\",\"\\u65b0\\u4e61\\u5e02\",\"\\u51e4\\u6cc9\\u533a\"],[\"\\u6cb3\\u5357\\u7701\",\"\\u65b0\\u4e61\\u5e02\",\"\\u7267\\u91ce\\u533a\"],[\"\\u6cb3\\u5357\\u7701\",\"\\u65b0\\u4e61\\u5e02\",\"\\u65b0\\u4e61\\u53bf\"],[\"\\u6cb3\\u5357\\u7701\",\"\\u65b0\\u4e61\\u5e02\",\"\\u83b7\\u5609\\u53bf\"],[\"\\u6cb3\\u5357\\u7701\",\"\\u65b0\\u4e61\\u5e02\",\"\\u539f\\u9633\\u53bf\"],[\"\\u6cb3\\u5357\\u7701\",\"\\u65b0\\u4e61\\u5e02\",\"\\u5ef6\\u6d25\\u53bf\"],[\"\\u6cb3\\u5357\\u7701\",\"\\u65b0\\u4e61\\u5e02\",\"\\u5c01\\u4e18\\u53bf\"],[\"\\u6cb3\\u5357\\u7701\",\"\\u65b0\\u4e61\\u5e02\",\"\\u957f\\u57a3\\u53bf\"],[\"\\u6cb3\\u5357\\u7701\",\"\\u65b0\\u4e61\\u5e02\",\"\\u536b\\u8f89\\u5e02\"],[\"\\u6cb3\\u5357\\u7701\",\"\\u65b0\\u4e61\\u5e02\",\"\\u8f89\\u53bf\\u5e02\"],[\"\\u6cb3\\u5357\\u7701\",\"\\u7126\\u4f5c\\u5e02\",\"\\u89e3\\u653e\\u533a\"],[\"\\u6cb3\\u5357\\u7701\",\"\\u7126\\u4f5c\\u5e02\",\"\\u4e2d\\u7ad9\\u533a\"],[\"\\u6cb3\\u5357\\u7701\",\"\\u7126\\u4f5c\\u5e02\",\"\\u9a6c\\u6751\\u533a\"],[\"\\u6cb3\\u5357\\u7701\",\"\\u7126\\u4f5c\\u5e02\",\"\\u5c71\\u9633\\u533a\"],[\"\\u6cb3\\u5357\\u7701\",\"\\u7126\\u4f5c\\u5e02\",\"\\u4fee\\u6b66\\u53bf\"],[\"\\u6cb3\\u5357\\u7701\",\"\\u7126\\u4f5c\\u5e02\",\"\\u535a\\u7231\\u53bf\"],[\"\\u6cb3\\u5357\\u7701\",\"\\u7126\\u4f5c\\u5e02\",\"\\u6b66\\u965f\\u53bf\"],[\"\\u6cb3\\u5357\\u7701\",\"\\u7126\\u4f5c\\u5e02\",\"\\u6e29\\u53bf\"],[\"\\u6cb3\\u5357\\u7701\",\"\\u7126\\u4f5c\\u5e02\",\"\\u6d4e\\u6e90\\u5e02\"],[\"\\u6cb3\\u5357\\u7701\",\"\\u7126\\u4f5c\\u5e02\",\"\\u6c81\\u9633\\u5e02\"],[\"\\u6cb3\\u5357\\u7701\",\"\\u7126\\u4f5c\\u5e02\",\"\\u5b5f\\u5dde\\u5e02\"],[\"\\u6cb3\\u5357\\u7701\",\"\\u6fee\\u9633\\u5e02\",\"\\u534e\\u9f99\\u533a\"],[\"\\u6cb3\\u5357\\u7701\",\"\\u6fee\\u9633\\u5e02\",\"\\u6e05\\u4e30\\u53bf\"],[\"\\u6cb3\\u5357\\u7701\",\"\\u6fee\\u9633\\u5e02\",\"\\u5357\\u4e50\\u53bf\"],[\"\\u6cb3\\u5357\\u7701\",\"\\u6fee\\u9633\\u5e02\",\"\\u8303\\u53bf\"],[\"\\u6cb3\\u5357\\u7701\",\"\\u6fee\\u9633\\u5e02\",\"\\u53f0\\u524d\\u53bf\"],[\"\\u6cb3\\u5357\\u7701\",\"\\u6fee\\u9633\\u5e02\",\"\\u6fee\\u9633\\u53bf\"],[\"\\u6cb3\\u5357\\u7701\",\"\\u8bb8\\u660c\\u5e02\",\"\\u9b4f\\u90fd\\u533a\"],[\"\\u6cb3\\u5357\\u7701\",\"\\u8bb8\\u660c\\u5e02\",\"\\u8bb8\\u660c\\u53bf\"],[\"\\u6cb3\\u5357\\u7701\",\"\\u8bb8\\u660c\\u5e02\",\"\\u9122\\u9675\\u53bf\"],[\"\\u6cb3\\u5357\\u7701\",\"\\u8bb8\\u660c\\u5e02\",\"\\u8944\\u57ce\\u53bf\"],[\"\\u6cb3\\u5357\\u7701\",\"\\u8bb8\\u660c\\u5e02\",\"\\u79b9\\u5dde\\u5e02\"],[\"\\u6cb3\\u5357\\u7701\",\"\\u8bb8\\u660c\\u5e02\",\"\\u957f\\u845b\\u5e02\"],[\"\\u6cb3\\u5357\\u7701\",\"\\u6f2f\\u6cb3\\u5e02\",\"\\u6e90\\u6c47\\u533a\"],[\"\\u6cb3\\u5357\\u7701\",\"\\u6f2f\\u6cb3\\u5e02\",\"\\u90fe\\u57ce\\u533a\"],[\"\\u6cb3\\u5357\\u7701\",\"\\u6f2f\\u6cb3\\u5e02\",\"\\u53ec\\u9675\\u533a\"],[\"\\u6cb3\\u5357\\u7701\",\"\\u6f2f\\u6cb3\\u5e02\",\"\\u821e\\u9633\\u53bf\"],[\"\\u6cb3\\u5357\\u7701\",\"\\u6f2f\\u6cb3\\u5e02\",\"\\u4e34\\u988d\\u53bf\"],[\"\\u6cb3\\u5357\\u7701\",\"\\u4e09\\u95e8\\u5ce1\\u5e02\",\"\\u5e02\\u8f96\\u533a\"],[\"\\u6cb3\\u5357\\u7701\",\"\\u4e09\\u95e8\\u5ce1\\u5e02\",\"\\u6e56\\u6ee8\\u533a\"],[\"\\u6cb3\\u5357\\u7701\",\"\\u4e09\\u95e8\\u5ce1\\u5e02\",\"\\u6e11\\u6c60\\u53bf\"],[\"\\u6cb3\\u5357\\u7701\",\"\\u4e09\\u95e8\\u5ce1\\u5e02\",\"\\u9655\\u53bf\"],[\"\\u6cb3\\u5357\\u7701\",\"\\u4e09\\u95e8\\u5ce1\\u5e02\",\"\\u5362\\u6c0f\\u53bf\"],[\"\\u6cb3\\u5357\\u7701\",\"\\u4e09\\u95e8\\u5ce1\\u5e02\",\"\\u4e49\\u9a6c\\u5e02\"],[\"\\u6cb3\\u5357\\u7701\",\"\\u4e09\\u95e8\\u5ce1\\u5e02\",\"\\u7075\\u5b9d\\u5e02\"],[\"\\u6cb3\\u5357\\u7701\",\"\\u5357\\u9633\\u5e02\",\"\\u5510\\u6cb3\\u53bf\"],[\"\\u6cb3\\u5357\\u7701\",\"\\u5546\\u4e18\\u5e02\",\"\\u6881\\u56ed\\u533a\"],[\"\\u6cb3\\u5357\\u7701\",\"\\u5546\\u4e18\\u5e02\",\"\\u7762\\u9633\\u533a\"],[\"\\u6cb3\\u5357\\u7701\",\"\\u5546\\u4e18\\u5e02\",\"\\u6c11\\u6743\\u53bf\"],[\"\\u6cb3\\u5357\\u7701\",\"\\u5546\\u4e18\\u5e02\",\"\\u7762\\u53bf\"],[\"\\u6cb3\\u5357\\u7701\",\"\\u5546\\u4e18\\u5e02\",\"\\u5b81\\u9675\\u53bf\"],[\"\\u6cb3\\u5357\\u7701\",\"\\u5546\\u4e18\\u5e02\",\"\\u67d8\\u57ce\\u53bf\"],[\"\\u6cb3\\u5357\\u7701\",\"\\u5546\\u4e18\\u5e02\",\"\\u865e\\u57ce\\u53bf\"],[\"\\u6cb3\\u5357\\u7701\",\"\\u5546\\u4e18\\u5e02\",\"\\u590f\\u9091\\u53bf\"],[\"\\u6cb3\\u5357\\u7701\",\"\\u5546\\u4e18\\u5e02\",\"\\u6c38\\u57ce\\u5e02\"],[\"\\u6cb3\\u5357\\u7701\",\"\\u4fe1\\u9633\\u5e02\",\"\\u6d49\\u6cb3\\u533a\"],[\"\\u6cb3\\u5357\\u7701\",\"\\u4fe1\\u9633\\u5e02\",\"\\u5e73\\u6865\\u533a\"],[\"\\u6cb3\\u5357\\u7701\",\"\\u4fe1\\u9633\\u5e02\",\"\\u7f57\\u5c71\\u53bf\"],[\"\\u6cb3\\u5357\\u7701\",\"\\u4fe1\\u9633\\u5e02\",\"\\u5149\\u5c71\\u53bf\"],[\"\\u6cb3\\u5357\\u7701\",\"\\u4fe1\\u9633\\u5e02\",\"\\u65b0\\u53bf\"],[\"\\u6cb3\\u5357\\u7701\",\"\\u4fe1\\u9633\\u5e02\",\"\\u5546\\u57ce\\u53bf\"],[\"\\u6cb3\\u5357\\u7701\",\"\\u4fe1\\u9633\\u5e02\",\"\\u56fa\\u59cb\\u53bf\"],[\"\\u6cb3\\u5357\\u7701\",\"\\u4fe1\\u9633\\u5e02\",\"\\u6f62\\u5ddd\\u53bf\"],[\"\\u6cb3\\u5357\\u7701\",\"\\u4fe1\\u9633\\u5e02\",\"\\u6dee\\u6ee8\\u53bf\"],[\"\\u6cb3\\u5357\\u7701\",\"\\u4fe1\\u9633\\u5e02\",\"\\u606f\\u53bf\"],[\"\\u6cb3\\u5357\\u7701\",\"\\u5468\\u53e3\\u5e02\",\"\\u5ddd\\u6c47\\u533a\"],[\"\\u6cb3\\u5357\\u7701\",\"\\u5468\\u53e3\\u5e02\",\"\\u6276\\u6c9f\\u53bf\"],[\"\\u6cb3\\u5357\\u7701\",\"\\u5468\\u53e3\\u5e02\",\"\\u897f\\u534e\\u53bf\"],[\"\\u6cb3\\u5357\\u7701\",\"\\u5468\\u53e3\\u5e02\",\"\\u5546\\u6c34\\u53bf\"],[\"\\u6cb3\\u5357\\u7701\",\"\\u5468\\u53e3\\u5e02\",\"\\u6c88\\u4e18\\u53bf\"],[\"\\u6cb3\\u5357\\u7701\",\"\\u5468\\u53e3\\u5e02\",\"\\u90f8\\u57ce\\u53bf\"],[\"\\u6cb3\\u5357\\u7701\",\"\\u5468\\u53e3\\u5e02\",\"\\u6dee\\u9633\\u53bf\"],[\"\\u6cb3\\u5357\\u7701\",\"\\u5468\\u53e3\\u5e02\",\"\\u592a\\u5eb7\\u53bf\"],[\"\\u6cb3\\u5357\\u7701\",\"\\u5468\\u53e3\\u5e02\",\"\\u9e7f\\u9091\\u53bf\"],[\"\\u6cb3\\u5357\\u7701\",\"\\u5468\\u53e3\\u5e02\",\"\\u9879\\u57ce\\u5e02\"],[\"\\u6cb3\\u5357\\u7701\",\"\\u9a7b\\u9a6c\\u5e97\\u5e02\",\"\\u9a7f\\u57ce\\u533a\"],[\"\\u6cb3\\u5357\\u7701\",\"\\u9a7b\\u9a6c\\u5e97\\u5e02\",\"\\u897f\\u5e73\\u53bf\"],[\"\\u6cb3\\u5357\\u7701\",\"\\u9a7b\\u9a6c\\u5e97\\u5e02\",\"\\u4e0a\\u8521\\u53bf\"],[\"\\u6cb3\\u5357\\u7701\",\"\\u9a7b\\u9a6c\\u5e97\\u5e02\",\"\\u5e73\\u8206\\u53bf\"],[\"\\u6cb3\\u5357\\u7701\",\"\\u9a7b\\u9a6c\\u5e97\\u5e02\",\"\\u6b63\\u9633\\u53bf\"],[\"\\u6cb3\\u5357\\u7701\",\"\\u9a7b\\u9a6c\\u5e97\\u5e02\",\"\\u786e\\u5c71\\u53bf\"],[\"\\u6cb3\\u5357\\u7701\",\"\\u9a7b\\u9a6c\\u5e97\\u5e02\",\"\\u6ccc\\u9633\\u53bf\"],[\"\\u6cb3\\u5357\\u7701\",\"\\u9a7b\\u9a6c\\u5e97\\u5e02\",\"\\u6c5d\\u5357\\u53bf\"],[\"\\u6cb3\\u5357\\u7701\",\"\\u9a7b\\u9a6c\\u5e97\\u5e02\",\"\\u9042\\u5e73\\u53bf\"],[\"\\u6cb3\\u5357\\u7701\",\"\\u9a7b\\u9a6c\\u5e97\\u5e02\",\"\\u65b0\\u8521\\u53bf\"],[\"\\u9655\\u897f\\u7701\",\"\\u94dc\\u5ddd\\u5e02\",\"\\u738b\\u76ca\\u533a\"],[\"\\u9655\\u897f\\u7701\",\"\\u94dc\\u5ddd\\u5e02\",\"\\u5370\\u53f0\\u533a\"],[\"\\u9655\\u897f\\u7701\",\"\\u94dc\\u5ddd\\u5e02\",\"\\u8000\\u5dde\\u533a\"],[\"\\u9655\\u897f\\u7701\",\"\\u94dc\\u5ddd\\u5e02\",\"\\u5b9c\\u541b\\u53bf\"]]',0,1.00,0,0.00,1601531639,1623228706),(14,4,'[[\"\\u5168\\u56fd\",\"\\u6240\\u6709\",\"\\u6240\\u6709\"]]',0,2.00,0,0.00,1601531639,1601531639),(15,4,'[[\"\\u5168\\u56fd\",\"\\u6240\\u6709\",\"\\u6240\\u6709\"]]',0,0.00,0,0.00,1623893186,1623893186),(16,4,'[[\"\\u5168\\u56fd\",\"\\u6240\\u6709\",\"\\u6240\\u6709\"]]',0,0.00,0,0.00,1625647001,1625647001),(17,3,'[[\"\\u5168\\u56fd\",\"\\u6240\\u6709\",\"\\u6240\\u6709\"]]',0,0.00,0,0.00,1626757206,1626757206),(18,3,'[[\"\\u5168\\u56fd\",\"\\u6240\\u6709\",\"\\u6240\\u6709\"]]',0,0.00,0,0.00,1626757207,1626757207),(19,5,'[[\"\\u5168\\u56fd\",\"\\u6240\\u6709\",\"\\u6240\\u6709\"]]',0,0.00,0,0.00,1601531639,1601531639),(20,5,'[[\"\\u65b0\\u7586\\u7ef4\\u543e\\u5c14\\u81ea\\u6cbb\\u533a\",\"\\u514b\\u62c9\\u739b\\u4f9d\\u5e02\",\"\\u514b\\u62c9\\u739b\\u4f9d\\u533a\"]]',0,0.00,0,0.00,1601531639,1601531639),(21,4,'[[\"\\u5168\\u56fd\",\"\\u6240\\u6709\",\"\\u6240\\u6709\"]]',0,0.00,0,0.00,1635237755,1635237755),(22,4,'[[\"\\u5168\\u56fd\",\"\\u6240\\u6709\",\"\\u6240\\u6709\"]]',0,0.00,0,0.00,1635237756,1635237756),(23,5,'[[\"\\u5168\\u56fd\",\"\\u6240\\u6709\",\"\\u6240\\u6709\"]]',0,0.00,0,0.00,1638932472,1638932472);
/*!40000 ALTER TABLE `express_value` ENABLE KEYS */;
UNLOCK TABLES;

--
-- Table structure for table `goods`
--

DROP TABLE IF EXISTS `goods`;
/*!40101 SET @saved_cs_client     = @@character_set_client */;
/*!40101 SET character_set_client = utf8 */;
CREATE TABLE `goods` (
  `id` int(11) NOT NULL AUTO_INCREMENT,
  `title` varchar(100) DEFAULT NULL COMMENT '商品名称',
  `category_id` int(11) DEFAULT NULL COMMENT '分类id',
  `cover` varchar(255) DEFAULT NULL COMMENT '商品封面图',
  `rating` float DEFAULT '5' COMMENT '平均评分',
  `sale_count` int(11) DEFAULT '0' COMMENT '总销量',
  `review_count` int(11) DEFAULT '0' COMMENT '评论数',
  `min_price` decimal(10,2) DEFAULT NULL COMMENT '最低sku价格',
  `min_oprice` decimal(10,2) NOT NULL DEFAULT '0.00',
  `desc` varchar(255) DEFAULT NULL COMMENT '商品描述',
  `unit` varchar(10) DEFAULT NULL COMMENT '单位',
  `stock` int(11) DEFAULT '0' COMMENT '库存',
  `min_stock` int(11) DEFAULT '0' COMMENT '库存预警',
  `ischeck` tinyint(1) DEFAULT '0' COMMENT '是否审核 0审核中 1通过 2拒绝',
  `status` tinyint(1) DEFAULT '1' COMMENT '状态 0仓库1上架',
  `stock_display` tinyint(1) DEFAULT '1' COMMENT '库存显示 0隐藏 1显示',
  `express_id` int(11) DEFAULT '0' COMMENT '运费模板id',
  `sku_type` tinyint(1) DEFAULT '0' COMMENT 'sku类型：0单一，1多规格',
  `sku_value` varchar(255) DEFAULT NULL COMMENT '单一规格值',
  `content` text COMMENT '商品详情',
  `discount` float DEFAULT '0' COMMENT '折扣设置',
  `create_time` int(11) DEFAULT NULL,
  `update_time` int(11) DEFAULT NULL,
  `delete_time` int(11) DEFAULT NULL,
  `order` int(11) DEFAULT '50' COMMENT '排序',
  PRIMARY KEY (`id`)
) ENGINE=InnoDB AUTO_INCREMENT=180 DEFAULT CHARSET=utf8;
/*!40101 SET character_set_client = @saved_cs_client */;

--
-- Dumping data for table `goods`
--

LOCK TABLES `goods` WRITE;
/*!40000 ALTER TABLE `goods` DISABLE KEYS */;
INSERT INTO `goods` VALUES (25,'小米-百支酒店风抱枕套',5,'https://tangzhe123-com.oss-cn-shenzhen.aliyuncs.com/public/5984928facd569ef906becba3469810b.png',5,1,0,0.01,30.00,'酒店格调，简约品味/双雕方空，繁艺简呈/新疆纯棉，百支醇密','kg',200,10,1,1,1,1,1,'{\"oprice\":20,\"pprice\":30,\"cprice\":20,\"weight\":10,\"volume\":20}','<p>&nbsp;</p>\n<div class=\"divide-bar\" style=\"margin: 0px; padding: 0.08rem 0px; box-sizing: border-box; outline: 0px; -webkit-tap-highlight-color: transparent; background-color: #f7f7f7; color: #999999; display: flex; justify-content: center; align-items: center; font-size: 0px; font-family: \'Microsoft YaHei\';\">\n<div class=\"icon-info\" style=\"margin: 0px 0.08rem; padding: 0px; box-sizing: border-box; outline: 0px; -webkit-tap-highlight-color: transparent; position: relative; top: -0.01rem; display: flex; flex-direction: row; align-items: center; justify-content: center;\"><span class=\"taobao-iconfont \" style=\"margin: 0px; padding: 0px; box-sizing: border-box; outline: 0px; -webkit-tap-highlight-color: transparent; font-size: 0.18rem; -webkit-font-smoothing: antialiased; -webkit-text-stroke-width: 0.2px; position: relative; font-family: taobao !important;\"></span><span class=\"icon-text\" style=\"margin: 0px 0px 0px 0.01rem; padding: 0px; box-sizing: border-box; outline: 0px; -webkit-tap-highlight-color: transparent; font-size: 0.12rem;\">详情</span></div>\n</div>\n<div class=\"desc-root\" style=\"margin: 0px; padding: 0px; box-sizing: border-box; outline: 0px; -webkit-tap-highlight-color: transparent; font-family: \'Microsoft YaHei\'; font-size: 16px; background-color: #f7f7f7;\">\n<div class=\"descV6-container\" style=\"margin: 0px; padding: 0px; box-sizing: border-box; outline: 0px; -webkit-tap-highlight-color: transparent;\">\n<div class=\"descV6-mobile-container\" style=\"margin: 0px; padding: 12px 0px 0px; box-sizing: border-box; outline: 0px; -webkit-tap-highlight-color: transparent; width: 1349px; background-color: #ffffff;\"><img class=\"descV6-mobile-image lazyload\" style=\"margin: 0px; padding: 0px; box-sizing: border-box; outline: 0px; -webkit-tap-highlight-color: transparent; display: block; width: 1349px; height: 1291.44px;\" src=\"https://img.alicdn.com/imgextra/i1/2639307992/TB2z4cLqCtYBeNjSspaXXaOOFXa_!!2639307992.jpg\" /><img class=\"descV6-mobile-image lazyload\" style=\"margin: 0px; padding: 0px; box-sizing: border-box; outline: 0px; -webkit-tap-highlight-color: transparent; display: block; width: 1349px; height: 1084.59px;\" src=\"https://img.alicdn.com/imgextra/i1/2639307992/TB2qIKTqpGWBuNjy0FbXXb4sXXa_!!2639307992.jpg\" /><img class=\"descV6-mobile-image lazyload\" style=\"margin: 0px; padding: 0px; box-sizing: border-box; outline: 0px; -webkit-tap-highlight-color: transparent; display: block; width: 1349px; height: 937.109px;\" src=\"https://img.alicdn.com/imgextra/i2/2639307992/TB2KavKqER1BeNjy0FmXXb0wVXa_!!2639307992.jpg\" /><img class=\"descV6-mobile-image lazyload\" style=\"margin: 0px; padding: 0px; box-sizing: border-box; outline: 0px; -webkit-tap-highlight-color: transparent; display: block; width: 1349px; height: 1152.94px;\" src=\"https://img.alicdn.com/imgextra/i4/2639307992/TB2e2_MqrSYBuNjSspfXXcZCpXa_!!2639307992.jpg\" /><img class=\"descV6-mobile-image lazyload\" style=\"margin: 0px; padding: 0px; box-sizing: border-box; outline: 0px; -webkit-tap-highlight-color: transparent; display: block; width: 1349px; height: 1719.53px;\" src=\"https://img.alicdn.com/imgextra/i4/2639307992/TB2Ya3jqDlYBeNjSszcXXbwhFXa_!!2639307992.jpg\" /><img class=\"descV6-mobile-image lazyload\" style=\"margin: 0px; padding: 0px; box-sizing: border-box; outline: 0px; -webkit-tap-highlight-color: transparent; display: block; width: 1349px; height: 1554.05px;\" src=\"https://img.alicdn.com/imgextra/i1/2639307992/O1CN01d0bgZU28uNyAPxpFJ_!!2639307992.jpg\" /><img class=\"descV6-mobile-image lazyload\" style=\"margin: 0px; padding: 0px; box-sizing: border-box; outline: 0px; -webkit-tap-highlight-color: transparent; display: block; width: 1349px; height: 1322.02px;\" src=\"https://img.alicdn.com/imgextra/i1/2639307992/O1CN011mwqNC28uNyCTHdUC_!!2639307992.jpg\" /><img class=\"descV6-mobile-image lazyload\" style=\"margin: 0px; padding: 0px; box-sizing: border-box; outline: 0px; -webkit-tap-highlight-color: transparent; display: block; width: 1349px; height: 1244.67px;\" src=\"https://img.alicdn.com/imgextra/i3/2639307992/TB2TIB0icuYBuNkSmRyXXcA3pXa_!!2639307992.jpg\" /><img class=\"descV6-mobile-image lazyload\" style=\"margin: 0px; padding: 0px; box-sizing: border-box; outline: 0px; -webkit-tap-highlight-color: transparent; display: block; width: 1349px; height: 1030.64px;\" src=\"https://img.alicdn.com/imgextra/i1/2639307992/TB2IyYYqx9YBuNjy0FfXXXIsVXa_!!2639307992.jpg\" /><img class=\"descV6-mobile-image lazyload\" style=\"margin: 0px; padding: 0px; box-sizing: border-box; outline: 0px; -webkit-tap-highlight-color: transparent; display: block; width: 1349px; height: 1019.84px;\" src=\"https://img.alicdn.com/imgextra/i4/2639307992/TB2LkVUihuTBuNkHFNRXXc9qpXa_!!2639307992.jpg\" /><img class=\"descV6-mobile-image lazyload\" style=\"margin: 0px; padding: 0px; box-sizing: border-box; outline: 0px; -webkit-tap-highlight-color: transparent; display: block; width: 1349px; height: 1025.23px;\" src=\"https://img.alicdn.com/imgextra/i2/2639307992/TB2RRmWqxSYBuNjSsphXXbGvVXa_!!2639307992.jpg\" /><img class=\"descV6-mobile-image lazyload\" style=\"margin: 0px; padding: 0px; box-sizing: border-box; outline: 0px; -webkit-tap-highlight-color: transparent; display: block; width: 1349px; height: 1028.84px;\" src=\"https://img.alicdn.com/imgextra/i4/2639307992/TB21U2oquOSBuNjy0FdXXbDnVXa_!!2639307992.jpg\" /><img class=\"descV6-mobile-image lazyload\" style=\"margin: 0px; padding: 0px; box-sizing: border-box; outline: 0px; -webkit-tap-highlight-color: transparent; display: block; width: 1349px; height: 1023.44px;\" src=\"https://img.alicdn.com/imgextra/i3/2639307992/TB209qhindYBeNkSmLyXXXfnVXa_!!2639307992.jpg\" /><img class=\"descV6-mobile-image lazyload\" style=\"margin: 0px; padding: 0px; box-sizing: border-box; outline: 0px; -webkit-tap-highlight-color: transparent; display: block; width: 1349px; height: 1041.42px;\" src=\"https://img.alicdn.com/imgextra/i2/2639307992/TB2jHcjqDlYBeNjSszcXXbwhFXa_!!2639307992.jpg\" /><img class=\"descV6-mobile-image lazyload\" style=\"margin: 0px; padding: 0px; box-sizing: border-box; outline: 0px; -webkit-tap-highlight-color: transparent; display: block; width: 1349px; height: 1070.2px;\" src=\"https://img.alicdn.com/imgextra/i1/2639307992/TB2GAu1qqSWBuNjSsrbXXa0mVXa_!!2639307992.jpg\" /><img class=\"descV6-mobile-image lazyload\" style=\"margin: 0px; padding: 0px; box-sizing: border-box; outline: 0px; -webkit-tap-highlight-color: transparent; display: block; width: 1349px; height: 1498.3px;\" src=\"https://img.alicdn.com/imgextra/i1/2639307992/TB2eibrqr5YBuNjSspoXXbeNFXa_!!2639307992.jpg\" /><img class=\"descV6-mobile-image lazyload\" style=\"margin: 0px; padding: 0px; box-sizing: border-box; outline: 0px; -webkit-tap-highlight-color: transparent; display: block; width: 1349px; height: 1043.23px;\" src=\"https://img.alicdn.com/imgextra/i4/2639307992/O1CN01VY8oQA28uNyCA12gK_!!2639307992.jpg\" /><img class=\"descV6-mobile-image lazyload\" style=\"margin: 0px; padding: 0px; box-sizing: border-box; outline: 0px; -webkit-tap-highlight-color: transparent; display: block; width: 1349px; height: 2088.25px;\" src=\"https://img.alicdn.com/imgextra/i3/2639307992/O1CN01WM2jER28uNy6GgCIL_!!2639307992.jpg\" /><img class=\"descV6-mobile-image lazyload\" style=\"margin: 0px; padding: 0px; box-sizing: border-box; outline: 0px; -webkit-tap-highlight-color: transparent; display: block; width: 1349px; height: 1525.27px;\" src=\"https://img.alicdn.com/imgextra/i4/2639307992/O1CN01JdblOV28uNyEQ78ZQ_!!2639307992.jpg\" /><img class=\"descV6-mobile-image lazyload\" style=\"margin: 0px; padding: 0px; box-sizing: border-box; outline: 0px; -webkit-tap-highlight-color: transparent; display: block; width: 1349px; height: 1316.62px;\" src=\"https://img.alicdn.com/imgextra/i4/2639307992/TB2oZhQuASWBuNjSszdXXbeSpXa_!!2639307992.jpg\" /><img class=\"descV6-mobile-image lazyload\" style=\"margin: 0px; padding: 0px; box-sizing: border-box; outline: 0px; -webkit-tap-highlight-color: transparent; display: block; width: 1349px; height: 1629.59px;\" src=\"https://img.alicdn.com/imgextra/i4/2639307992/TB2UDE9uk9WBuNjSspeXXaz5VXa_!!2639307992.jpg\" /><img class=\"descV6-mobile-image lazyload\" style=\"margin: 0px; padding: 0px; box-sizing: border-box; outline: 0px; -webkit-tap-highlight-color: transparent; display: block; width: 1349px; height: 777.031px;\" src=\"https://img.alicdn.com/imgextra/i2/2639307992/TB2Bskmuf9TBuNjy0FcXXbeiFXa_!!2639307992.jpg\" /><img class=\"descV6-mobile-image lazyload\" style=\"margin: 0px; padding: 0px; box-sizing: border-box; outline: 0px; -webkit-tap-highlight-color: transparent; display: block; width: 1349px; height: 1395.77px;\" src=\"https://img.alicdn.com/imgextra/i3/2639307992/TB2osEwukKWBuNjy1zjXXcOypXa_!!2639307992.jpg\" /><img class=\"descV6-mobile-image lazyload\" style=\"margin: 0px; padding: 0px; box-sizing: border-box; outline: 0px; -webkit-tap-highlight-color: transparent; display: block; width: 1349px; height: 1311.23px;\" src=\"https://img.alicdn.com/imgextra/i2/2639307992/TB2Lqw7ukyWBuNjy0FpXXassXXa_!!2639307992.jpg\" /><img class=\"descV6-mobile-image lazyload\" style=\"margin: 0px; padding: 0px; box-sizing: border-box; outline: 0px; -webkit-tap-highlight-color: transparent; display: block; width: 1349px; height: 1320.22px;\" src=\"https://img.alicdn.com/imgextra/i2/2639307992/TB2Th4luxSYBuNjSspjXXX73VXa_!!2639307992.jpg\" /><img class=\"descV6-mobile-image lazyload\" style=\"margin: 0px; padding: 0px; box-sizing: border-box; outline: 0px; -webkit-tap-highlight-color: transparent; display: block; width: 1349px; height: 1688.95px;\" src=\"https://img.alicdn.com/imgextra/i2/2639307992/TB2uEdfur9YBuNjy0FgXXcxcXXa_!!2639307992.jpg\" /><img class=\"descV6-mobile-image lazyload\" style=\"margin: 0px; padding: 0px; box-sizing: border-box; outline: 0px; -webkit-tap-highlight-color: transparent; display: block; width: 1349px; height: 2088.25px;\" src=\"https://img.alicdn.com/imgextra/i1/2639307992/O1CN0195dRR128uNyF3E6fa_!!2639307992.jpg\" /><img class=\"descV6-mobile-image lazyload\" style=\"margin: 0px; padding: 0px; box-sizing: border-box; outline: 0px; -webkit-tap-highlight-color: transparent; display: block; width: 1349px; height: 78.2344px;\" src=\"https://img.alicdn.com/imgextra/i4/2639307992/O1CN01jS3HoM28uNyCPhBPF_!!2639307992.jpg\" /><img class=\"descV6-mobile-image lazyload\" style=\"margin: 0px; padding: 0px; box-sizing: border-box; outline: 0px; -webkit-tap-highlight-color: transparent; display: block; width: 1349px; height: 1440.73px;\" src=\"https://img.alicdn.com/imgextra/i1/2639307992/TB2ZpZBuXGWBuNjy0FbXXb4sXXa_!!2639307992.jpg\" /></div>\n<p>&nbsp;</p>\n</div>\n</div>',10,2019,2021,NULL,50),(26,'小米-天鹅绒柔暖四件套',5,'https://yanxuan-item.nosdn.127.net/4c536c4ea486f8d5c8a172bfaaf5b680.png',5,1,0,0.02,30.00,'天鹅绒面，丝绒时髦高级感','kg',200,10,1,1,1,1,1,'{\"oprice\":20,\"pprice\":30,\"cprice\":20,\"weight\":10,\"volume\":20}','<p>&nbsp;</p>\n<div class=\"divide-bar\" style=\"margin: 0px; padding: 0.08rem 0px; box-sizing: border-box; outline: 0px; -webkit-tap-highlight-color: transparent; background-color: #f7f7f7; color: #999999; display: flex; justify-content: center; align-items: center; font-size: 0px; font-family: \'Microsoft YaHei\';\">\n<div class=\"icon-info\" style=\"margin: 0px 0.08rem; padding: 0px; box-sizing: border-box; outline: 0px; -webkit-tap-highlight-color: transparent; position: relative; top: -0.01rem; display: flex; flex-direction: row; align-items: center; justify-content: center;\"><span class=\"taobao-iconfont \" style=\"margin: 0px; padding: 0px; box-sizing: border-box; outline: 0px; -webkit-tap-highlight-color: transparent; font-size: 0.18rem; -webkit-font-smoothing: antialiased; -webkit-text-stroke-width: 0.2px; position: relative; font-family: taobao !important;\"></span><span class=\"icon-text\" style=\"margin: 0px 0px 0px 0.01rem; padding: 0px; box-sizing: border-box; outline: 0px; -webkit-tap-highlight-color: transparent; font-size: 0.12rem;\">详情</span></div>\n</div>\n<div class=\"desc-root\" style=\"margin: 0px; padding: 0px; box-sizing: border-box; outline: 0px; -webkit-tap-highlight-color: transparent; font-family: \'Microsoft YaHei\'; font-size: 16px; background-color: #f7f7f7;\">\n<div class=\"descV6-container\" style=\"margin: 0px; padding: 0px; box-sizing: border-box; outline: 0px; -webkit-tap-highlight-color: transparent;\">\n<div class=\"descV6-mobile-container\" style=\"margin: 0px; padding: 12px 0px 0px; box-sizing: border-box; outline: 0px; -webkit-tap-highlight-color: transparent; width: 1349px; background-color: #ffffff;\"><img class=\"descV6-mobile-image lazyload\" style=\"margin: 0px; padding: 0px; box-sizing: border-box; outline: 0px; -webkit-tap-highlight-color: transparent; display: block; width: 1349px; height: 1291.44px;\" src=\"https://img.alicdn.com/imgextra/i1/2639307992/TB2z4cLqCtYBeNjSspaXXaOOFXa_!!2639307992.jpg\" /><img class=\"descV6-mobile-image lazyload\" style=\"margin: 0px; padding: 0px; box-sizing: border-box; outline: 0px; -webkit-tap-highlight-color: transparent; display: block; width: 1349px; height: 1084.59px;\" src=\"https://img.alicdn.com/imgextra/i1/2639307992/TB2qIKTqpGWBuNjy0FbXXb4sXXa_!!2639307992.jpg\" /><img class=\"descV6-mobile-image lazyload\" style=\"margin: 0px; padding: 0px; box-sizing: border-box; outline: 0px; -webkit-tap-highlight-color: transparent; display: block; width: 1349px; height: 937.109px;\" src=\"https://img.alicdn.com/imgextra/i2/2639307992/TB2KavKqER1BeNjy0FmXXb0wVXa_!!2639307992.jpg\" /><img class=\"descV6-mobile-image lazyload\" style=\"margin: 0px; padding: 0px; box-sizing: border-box; outline: 0px; -webkit-tap-highlight-color: transparent; display: block; width: 1349px; height: 1152.94px;\" src=\"https://img.alicdn.com/imgextra/i4/2639307992/TB2e2_MqrSYBuNjSspfXXcZCpXa_!!2639307992.jpg\" /><img class=\"descV6-mobile-image lazyload\" style=\"margin: 0px; padding: 0px; box-sizing: border-box; outline: 0px; -webkit-tap-highlight-color: transparent; display: block; width: 1349px; height: 1719.53px;\" src=\"https://img.alicdn.com/imgextra/i4/2639307992/TB2Ya3jqDlYBeNjSszcXXbwhFXa_!!2639307992.jpg\" /><img class=\"descV6-mobile-image lazyload\" style=\"margin: 0px; padding: 0px; box-sizing: border-box; outline: 0px; -webkit-tap-highlight-color: transparent; display: block; width: 1349px; height: 1554.05px;\" src=\"https://img.alicdn.com/imgextra/i1/2639307992/O1CN01d0bgZU28uNyAPxpFJ_!!2639307992.jpg\" /><img class=\"descV6-mobile-image lazyload\" style=\"margin: 0px; padding: 0px; box-sizing: border-box; outline: 0px; -webkit-tap-highlight-color: transparent; display: block; width: 1349px; height: 1322.02px;\" src=\"https://img.alicdn.com/imgextra/i1/2639307992/O1CN011mwqNC28uNyCTHdUC_!!2639307992.jpg\" /><img class=\"descV6-mobile-image lazyload\" style=\"margin: 0px; padding: 0px; box-sizing: border-box; outline: 0px; -webkit-tap-highlight-color: transparent; display: block; width: 1349px; height: 1244.67px;\" src=\"https://img.alicdn.com/imgextra/i3/2639307992/TB2TIB0icuYBuNkSmRyXXcA3pXa_!!2639307992.jpg\" /><img class=\"descV6-mobile-image lazyload\" style=\"margin: 0px; padding: 0px; box-sizing: border-box; outline: 0px; -webkit-tap-highlight-color: transparent; display: block; width: 1349px; height: 1030.64px;\" src=\"https://img.alicdn.com/imgextra/i1/2639307992/TB2IyYYqx9YBuNjy0FfXXXIsVXa_!!2639307992.jpg\" /><img class=\"descV6-mobile-image lazyload\" style=\"margin: 0px; padding: 0px; box-sizing: border-box; outline: 0px; -webkit-tap-highlight-color: transparent; display: block; width: 1349px; height: 1019.84px;\" src=\"https://img.alicdn.com/imgextra/i4/2639307992/TB2LkVUihuTBuNkHFNRXXc9qpXa_!!2639307992.jpg\" /><img class=\"descV6-mobile-image lazyload\" style=\"margin: 0px; padding: 0px; box-sizing: border-box; outline: 0px; -webkit-tap-highlight-color: transparent; display: block; width: 1349px; height: 1025.23px;\" src=\"https://img.alicdn.com/imgextra/i2/2639307992/TB2RRmWqxSYBuNjSsphXXbGvVXa_!!2639307992.jpg\" /><img class=\"descV6-mobile-image lazyload\" style=\"margin: 0px; padding: 0px; box-sizing: border-box; outline: 0px; -webkit-tap-highlight-color: transparent; display: block; width: 1349px; height: 1028.84px;\" src=\"https://img.alicdn.com/imgextra/i4/2639307992/TB21U2oquOSBuNjy0FdXXbDnVXa_!!2639307992.jpg\" /><img class=\"descV6-mobile-image lazyload\" style=\"margin: 0px; padding: 0px; box-sizing: border-box; outline: 0px; -webkit-tap-highlight-color: transparent; display: block; width: 1349px; height: 1023.44px;\" src=\"https://img.alicdn.com/imgextra/i3/2639307992/TB209qhindYBeNkSmLyXXXfnVXa_!!2639307992.jpg\" /><img class=\"descV6-mobile-image lazyload\" style=\"margin: 0px; padding: 0px; box-sizing: border-box; outline: 0px; -webkit-tap-highlight-color: transparent; display: block; width: 1349px; height: 1041.42px;\" src=\"https://img.alicdn.com/imgextra/i2/2639307992/TB2jHcjqDlYBeNjSszcXXbwhFXa_!!2639307992.jpg\" /><img class=\"descV6-mobile-image lazyload\" style=\"margin: 0px; padding: 0px; box-sizing: border-box; outline: 0px; -webkit-tap-highlight-color: transparent; display: block; width: 1349px; height: 1070.2px;\" src=\"https://img.alicdn.com/imgextra/i1/2639307992/TB2GAu1qqSWBuNjSsrbXXa0mVXa_!!2639307992.jpg\" /><img class=\"descV6-mobile-image lazyload\" style=\"margin: 0px; padding: 0px; box-sizing: border-box; outline: 0px; -webkit-tap-highlight-color: transparent; display: block; width: 1349px; height: 1498.3px;\" src=\"https://img.alicdn.com/imgextra/i1/2639307992/TB2eibrqr5YBuNjSspoXXbeNFXa_!!2639307992.jpg\" /><img class=\"descV6-mobile-image lazyload\" style=\"margin: 0px; padding: 0px; box-sizing: border-box; outline: 0px; -webkit-tap-highlight-color: transparent; display: block; width: 1349px; height: 1043.23px;\" src=\"https://img.alicdn.com/imgextra/i4/2639307992/O1CN01VY8oQA28uNyCA12gK_!!2639307992.jpg\" /><img class=\"descV6-mobile-image lazyload\" style=\"margin: 0px; padding: 0px; box-sizing: border-box; outline: 0px; -webkit-tap-highlight-color: transparent; display: block; width: 1349px; height: 2088.25px;\" src=\"https://img.alicdn.com/imgextra/i3/2639307992/O1CN01WM2jER28uNy6GgCIL_!!2639307992.jpg\" /><img class=\"descV6-mobile-image lazyload\" style=\"margin: 0px; padding: 0px; box-sizing: border-box; outline: 0px; -webkit-tap-highlight-color: transparent; display: block; width: 1349px; height: 1525.27px;\" src=\"https://img.alicdn.com/imgextra/i4/2639307992/O1CN01JdblOV28uNyEQ78ZQ_!!2639307992.jpg\" /><img class=\"descV6-mobile-image lazyload\" style=\"margin: 0px; padding: 0px; box-sizing: border-box; outline: 0px; -webkit-tap-highlight-color: transparent; display: block; width: 1349px; height: 1316.62px;\" src=\"https://img.alicdn.com/imgextra/i4/2639307992/TB2oZhQuASWBuNjSszdXXbeSpXa_!!2639307992.jpg\" /><img class=\"descV6-mobile-image lazyload\" style=\"margin: 0px; padding: 0px; box-sizing: border-box; outline: 0px; -webkit-tap-highlight-color: transparent; display: block; width: 1349px; height: 1629.59px;\" src=\"https://img.alicdn.com/imgextra/i4/2639307992/TB2UDE9uk9WBuNjSspeXXaz5VXa_!!2639307992.jpg\" /><img class=\"descV6-mobile-image lazyload\" style=\"margin: 0px; padding: 0px; box-sizing: border-box; outline: 0px; -webkit-tap-highlight-color: transparent; display: block; width: 1349px; height: 777.031px;\" src=\"https://img.alicdn.com/imgextra/i2/2639307992/TB2Bskmuf9TBuNjy0FcXXbeiFXa_!!2639307992.jpg\" /><img class=\"descV6-mobile-image lazyload\" style=\"margin: 0px; padding: 0px; box-sizing: border-box; outline: 0px; -webkit-tap-highlight-color: transparent; display: block; width: 1349px; height: 1395.77px;\" src=\"https://img.alicdn.com/imgextra/i3/2639307992/TB2osEwukKWBuNjy1zjXXcOypXa_!!2639307992.jpg\" /><img class=\"descV6-mobile-image lazyload\" style=\"margin: 0px; padding: 0px; box-sizing: border-box; outline: 0px; -webkit-tap-highlight-color: transparent; display: block; width: 1349px; height: 1311.23px;\" src=\"https://img.alicdn.com/imgextra/i2/2639307992/TB2Lqw7ukyWBuNjy0FpXXassXXa_!!2639307992.jpg\" /><img class=\"descV6-mobile-image lazyload\" style=\"margin: 0px; padding: 0px; box-sizing: border-box; outline: 0px; -webkit-tap-highlight-color: transparent; display: block; width: 1349px; height: 1320.22px;\" src=\"https://img.alicdn.com/imgextra/i2/2639307992/TB2Th4luxSYBuNjSspjXXX73VXa_!!2639307992.jpg\" /><img class=\"descV6-mobile-image lazyload\" style=\"margin: 0px; padding: 0px; box-sizing: border-box; outline: 0px; -webkit-tap-highlight-color: transparent; display: block; width: 1349px; height: 1688.95px;\" src=\"https://img.alicdn.com/imgextra/i2/2639307992/TB2uEdfur9YBuNjy0FgXXcxcXXa_!!2639307992.jpg\" /><img class=\"descV6-mobile-image lazyload\" style=\"margin: 0px; padding: 0px; box-sizing: border-box; outline: 0px; -webkit-tap-highlight-color: transparent; display: block; width: 1349px; height: 2088.25px;\" src=\"https://img.alicdn.com/imgextra/i1/2639307992/O1CN0195dRR128uNyF3E6fa_!!2639307992.jpg\" /><img class=\"descV6-mobile-image lazyload\" style=\"margin: 0px; padding: 0px; box-sizing: border-box; outline: 0px; -webkit-tap-highlight-color: transparent; display: block; width: 1349px; height: 78.2344px;\" src=\"https://img.alicdn.com/imgextra/i4/2639307992/O1CN01jS3HoM28uNyCPhBPF_!!2639307992.jpg\" /><img class=\"descV6-mobile-image lazyload\" style=\"margin: 0px; padding: 0px; box-sizing: border-box; outline: 0px; -webkit-tap-highlight-color: transparent; display: block; width: 1349px; height: 1440.73px;\" src=\"https://img.alicdn.com/imgextra/i1/2639307992/TB2ZpZBuXGWBuNjy0FbXXb4sXXa_!!2639307992.jpg\" /></div>\n<p>&nbsp;</p>\n</div>\n</div>',10,2019,2021,NULL,50),(27,'小米-商品1',5,'https://tangzhe123-com.oss-cn-shenzhen.aliyuncs.com/public/eb5a2d258905e0a6096af057946b0bf0.png',5,0,0,0.03,30.00,'全新十代酷睿处理器 / MX250独显 / 14寸超窄边框高清屏 / 小米手环极速解锁 / 炫酷多彩任你挑选','kg',169,10,1,1,1,1,0,'{\"oprice\":20,\"pprice\":30,\"cprice\":20,\"weight\":10,\"volume\":20}','<p>&nbsp;</p>\r\n<div class=\"divide-bar\" style=\"margin: 0px; padding: 0.08rem 0px; box-sizing: border-box; outline: 0px; -webkit-tap-highlight-color: transparent; background-color: #f7f7f7; color: #999999; display: flex; justify-content: center; align-items: center; font-size: 0px; font-family: \'Microsoft YaHei\';\">\r\n<div class=\"icon-info\" style=\"margin: 0px 0.08rem; padding: 0px; box-sizing: border-box; outline: 0px; -webkit-tap-highlight-color: transparent; position: relative; top: -0.01rem; display: flex; flex-direction: row; align-items: center; justify-content: center;\"><span class=\"taobao-iconfont \" style=\"margin: 0px; padding: 0px; box-sizing: border-box; outline: 0px; -webkit-tap-highlight-color: transparent; font-size: 0.18rem; -webkit-font-smoothing: antialiased; -webkit-text-stroke-width: 0.2px; position: relative; font-family: taobao !important;\"></span><span class=\"icon-text\" style=\"margin: 0px 0px 0px 0.01rem; padding: 0px; box-sizing: border-box; outline: 0px; -webkit-tap-highlight-color: transparent; font-size: 0.12rem;\">详情</span></div>\r\n</div>\r\n<div class=\"desc-root\" style=\"margin: 0px; padding: 0px; box-sizing: border-box; outline: 0px; -webkit-tap-highlight-color: transparent; font-family: \'Microsoft YaHei\'; font-size: 16px; background-color: #f7f7f7;\">\r\n<div class=\"descV6-container\" style=\"margin: 0px; padding: 0px; box-sizing: border-box; outline: 0px; -webkit-tap-highlight-color: transparent;\">\r\n<div class=\"descV6-mobile-container\" style=\"margin: 0px; padding: 12px 0px 0px; box-sizing: border-box; outline: 0px; -webkit-tap-highlight-color: transparent; width: 1349px; background-color: #ffffff;\"><img class=\"descV6-mobile-image lazyload\" style=\"margin: 0px; padding: 0px; box-sizing: border-box; outline: 0px; -webkit-tap-highlight-color: transparent; display: block; width: 1349px; height: 1291.44px;\" src=\"https://img.alicdn.com/imgextra/i1/2639307992/TB2z4cLqCtYBeNjSspaXXaOOFXa_!!2639307992.jpg\" /><img class=\"descV6-mobile-image lazyload\" style=\"margin: 0px; padding: 0px; box-sizing: border-box; outline: 0px; -webkit-tap-highlight-color: transparent; display: block; width: 1349px; height: 1084.59px;\" src=\"https://img.alicdn.com/imgextra/i1/2639307992/TB2qIKTqpGWBuNjy0FbXXb4sXXa_!!2639307992.jpg\" /><img class=\"descV6-mobile-image lazyload\" style=\"margin: 0px; padding: 0px; box-sizing: border-box; outline: 0px; -webkit-tap-highlight-color: transparent; display: block; width: 1349px; height: 937.109px;\" src=\"https://img.alicdn.com/imgextra/i2/2639307992/TB2KavKqER1BeNjy0FmXXb0wVXa_!!2639307992.jpg\" /><img class=\"descV6-mobile-image lazyload\" style=\"margin: 0px; padding: 0px; box-sizing: border-box; outline: 0px; -webkit-tap-highlight-color: transparent; display: block; width: 1349px; height: 1152.94px;\" src=\"https://img.alicdn.com/imgextra/i4/2639307992/TB2e2_MqrSYBuNjSspfXXcZCpXa_!!2639307992.jpg\" /><img class=\"descV6-mobile-image lazyload\" style=\"margin: 0px; padding: 0px; box-sizing: border-box; outline: 0px; -webkit-tap-highlight-color: transparent; display: block; width: 1349px; height: 1719.53px;\" src=\"https://img.alicdn.com/imgextra/i4/2639307992/TB2Ya3jqDlYBeNjSszcXXbwhFXa_!!2639307992.jpg\" /><img class=\"descV6-mobile-image lazyload\" style=\"margin: 0px; padding: 0px; box-sizing: border-box; outline: 0px; -webkit-tap-highlight-color: transparent; display: block; width: 1349px; height: 1554.05px;\" src=\"https://img.alicdn.com/imgextra/i1/2639307992/O1CN01d0bgZU28uNyAPxpFJ_!!2639307992.jpg\" /><img class=\"descV6-mobile-image lazyload\" style=\"margin: 0px; padding: 0px; box-sizing: border-box; outline: 0px; -webkit-tap-highlight-color: transparent; display: block; width: 1349px; height: 1322.02px;\" src=\"https://img.alicdn.com/imgextra/i1/2639307992/O1CN011mwqNC28uNyCTHdUC_!!2639307992.jpg\" /><img class=\"descV6-mobile-image lazyload\" style=\"margin: 0px; padding: 0px; box-sizing: border-box; outline: 0px; -webkit-tap-highlight-color: transparent; display: block; width: 1349px; height: 1244.67px;\" src=\"https://img.alicdn.com/imgextra/i3/2639307992/TB2TIB0icuYBuNkSmRyXXcA3pXa_!!2639307992.jpg\" /><img class=\"descV6-mobile-image lazyload\" style=\"margin: 0px; padding: 0px; box-sizing: border-box; outline: 0px; -webkit-tap-highlight-color: transparent; display: block; width: 1349px; height: 1030.64px;\" src=\"https://img.alicdn.com/imgextra/i1/2639307992/TB2IyYYqx9YBuNjy0FfXXXIsVXa_!!2639307992.jpg\" /><img class=\"descV6-mobile-image lazyload\" style=\"margin: 0px; padding: 0px; box-sizing: border-box; outline: 0px; -webkit-tap-highlight-color: transparent; display: block; width: 1349px; height: 1019.84px;\" src=\"https://img.alicdn.com/imgextra/i4/2639307992/TB2LkVUihuTBuNkHFNRXXc9qpXa_!!2639307992.jpg\" /><img class=\"descV6-mobile-image lazyload\" style=\"margin: 0px; padding: 0px; box-sizing: border-box; outline: 0px; -webkit-tap-highlight-color: transparent; display: block; width: 1349px; height: 1025.23px;\" src=\"https://img.alicdn.com/imgextra/i2/2639307992/TB2RRmWqxSYBuNjSsphXXbGvVXa_!!2639307992.jpg\" /><img class=\"descV6-mobile-image lazyload\" style=\"margin: 0px; padding: 0px; box-sizing: border-box; outline: 0px; -webkit-tap-highlight-color: transparent; display: block; width: 1349px; height: 1028.84px;\" src=\"https://img.alicdn.com/imgextra/i4/2639307992/TB21U2oquOSBuNjy0FdXXbDnVXa_!!2639307992.jpg\" /><img class=\"descV6-mobile-image lazyload\" style=\"margin: 0px; padding: 0px; box-sizing: border-box; outline: 0px; -webkit-tap-highlight-color: transparent; display: block; width: 1349px; height: 1023.44px;\" src=\"https://img.alicdn.com/imgextra/i3/2639307992/TB209qhindYBeNkSmLyXXXfnVXa_!!2639307992.jpg\" /><img class=\"descV6-mobile-image lazyload\" style=\"margin: 0px; padding: 0px; box-sizing: border-box; outline: 0px; -webkit-tap-highlight-color: transparent; display: block; width: 1349px; height: 1041.42px;\" src=\"https://img.alicdn.com/imgextra/i2/2639307992/TB2jHcjqDlYBeNjSszcXXbwhFXa_!!2639307992.jpg\" /><img class=\"descV6-mobile-image lazyload\" style=\"margin: 0px; padding: 0px; box-sizing: border-box; outline: 0px; -webkit-tap-highlight-color: transparent; display: block; width: 1349px; height: 1070.2px;\" src=\"https://img.alicdn.com/imgextra/i1/2639307992/TB2GAu1qqSWBuNjSsrbXXa0mVXa_!!2639307992.jpg\" /><img class=\"descV6-mobile-image lazyload\" style=\"margin: 0px; padding: 0px; box-sizing: border-box; outline: 0px; -webkit-tap-highlight-color: transparent; display: block; width: 1349px; height: 1498.3px;\" src=\"https://img.alicdn.com/imgextra/i1/2639307992/TB2eibrqr5YBuNjSspoXXbeNFXa_!!2639307992.jpg\" /><img class=\"descV6-mobile-image lazyload\" style=\"margin: 0px; padding: 0px; box-sizing: border-box; outline: 0px; -webkit-tap-highlight-color: transparent; display: block; width: 1349px; height: 1043.23px;\" src=\"https://img.alicdn.com/imgextra/i4/2639307992/O1CN01VY8oQA28uNyCA12gK_!!2639307992.jpg\" /><img class=\"descV6-mobile-image lazyload\" style=\"margin: 0px; padding: 0px; box-sizing: border-box; outline: 0px; -webkit-tap-highlight-color: transparent; display: block; width: 1349px; height: 2088.25px;\" src=\"https://img.alicdn.com/imgextra/i3/2639307992/O1CN01WM2jER28uNy6GgCIL_!!2639307992.jpg\" /><img class=\"descV6-mobile-image lazyload\" style=\"margin: 0px; padding: 0px; box-sizing: border-box; outline: 0px; -webkit-tap-highlight-color: transparent; display: block; width: 1349px; height: 1525.27px;\" src=\"https://img.alicdn.com/imgextra/i4/2639307992/O1CN01JdblOV28uNyEQ78ZQ_!!2639307992.jpg\" /><img class=\"descV6-mobile-image lazyload\" style=\"margin: 0px; padding: 0px; box-sizing: border-box; outline: 0px; -webkit-tap-highlight-color: transparent; display: block; width: 1349px; height: 1316.62px;\" src=\"https://img.alicdn.com/imgextra/i4/2639307992/TB2oZhQuASWBuNjSszdXXbeSpXa_!!2639307992.jpg\" /><img class=\"descV6-mobile-image lazyload\" style=\"margin: 0px; padding: 0px; box-sizing: border-box; outline: 0px; -webkit-tap-highlight-color: transparent; display: block; width: 1349px; height: 1629.59px;\" src=\"https://img.alicdn.com/imgextra/i4/2639307992/TB2UDE9uk9WBuNjSspeXXaz5VXa_!!2639307992.jpg\" /><img class=\"descV6-mobile-image lazyload\" style=\"margin: 0px; padding: 0px; box-sizing: border-box; outline: 0px; -webkit-tap-highlight-color: transparent; display: block; width: 1349px; height: 777.031px;\" src=\"https://img.alicdn.com/imgextra/i2/2639307992/TB2Bskmuf9TBuNjy0FcXXbeiFXa_!!2639307992.jpg\" /><img class=\"descV6-mobile-image lazyload\" style=\"margin: 0px; padding: 0px; box-sizing: border-box; outline: 0px; -webkit-tap-highlight-color: transparent; display: block; width: 1349px; height: 1395.77px;\" src=\"https://img.alicdn.com/imgextra/i3/2639307992/TB2osEwukKWBuNjy1zjXXcOypXa_!!2639307992.jpg\" /><img class=\"descV6-mobile-image lazyload\" style=\"margin: 0px; padding: 0px; box-sizing: border-box; outline: 0px; -webkit-tap-highlight-color: transparent; display: block; width: 1349px; height: 1311.23px;\" src=\"https://img.alicdn.com/imgextra/i2/2639307992/TB2Lqw7ukyWBuNjy0FpXXassXXa_!!2639307992.jpg\" /><img class=\"descV6-mobile-image lazyload\" style=\"margin: 0px; padding: 0px; box-sizing: border-box; outline: 0px; -webkit-tap-highlight-color: transparent; display: block; width: 1349px; height: 1320.22px;\" src=\"https://img.alicdn.com/imgextra/i2/2639307992/TB2Th4luxSYBuNjSspjXXX73VXa_!!2639307992.jpg\" /><img class=\"descV6-mobile-image lazyload\" style=\"margin: 0px; padding: 0px; box-sizing: border-box; outline: 0px; -webkit-tap-highlight-color: transparent; display: block; width: 1349px; height: 1688.95px;\" src=\"https://img.alicdn.com/imgextra/i2/2639307992/TB2uEdfur9YBuNjy0FgXXcxcXXa_!!2639307992.jpg\" /><img class=\"descV6-mobile-image lazyload\" style=\"margin: 0px; padding: 0px; box-sizing: border-box; outline: 0px; -webkit-tap-highlight-color: transparent; display: block; width: 1349px; height: 2088.25px;\" src=\"https://img.alicdn.com/imgextra/i1/2639307992/O1CN0195dRR128uNyF3E6fa_!!2639307992.jpg\" /><img class=\"descV6-mobile-image lazyload\" style=\"margin: 0px; padding: 0px; box-sizing: border-box; outline: 0px; -webkit-tap-highlight-color: transparent; display: block; width: 1349px; height: 78.2344px;\" src=\"https://img.alicdn.com/imgextra/i4/2639307992/O1CN01jS3HoM28uNyCPhBPF_!!2639307992.jpg\" /><img class=\"descV6-mobile-image lazyload\" style=\"margin: 0px; padding: 0px; box-sizing: border-box; outline: 0px; -webkit-tap-highlight-color: transparent; display: block; width: 1349px; height: 1440.73px;\" src=\"https://img.alicdn.com/imgextra/i1/2639307992/TB2ZpZBuXGWBuNjy0FbXXb4sXXa_!!2639307992.jpg\" /></div>\r\n<p>&nbsp;</p>\r\n</div>\r\n</div>',10,2019,2021,NULL,50),(28,'小米-商品2',3,'https://tangzhe123-com.oss-cn-shenzhen.aliyuncs.com/public/575977783cdaf86f36c41df05bd9885b.png',5,1,0,0.05,30.00,'全新十代酷睿处理器 / MX250独显 / 14寸超窄边框高清屏 / 小米手环极速解锁 / 炫酷多彩任你挑选','kg',173,10,1,1,1,1,1,'{\"oprice\":20,\"pprice\":30,\"cprice\":20,\"weight\":10,\"volume\":20}','<p>&nbsp;</p>\r\n<div class=\"divide-bar\" style=\"margin: 0px; padding: 0.08rem 0px; box-sizing: border-box; outline: 0px; -webkit-tap-highlight-color: transparent; background-color: #f7f7f7; color: #999999; display: flex; justify-content: center; align-items: center; font-size: 0px; font-family: \'Microsoft YaHei\';\">\r\n<div class=\"icon-info\" style=\"margin: 0px 0.08rem; padding: 0px; box-sizing: border-box; outline: 0px; -webkit-tap-highlight-color: transparent; position: relative; top: -0.01rem; display: flex; flex-direction: row; align-items: center; justify-content: center;\"><span class=\"taobao-iconfont \" style=\"margin: 0px; padding: 0px; box-sizing: border-box; outline: 0px; -webkit-tap-highlight-color: transparent; font-size: 0.18rem; -webkit-font-smoothing: antialiased; -webkit-text-stroke-width: 0.2px; position: relative; font-family: taobao !important;\"></span><span class=\"icon-text\" style=\"margin: 0px 0px 0px 0.01rem; padding: 0px; box-sizing: border-box; outline: 0px; -webkit-tap-highlight-color: transparent; font-size: 0.12rem;\">详情</span></div>\r\n</div>\r\n<div class=\"desc-root\" style=\"margin: 0px; padding: 0px; box-sizing: border-box; outline: 0px; -webkit-tap-highlight-color: transparent; font-family: \'Microsoft YaHei\'; font-size: 16px; background-color: #f7f7f7;\">\r\n<div class=\"descV6-container\" style=\"margin: 0px; padding: 0px; box-sizing: border-box; outline: 0px; -webkit-tap-highlight-color: transparent;\">\r\n<div class=\"descV6-mobile-container\" style=\"margin: 0px; padding: 12px 0px 0px; box-sizing: border-box; outline: 0px; -webkit-tap-highlight-color: transparent; width: 1349px; background-color: #ffffff;\"><img class=\"descV6-mobile-image lazyload\" style=\"margin: 0px; padding: 0px; box-sizing: border-box; outline: 0px; -webkit-tap-highlight-color: transparent; display: block; width: 1349px; height: 1291.44px;\" src=\"https://img.alicdn.com/imgextra/i1/2639307992/TB2z4cLqCtYBeNjSspaXXaOOFXa_!!2639307992.jpg\" /><img class=\"descV6-mobile-image lazyload\" style=\"margin: 0px; padding: 0px; box-sizing: border-box; outline: 0px; -webkit-tap-highlight-color: transparent; display: block; width: 1349px; height: 1084.59px;\" src=\"https://img.alicdn.com/imgextra/i1/2639307992/TB2qIKTqpGWBuNjy0FbXXb4sXXa_!!2639307992.jpg\" /><img class=\"descV6-mobile-image lazyload\" style=\"margin: 0px; padding: 0px; box-sizing: border-box; outline: 0px; -webkit-tap-highlight-color: transparent; display: block; width: 1349px; height: 937.109px;\" src=\"https://img.alicdn.com/imgextra/i2/2639307992/TB2KavKqER1BeNjy0FmXXb0wVXa_!!2639307992.jpg\" /><img class=\"descV6-mobile-image lazyload\" style=\"margin: 0px; padding: 0px; box-sizing: border-box; outline: 0px; -webkit-tap-highlight-color: transparent; display: block; width: 1349px; height: 1152.94px;\" src=\"https://img.alicdn.com/imgextra/i4/2639307992/TB2e2_MqrSYBuNjSspfXXcZCpXa_!!2639307992.jpg\" /><img class=\"descV6-mobile-image lazyload\" style=\"margin: 0px; padding: 0px; box-sizing: border-box; outline: 0px; -webkit-tap-highlight-color: transparent; display: block; width: 1349px; height: 1719.53px;\" src=\"https://img.alicdn.com/imgextra/i4/2639307992/TB2Ya3jqDlYBeNjSszcXXbwhFXa_!!2639307992.jpg\" /><img class=\"descV6-mobile-image lazyload\" style=\"margin: 0px; padding: 0px; box-sizing: border-box; outline: 0px; -webkit-tap-highlight-color: transparent; display: block; width: 1349px; height: 1554.05px;\" src=\"https://img.alicdn.com/imgextra/i1/2639307992/O1CN01d0bgZU28uNyAPxpFJ_!!2639307992.jpg\" /><img class=\"descV6-mobile-image lazyload\" style=\"margin: 0px; padding: 0px; box-sizing: border-box; outline: 0px; -webkit-tap-highlight-color: transparent; display: block; width: 1349px; height: 1322.02px;\" src=\"https://img.alicdn.com/imgextra/i1/2639307992/O1CN011mwqNC28uNyCTHdUC_!!2639307992.jpg\" /><img class=\"descV6-mobile-image lazyload\" style=\"margin: 0px; padding: 0px; box-sizing: border-box; outline: 0px; -webkit-tap-highlight-color: transparent; display: block; width: 1349px; height: 1244.67px;\" src=\"https://img.alicdn.com/imgextra/i3/2639307992/TB2TIB0icuYBuNkSmRyXXcA3pXa_!!2639307992.jpg\" /><img class=\"descV6-mobile-image lazyload\" style=\"margin: 0px; padding: 0px; box-sizing: border-box; outline: 0px; -webkit-tap-highlight-color: transparent; display: block; width: 1349px; height: 1030.64px;\" src=\"https://img.alicdn.com/imgextra/i1/2639307992/TB2IyYYqx9YBuNjy0FfXXXIsVXa_!!2639307992.jpg\" /><img class=\"descV6-mobile-image lazyload\" style=\"margin: 0px; padding: 0px; box-sizing: border-box; outline: 0px; -webkit-tap-highlight-color: transparent; display: block; width: 1349px; height: 1019.84px;\" src=\"https://img.alicdn.com/imgextra/i4/2639307992/TB2LkVUihuTBuNkHFNRXXc9qpXa_!!2639307992.jpg\" /><img class=\"descV6-mobile-image lazyload\" style=\"margin: 0px; padding: 0px; box-sizing: border-box; outline: 0px; -webkit-tap-highlight-color: transparent; display: block; width: 1349px; height: 1025.23px;\" src=\"https://img.alicdn.com/imgextra/i2/2639307992/TB2RRmWqxSYBuNjSsphXXbGvVXa_!!2639307992.jpg\" /><img class=\"descV6-mobile-image lazyload\" style=\"margin: 0px; padding: 0px; box-sizing: border-box; outline: 0px; -webkit-tap-highlight-color: transparent; display: block; width: 1349px; height: 1028.84px;\" src=\"https://img.alicdn.com/imgextra/i4/2639307992/TB21U2oquOSBuNjy0FdXXbDnVXa_!!2639307992.jpg\" /><img class=\"descV6-mobile-image lazyload\" style=\"margin: 0px; padding: 0px; box-sizing: border-box; outline: 0px; -webkit-tap-highlight-color: transparent; display: block; width: 1349px; height: 1023.44px;\" src=\"https://img.alicdn.com/imgextra/i3/2639307992/TB209qhindYBeNkSmLyXXXfnVXa_!!2639307992.jpg\" /><img class=\"descV6-mobile-image lazyload\" style=\"margin: 0px; padding: 0px; box-sizing: border-box; outline: 0px; -webkit-tap-highlight-color: transparent; display: block; width: 1349px; height: 1041.42px;\" src=\"https://img.alicdn.com/imgextra/i2/2639307992/TB2jHcjqDlYBeNjSszcXXbwhFXa_!!2639307992.jpg\" /><img class=\"descV6-mobile-image lazyload\" style=\"margin: 0px; padding: 0px; box-sizing: border-box; outline: 0px; -webkit-tap-highlight-color: transparent; display: block; width: 1349px; height: 1070.2px;\" src=\"https://img.alicdn.com/imgextra/i1/2639307992/TB2GAu1qqSWBuNjSsrbXXa0mVXa_!!2639307992.jpg\" /><img class=\"descV6-mobile-image lazyload\" style=\"margin: 0px; padding: 0px; box-sizing: border-box; outline: 0px; -webkit-tap-highlight-color: transparent; display: block; width: 1349px; height: 1498.3px;\" src=\"https://img.alicdn.com/imgextra/i1/2639307992/TB2eibrqr5YBuNjSspoXXbeNFXa_!!2639307992.jpg\" /><img class=\"descV6-mobile-image lazyload\" style=\"margin: 0px; padding: 0px; box-sizing: border-box; outline: 0px; -webkit-tap-highlight-color: transparent; display: block; width: 1349px; height: 1043.23px;\" src=\"https://img.alicdn.com/imgextra/i4/2639307992/O1CN01VY8oQA28uNyCA12gK_!!2639307992.jpg\" /><img class=\"descV6-mobile-image lazyload\" style=\"margin: 0px; padding: 0px; box-sizing: border-box; outline: 0px; -webkit-tap-highlight-color: transparent; display: block; width: 1349px; height: 2088.25px;\" src=\"https://img.alicdn.com/imgextra/i3/2639307992/O1CN01WM2jER28uNy6GgCIL_!!2639307992.jpg\" /><img class=\"descV6-mobile-image lazyload\" style=\"margin: 0px; padding: 0px; box-sizing: border-box; outline: 0px; -webkit-tap-highlight-color: transparent; display: block; width: 1349px; height: 1525.27px;\" src=\"https://img.alicdn.com/imgextra/i4/2639307992/O1CN01JdblOV28uNyEQ78ZQ_!!2639307992.jpg\" /><img class=\"descV6-mobile-image lazyload\" style=\"margin: 0px; padding: 0px; box-sizing: border-box; outline: 0px; -webkit-tap-highlight-color: transparent; display: block; width: 1349px; height: 1316.62px;\" src=\"https://img.alicdn.com/imgextra/i4/2639307992/TB2oZhQuASWBuNjSszdXXbeSpXa_!!2639307992.jpg\" /><img class=\"descV6-mobile-image lazyload\" style=\"margin: 0px; padding: 0px; box-sizing: border-box; outline: 0px; -webkit-tap-highlight-color: transparent; display: block; width: 1349px; height: 1629.59px;\" src=\"https://img.alicdn.com/imgextra/i4/2639307992/TB2UDE9uk9WBuNjSspeXXaz5VXa_!!2639307992.jpg\" /><img class=\"descV6-mobile-image lazyload\" style=\"margin: 0px; padding: 0px; box-sizing: border-box; outline: 0px; -webkit-tap-highlight-color: transparent; display: block; width: 1349px; height: 777.031px;\" src=\"https://img.alicdn.com/imgextra/i2/2639307992/TB2Bskmuf9TBuNjy0FcXXbeiFXa_!!2639307992.jpg\" /><img class=\"descV6-mobile-image lazyload\" style=\"margin: 0px; padding: 0px; box-sizing: border-box; outline: 0px; -webkit-tap-highlight-color: transparent; display: block; width: 1349px; height: 1395.77px;\" src=\"https://img.alicdn.com/imgextra/i3/2639307992/TB2osEwukKWBuNjy1zjXXcOypXa_!!2639307992.jpg\" /><img class=\"descV6-mobile-image lazyload\" style=\"margin: 0px; padding: 0px; box-sizing: border-box; outline: 0px; -webkit-tap-highlight-color: transparent; display: block; width: 1349px; height: 1311.23px;\" src=\"https://img.alicdn.com/imgextra/i2/2639307992/TB2Lqw7ukyWBuNjy0FpXXassXXa_!!2639307992.jpg\" /><img class=\"descV6-mobile-image lazyload\" style=\"margin: 0px; padding: 0px; box-sizing: border-box; outline: 0px; -webkit-tap-highlight-color: transparent; display: block; width: 1349px; height: 1320.22px;\" src=\"https://img.alicdn.com/imgextra/i2/2639307992/TB2Th4luxSYBuNjSspjXXX73VXa_!!2639307992.jpg\" /><img class=\"descV6-mobile-image lazyload\" style=\"margin: 0px; padding: 0px; box-sizing: border-box; outline: 0px; -webkit-tap-highlight-color: transparent; display: block; width: 1349px; height: 1688.95px;\" src=\"https://img.alicdn.com/imgextra/i2/2639307992/TB2uEdfur9YBuNjy0FgXXcxcXXa_!!2639307992.jpg\" /><img class=\"descV6-mobile-image lazyload\" style=\"margin: 0px; padding: 0px; box-sizing: border-box; outline: 0px; -webkit-tap-highlight-color: transparent; display: block; width: 1349px; height: 2088.25px;\" src=\"https://img.alicdn.com/imgextra/i1/2639307992/O1CN0195dRR128uNyF3E6fa_!!2639307992.jpg\" /><img class=\"descV6-mobile-image lazyload\" style=\"margin: 0px; padding: 0px; box-sizing: border-box; outline: 0px; -webkit-tap-highlight-color: transparent; display: block; width: 1349px; height: 78.2344px;\" src=\"https://img.alicdn.com/imgextra/i4/2639307992/O1CN01jS3HoM28uNyCPhBPF_!!2639307992.jpg\" /><img class=\"descV6-mobile-image lazyload\" style=\"margin: 0px; padding: 0px; box-sizing: border-box; outline: 0px; -webkit-tap-highlight-color: transparent; display: block; width: 1349px; height: 1440.73px;\" src=\"https://img.alicdn.com/imgextra/i1/2639307992/TB2ZpZBuXGWBuNjy0FbXXb4sXXa_!!2639307992.jpg\" /></div>\r\n<p>&nbsp;</p>\r\n</div>\r\n</div>',10,1970,1659200490,NULL,50),(29,'小米-商品3',372,'https://tangzhe123-com.oss-cn-shenzhen.aliyuncs.com/public/765a18a017acf0b5c012ce765696be6f.png',5,1,0,0.05,30.00,'全新十代酷睿处理器 / MX250独显 / 14寸超窄边框高清屏 / 小米手环极速解锁 / 炫酷多彩任你挑选','kg',179,10,1,1,1,1,1,'{\"oprice\":20,\"pprice\":30,\"cprice\":20,\"weight\":10,\"volume\":20}','<p>&nbsp;</p>\n<div class=\"divide-bar\" style=\"margin: 0px; padding: 0.08rem 0px; box-sizing: border-box; outline: 0px; -webkit-tap-highlight-color: transparent; background-color: #f7f7f7; color: #999999; display: flex; justify-content: center; align-items: center; font-size: 0px; font-family: \'Microsoft YaHei\';\">\n<div class=\"icon-info\" style=\"margin: 0px 0.08rem; padding: 0px; box-sizing: border-box; outline: 0px; -webkit-tap-highlight-color: transparent; position: relative; top: -0.01rem; display: flex; flex-direction: row; align-items: center; justify-content: center;\"><span class=\"taobao-iconfont \" style=\"margin: 0px; padding: 0px; box-sizing: border-box; outline: 0px; -webkit-tap-highlight-color: transparent; font-size: 0.18rem; -webkit-font-smoothing: antialiased; -webkit-text-stroke-width: 0.2px; position: relative; font-family: taobao !important;\"></span><span class=\"icon-text\" style=\"margin: 0px 0px 0px 0.01rem; padding: 0px; box-sizing: border-box; outline: 0px; -webkit-tap-highlight-color: transparent; font-size: 0.12rem;\">详情</span></div>\n</div>\n<div class=\"desc-root\" style=\"margin: 0px; padding: 0px; box-sizing: border-box; outline: 0px; -webkit-tap-highlight-color: transparent; font-family: \'Microsoft YaHei\'; font-size: 16px; background-color: #f7f7f7;\">\n<div class=\"descV6-container\" style=\"margin: 0px; padding: 0px; box-sizing: border-box; outline: 0px; -webkit-tap-highlight-color: transparent;\">\n<div class=\"descV6-mobile-container\" style=\"margin: 0px; padding: 12px 0px 0px; box-sizing: border-box; outline: 0px; -webkit-tap-highlight-color: transparent; width: 1349px; background-color: #ffffff;\">2222222<img class=\"descV6-mobile-image lazyload\" style=\"margin: 0px; padding: 0px; box-sizing: border-box; outline: 0px; -webkit-tap-highlight-color: transparent; display: block; width: 1349px; height: 1084.59px;\" src=\"https://img.alicdn.com/imgextra/i1/2639307992/TB2qIKTqpGWBuNjy0FbXXb4sXXa_!!2639307992.jpg\"><img class=\"descV6-mobile-image lazyload\" style=\"margin: 0px; padding: 0px; box-sizing: border-box; outline: 0px; -webkit-tap-highlight-color: transparent; display: block; width: 1349px; height: 937.109px;\" src=\"https://img.alicdn.com/imgextra/i2/2639307992/TB2KavKqER1BeNjy0FmXXb0wVXa_!!2639307992.jpg\"><img class=\"descV6-mobile-image lazyload\" style=\"margin: 0px; padding: 0px; box-sizing: border-box; outline: 0px; -webkit-tap-highlight-color: transparent; display: block; width: 1349px; height: 1152.94px;\" src=\"https://img.alicdn.com/imgextra/i4/2639307992/TB2e2_MqrSYBuNjSspfXXcZCpXa_!!2639307992.jpg\"><img class=\"descV6-mobile-image lazyload\" style=\"margin: 0px; padding: 0px; box-sizing: border-box; outline: 0px; -webkit-tap-highlight-color: transparent; display: block; width: 1349px; height: 1719.53px;\" src=\"https://img.alicdn.com/imgextra/i4/2639307992/TB2Ya3jqDlYBeNjSszcXXbwhFXa_!!2639307992.jpg\"><img class=\"descV6-mobile-image lazyload\" style=\"margin: 0px; padding: 0px; box-sizing: border-box; outline: 0px; -webkit-tap-highlight-color: transparent; display: block; width: 1349px; height: 1554.05px;\" src=\"https://img.alicdn.com/imgextra/i1/2639307992/O1CN01d0bgZU28uNyAPxpFJ_!!2639307992.jpg\"><img class=\"descV6-mobile-image lazyload\" style=\"margin: 0px; padding: 0px; box-sizing: border-box; outline: 0px; -webkit-tap-highlight-color: transparent; display: block; width: 1349px; height: 1322.02px;\" src=\"https://img.alicdn.com/imgextra/i1/2639307992/O1CN011mwqNC28uNyCTHdUC_!!2639307992.jpg\"><img class=\"descV6-mobile-image lazyload\" style=\"margin: 0px; padding: 0px; box-sizing: border-box; outline: 0px; -webkit-tap-highlight-color: transparent; display: block; width: 1349px; height: 1244.67px;\" src=\"https://img.alicdn.com/imgextra/i3/2639307992/TB2TIB0icuYBuNkSmRyXXcA3pXa_!!2639307992.jpg\"><img class=\"descV6-mobile-image lazyload\" style=\"margin: 0px; padding: 0px; box-sizing: border-box; outline: 0px; -webkit-tap-highlight-color: transparent; display: block; width: 1349px; height: 1030.64px;\" src=\"https://img.alicdn.com/imgextra/i1/2639307992/TB2IyYYqx9YBuNjy0FfXXXIsVXa_!!2639307992.jpg\"><img class=\"descV6-mobile-image lazyload\" style=\"margin: 0px; padding: 0px; box-sizing: border-box; outline: 0px; -webkit-tap-highlight-color: transparent; display: block; width: 1349px; height: 1019.84px;\" src=\"https://img.alicdn.com/imgextra/i4/2639307992/TB2LkVUihuTBuNkHFNRXXc9qpXa_!!2639307992.jpg\"><img class=\"descV6-mobile-image lazyload\" style=\"margin: 0px; padding: 0px; box-sizing: border-box; outline: 0px; -webkit-tap-highlight-color: transparent; display: block; width: 1349px; height: 1025.23px;\" src=\"https://img.alicdn.com/imgextra/i2/2639307992/TB2RRmWqxSYBuNjSsphXXbGvVXa_!!2639307992.jpg\"><img class=\"descV6-mobile-image lazyload\" style=\"margin: 0px; padding: 0px; box-sizing: border-box; outline: 0px; -webkit-tap-highlight-color: transparent; display: block; width: 1349px; height: 1028.84px;\" src=\"https://img.alicdn.com/imgextra/i4/2639307992/TB21U2oquOSBuNjy0FdXXbDnVXa_!!2639307992.jpg\"><img class=\"descV6-mobile-image lazyload\" style=\"margin: 0px; padding: 0px; box-sizing: border-box; outline: 0px; -webkit-tap-highlight-color: transparent; display: block; width: 1349px; height: 1023.44px;\" src=\"https://img.alicdn.com/imgextra/i3/2639307992/TB209qhindYBeNkSmLyXXXfnVXa_!!2639307992.jpg\"><img class=\"descV6-mobile-image lazyload\" style=\"margin: 0px; padding: 0px; box-sizing: border-box; outline: 0px; -webkit-tap-highlight-color: transparent; display: block; width: 1349px; height: 1041.42px;\" src=\"https://img.alicdn.com/imgextra/i2/2639307992/TB2jHcjqDlYBeNjSszcXXbwhFXa_!!2639307992.jpg\"><img class=\"descV6-mobile-image lazyload\" style=\"margin: 0px; padding: 0px; box-sizing: border-box; outline: 0px; -webkit-tap-highlight-color: transparent; display: block; width: 1349px; height: 1070.2px;\" src=\"https://img.alicdn.com/imgextra/i1/2639307992/TB2GAu1qqSWBuNjSsrbXXa0mVXa_!!2639307992.jpg\"><img class=\"descV6-mobile-image lazyload\" style=\"margin: 0px; padding: 0px; box-sizing: border-box; outline: 0px; -webkit-tap-highlight-color: transparent; display: block; width: 1349px; height: 1498.3px;\" src=\"https://img.alicdn.com/imgextra/i1/2639307992/TB2eibrqr5YBuNjSspoXXbeNFXa_!!2639307992.jpg\"><img class=\"descV6-mobile-image lazyload\" style=\"margin: 0px; padding: 0px; box-sizing: border-box; outline: 0px; -webkit-tap-highlight-color: transparent; display: block; width: 1349px; height: 1043.23px;\" src=\"https://img.alicdn.com/imgextra/i4/2639307992/O1CN01VY8oQA28uNyCA12gK_!!2639307992.jpg\"><img class=\"descV6-mobile-image lazyload\" style=\"margin: 0px; padding: 0px; box-sizing: border-box; outline: 0px; -webkit-tap-highlight-color: transparent; display: block; width: 1349px; height: 2088.25px;\" src=\"https://img.alicdn.com/imgextra/i3/2639307992/O1CN01WM2jER28uNy6GgCIL_!!2639307992.jpg\"><img class=\"descV6-mobile-image lazyload\" style=\"margin: 0px; padding: 0px; box-sizing: border-box; outline: 0px; -webkit-tap-highlight-color: transparent; display: block; width: 1349px; height: 1525.27px;\" src=\"https://img.alicdn.com/imgextra/i4/2639307992/O1CN01JdblOV28uNyEQ78ZQ_!!2639307992.jpg\"><img class=\"descV6-mobile-image lazyload\" style=\"margin: 0px; padding: 0px; box-sizing: border-box; outline: 0px; -webkit-tap-highlight-color: transparent; display: block; width: 1349px; height: 1316.62px;\" src=\"https://img.alicdn.com/imgextra/i4/2639307992/TB2oZhQuASWBuNjSszdXXbeSpXa_!!2639307992.jpg\"><img class=\"descV6-mobile-image lazyload\" style=\"margin: 0px; padding: 0px; box-sizing: border-box; outline: 0px; -webkit-tap-highlight-color: transparent; display: block; width: 1349px; height: 1629.59px;\" src=\"https://img.alicdn.com/imgextra/i4/2639307992/TB2UDE9uk9WBuNjSspeXXaz5VXa_!!2639307992.jpg\"><img class=\"descV6-mobile-image lazyload\" style=\"margin: 0px; padding: 0px; box-sizing: border-box; outline: 0px; -webkit-tap-highlight-color: transparent; display: block; width: 1349px; height: 777.031px;\" src=\"https://img.alicdn.com/imgextra/i2/2639307992/TB2Bskmuf9TBuNjy0FcXXbeiFXa_!!2639307992.jpg\"><img class=\"descV6-mobile-image lazyload\" style=\"margin: 0px; padding: 0px; box-sizing: border-box; outline: 0px; -webkit-tap-highlight-color: transparent; display: block; width: 1349px; height: 1395.77px;\" src=\"https://img.alicdn.com/imgextra/i3/2639307992/TB2osEwukKWBuNjy1zjXXcOypXa_!!2639307992.jpg\"><img class=\"descV6-mobile-image lazyload\" style=\"margin: 0px; padding: 0px; box-sizing: border-box; outline: 0px; -webkit-tap-highlight-color: transparent; display: block; width: 1349px; height: 1311.23px;\" src=\"https://img.alicdn.com/imgextra/i2/2639307992/TB2Lqw7ukyWBuNjy0FpXXassXXa_!!2639307992.jpg\"><img class=\"descV6-mobile-image lazyload\" style=\"margin: 0px; padding: 0px; box-sizing: border-box; outline: 0px; -webkit-tap-highlight-color: transparent; display: block; width: 1349px; height: 1320.22px;\" src=\"https://img.alicdn.com/imgextra/i2/2639307992/TB2Th4luxSYBuNjSspjXXX73VXa_!!2639307992.jpg\"><img class=\"descV6-mobile-image lazyload\" style=\"margin: 0px; padding: 0px; box-sizing: border-box; outline: 0px; -webkit-tap-highlight-color: transparent; display: block; width: 1349px; height: 1688.95px;\" src=\"https://img.alicdn.com/imgextra/i2/2639307992/TB2uEdfur9YBuNjy0FgXXcxcXXa_!!2639307992.jpg\"><img class=\"descV6-mobile-image lazyload\" style=\"margin: 0px; padding: 0px; box-sizing: border-box; outline: 0px; -webkit-tap-highlight-color: transparent; display: block; width: 1349px; height: 2088.25px;\" src=\"https://img.alicdn.com/imgextra/i1/2639307992/O1CN0195dRR128uNyF3E6fa_!!2639307992.jpg\"><img class=\"descV6-mobile-image lazyload\" style=\"margin: 0px; padding: 0px; box-sizing: border-box; outline: 0px; -webkit-tap-highlight-color: transparent; display: block; width: 1349px; height: 78.2344px;\" src=\"https://img.alicdn.com/imgextra/i4/2639307992/O1CN01jS3HoM28uNyCPhBPF_!!2639307992.jpg\"><img class=\"descV6-mobile-image lazyload\" style=\"margin: 0px; padding: 0px; box-sizing: border-box; outline: 0px; -webkit-tap-highlight-color: transparent; display: block; width: 1349px; height: 1440.73px;\" src=\"https://img.alicdn.com/imgextra/i1/2639307992/TB2ZpZBuXGWBuNjy0FbXXb4sXXa_!!2639307992.jpg\"></div>\n<p>&nbsp;</p>\n</div>\n</div>',10,2019,1658059986,NULL,50),(30,'小米-商品4单规格',5,'https://tangzhe123-com.oss-cn-shenzhen.aliyuncs.com/public/765a18a017acf0b5c012ce765696be6f.png',5,0,0,0.06,30.00,'全新十代酷睿处理器 / MX250独显 / 14寸超窄边框高清屏 / 小米手环极速解锁 / 炫酷多彩任你挑选','kg',162,10,1,1,1,1,0,'{\"oprice\":20,\"pprice\":30,\"cprice\":20,\"weight\":10,\"volume\":20}','<p>&nbsp;</p>\r\n<div class=\"divide-bar\" style=\"margin: 0px; padding: 0.08rem 0px; box-sizing: border-box; outline: 0px; -webkit-tap-highlight-color: transparent; background-color: #f7f7f7; color: #999999; display: flex; justify-content: center; align-items: center; font-size: 0px; font-family: \'Microsoft YaHei\';\">\r\n<div class=\"icon-info\" style=\"margin: 0px 0.08rem; padding: 0px; box-sizing: border-box; outline: 0px; -webkit-tap-highlight-color: transparent; position: relative; top: -0.01rem; display: flex; flex-direction: row; align-items: center; justify-content: center;\"><span class=\"taobao-iconfont \" style=\"margin: 0px; padding: 0px; box-sizing: border-box; outline: 0px; -webkit-tap-highlight-color: transparent; font-size: 0.18rem; -webkit-font-smoothing: antialiased; -webkit-text-stroke-width: 0.2px; position: relative; font-family: taobao !important;\"></span><span class=\"icon-text\" style=\"margin: 0px 0px 0px 0.01rem; padding: 0px; box-sizing: border-box; outline: 0px; -webkit-tap-highlight-color: transparent; font-size: 0.12rem;\">详情</span></div>\r\n</div>\r\n<div class=\"desc-root\" style=\"margin: 0px; padding: 0px; box-sizing: border-box; outline: 0px; -webkit-tap-highlight-color: transparent; font-family: \'Microsoft YaHei\'; font-size: 16px; background-color: #f7f7f7;\">\r\n<div class=\"descV6-container\" style=\"margin: 0px; padding: 0px; box-sizing: border-box; outline: 0px; -webkit-tap-highlight-color: transparent;\">\r\n<div class=\"descV6-mobile-container\" style=\"margin: 0px; padding: 12px 0px 0px; box-sizing: border-box; outline: 0px; -webkit-tap-highlight-color: transparent; width: 1349px; background-color: #ffffff;\"><img class=\"descV6-mobile-image lazyload\" style=\"margin: 0px; padding: 0px; box-sizing: border-box; outline: 0px; -webkit-tap-highlight-color: transparent; display: block; width: 1349px; height: 1291.44px;\" src=\"https://img.alicdn.com/imgextra/i1/2639307992/TB2z4cLqCtYBeNjSspaXXaOOFXa_!!2639307992.jpg\" /><img class=\"descV6-mobile-image lazyload\" style=\"margin: 0px; padding: 0px; box-sizing: border-box; outline: 0px; -webkit-tap-highlight-color: transparent; display: block; width: 1349px; height: 1084.59px;\" src=\"https://img.alicdn.com/imgextra/i1/2639307992/TB2qIKTqpGWBuNjy0FbXXb4sXXa_!!2639307992.jpg\" /><img class=\"descV6-mobile-image lazyload\" style=\"margin: 0px; padding: 0px; box-sizing: border-box; outline: 0px; -webkit-tap-highlight-color: transparent; display: block; width: 1349px; height: 937.109px;\" src=\"https://img.alicdn.com/imgextra/i2/2639307992/TB2KavKqER1BeNjy0FmXXb0wVXa_!!2639307992.jpg\" /><img class=\"descV6-mobile-image lazyload\" style=\"margin: 0px; padding: 0px; box-sizing: border-box; outline: 0px; -webkit-tap-highlight-color: transparent; display: block; width: 1349px; height: 1152.94px;\" src=\"https://img.alicdn.com/imgextra/i4/2639307992/TB2e2_MqrSYBuNjSspfXXcZCpXa_!!2639307992.jpg\" /><img class=\"descV6-mobile-image lazyload\" style=\"margin: 0px; padding: 0px; box-sizing: border-box; outline: 0px; -webkit-tap-highlight-color: transparent; display: block; width: 1349px; height: 1719.53px;\" src=\"https://img.alicdn.com/imgextra/i4/2639307992/TB2Ya3jqDlYBeNjSszcXXbwhFXa_!!2639307992.jpg\" /><img class=\"descV6-mobile-image lazyload\" style=\"margin: 0px; padding: 0px; box-sizing: border-box; outline: 0px; -webkit-tap-highlight-color: transparent; display: block; width: 1349px; height: 1554.05px;\" src=\"https://img.alicdn.com/imgextra/i1/2639307992/O1CN01d0bgZU28uNyAPxpFJ_!!2639307992.jpg\" /><img class=\"descV6-mobile-image lazyload\" style=\"margin: 0px; padding: 0px; box-sizing: border-box; outline: 0px; -webkit-tap-highlight-color: transparent; display: block; width: 1349px; height: 1322.02px;\" src=\"https://img.alicdn.com/imgextra/i1/2639307992/O1CN011mwqNC28uNyCTHdUC_!!2639307992.jpg\" /><img class=\"descV6-mobile-image lazyload\" style=\"margin: 0px; padding: 0px; box-sizing: border-box; outline: 0px; -webkit-tap-highlight-color: transparent; display: block; width: 1349px; height: 1244.67px;\" src=\"https://img.alicdn.com/imgextra/i3/2639307992/TB2TIB0icuYBuNkSmRyXXcA3pXa_!!2639307992.jpg\" /><img class=\"descV6-mobile-image lazyload\" style=\"margin: 0px; padding: 0px; box-sizing: border-box; outline: 0px; -webkit-tap-highlight-color: transparent; display: block; width: 1349px; height: 1030.64px;\" src=\"https://img.alicdn.com/imgextra/i1/2639307992/TB2IyYYqx9YBuNjy0FfXXXIsVXa_!!2639307992.jpg\" /><img class=\"descV6-mobile-image lazyload\" style=\"margin: 0px; padding: 0px; box-sizing: border-box; outline: 0px; -webkit-tap-highlight-color: transparent; display: block; width: 1349px; height: 1019.84px;\" src=\"https://img.alicdn.com/imgextra/i4/2639307992/TB2LkVUihuTBuNkHFNRXXc9qpXa_!!2639307992.jpg\" /><img class=\"descV6-mobile-image lazyload\" style=\"margin: 0px; padding: 0px; box-sizing: border-box; outline: 0px; -webkit-tap-highlight-color: transparent; display: block; width: 1349px; height: 1025.23px;\" src=\"https://img.alicdn.com/imgextra/i2/2639307992/TB2RRmWqxSYBuNjSsphXXbGvVXa_!!2639307992.jpg\" /><img class=\"descV6-mobile-image lazyload\" style=\"margin: 0px; padding: 0px; box-sizing: border-box; outline: 0px; -webkit-tap-highlight-color: transparent; display: block; width: 1349px; height: 1028.84px;\" src=\"https://img.alicdn.com/imgextra/i4/2639307992/TB21U2oquOSBuNjy0FdXXbDnVXa_!!2639307992.jpg\" /><img class=\"descV6-mobile-image lazyload\" style=\"margin: 0px; padding: 0px; box-sizing: border-box; outline: 0px; -webkit-tap-highlight-color: transparent; display: block; width: 1349px; height: 1023.44px;\" src=\"https://img.alicdn.com/imgextra/i3/2639307992/TB209qhindYBeNkSmLyXXXfnVXa_!!2639307992.jpg\" /><img class=\"descV6-mobile-image lazyload\" style=\"margin: 0px; padding: 0px; box-sizing: border-box; outline: 0px; -webkit-tap-highlight-color: transparent; display: block; width: 1349px; height: 1041.42px;\" src=\"https://img.alicdn.com/imgextra/i2/2639307992/TB2jHcjqDlYBeNjSszcXXbwhFXa_!!2639307992.jpg\" /><img class=\"descV6-mobile-image lazyload\" style=\"margin: 0px; padding: 0px; box-sizing: border-box; outline: 0px; -webkit-tap-highlight-color: transparent; display: block; width: 1349px; height: 1070.2px;\" src=\"https://img.alicdn.com/imgextra/i1/2639307992/TB2GAu1qqSWBuNjSsrbXXa0mVXa_!!2639307992.jpg\" /><img class=\"descV6-mobile-image lazyload\" style=\"margin: 0px; padding: 0px; box-sizing: border-box; outline: 0px; -webkit-tap-highlight-color: transparent; display: block; width: 1349px; height: 1498.3px;\" src=\"https://img.alicdn.com/imgextra/i1/2639307992/TB2eibrqr5YBuNjSspoXXbeNFXa_!!2639307992.jpg\" /><img class=\"descV6-mobile-image lazyload\" style=\"margin: 0px; padding: 0px; box-sizing: border-box; outline: 0px; -webkit-tap-highlight-color: transparent; display: block; width: 1349px; height: 1043.23px;\" src=\"https://img.alicdn.com/imgextra/i4/2639307992/O1CN01VY8oQA28uNyCA12gK_!!2639307992.jpg\" /><img class=\"descV6-mobile-image lazyload\" style=\"margin: 0px; padding: 0px; box-sizing: border-box; outline: 0px; -webkit-tap-highlight-color: transparent; display: block; width: 1349px; height: 2088.25px;\" src=\"https://img.alicdn.com/imgextra/i3/2639307992/O1CN01WM2jER28uNy6GgCIL_!!2639307992.jpg\" /><img class=\"descV6-mobile-image lazyload\" style=\"margin: 0px; padding: 0px; box-sizing: border-box; outline: 0px; -webkit-tap-highlight-color: transparent; display: block; width: 1349px; height: 1525.27px;\" src=\"https://img.alicdn.com/imgextra/i4/2639307992/O1CN01JdblOV28uNyEQ78ZQ_!!2639307992.jpg\" /><img class=\"descV6-mobile-image lazyload\" style=\"margin: 0px; padding: 0px; box-sizing: border-box; outline: 0px; -webkit-tap-highlight-color: transparent; display: block; width: 1349px; height: 1316.62px;\" src=\"https://img.alicdn.com/imgextra/i4/2639307992/TB2oZhQuASWBuNjSszdXXbeSpXa_!!2639307992.jpg\" /><img class=\"descV6-mobile-image lazyload\" style=\"margin: 0px; padding: 0px; box-sizing: border-box; outline: 0px; -webkit-tap-highlight-color: transparent; display: block; width: 1349px; height: 1629.59px;\" src=\"https://img.alicdn.com/imgextra/i4/2639307992/TB2UDE9uk9WBuNjSspeXXaz5VXa_!!2639307992.jpg\" /><img class=\"descV6-mobile-image lazyload\" style=\"margin: 0px; padding: 0px; box-sizing: border-box; outline: 0px; -webkit-tap-highlight-color: transparent; display: block; width: 1349px; height: 777.031px;\" src=\"https://img.alicdn.com/imgextra/i2/2639307992/TB2Bskmuf9TBuNjy0FcXXbeiFXa_!!2639307992.jpg\" /><img class=\"descV6-mobile-image lazyload\" style=\"margin: 0px; padding: 0px; box-sizing: border-box; outline: 0px; -webkit-tap-highlight-color: transparent; display: block; width: 1349px; height: 1395.77px;\" src=\"https://img.alicdn.com/imgextra/i3/2639307992/TB2osEwukKWBuNjy1zjXXcOypXa_!!2639307992.jpg\" /><img class=\"descV6-mobile-image lazyload\" style=\"margin: 0px; padding: 0px; box-sizing: border-box; outline: 0px; -webkit-tap-highlight-color: transparent; display: block; width: 1349px; height: 1311.23px;\" src=\"https://img.alicdn.com/imgextra/i2/2639307992/TB2Lqw7ukyWBuNjy0FpXXassXXa_!!2639307992.jpg\" /><img class=\"descV6-mobile-image lazyload\" style=\"margin: 0px; padding: 0px; box-sizing: border-box; outline: 0px; -webkit-tap-highlight-color: transparent; display: block; width: 1349px; height: 1320.22px;\" src=\"https://img.alicdn.com/imgextra/i2/2639307992/TB2Th4luxSYBuNjSspjXXX73VXa_!!2639307992.jpg\" /><img class=\"descV6-mobile-image lazyload\" style=\"margin: 0px; padding: 0px; box-sizing: border-box; outline: 0px; -webkit-tap-highlight-color: transparent; display: block; width: 1349px; height: 1688.95px;\" src=\"https://img.alicdn.com/imgextra/i2/2639307992/TB2uEdfur9YBuNjy0FgXXcxcXXa_!!2639307992.jpg\" /><img class=\"descV6-mobile-image lazyload\" style=\"margin: 0px; padding: 0px; box-sizing: border-box; outline: 0px; -webkit-tap-highlight-color: transparent; display: block; width: 1349px; height: 2088.25px;\" src=\"https://img.alicdn.com/imgextra/i1/2639307992/O1CN0195dRR128uNyF3E6fa_!!2639307992.jpg\" /><img class=\"descV6-mobile-image lazyload\" style=\"margin: 0px; padding: 0px; box-sizing: border-box; outline: 0px; -webkit-tap-highlight-color: transparent; display: block; width: 1349px; height: 78.2344px;\" src=\"https://img.alicdn.com/imgextra/i4/2639307992/O1CN01jS3HoM28uNyCPhBPF_!!2639307992.jpg\" /><img class=\"descV6-mobile-image lazyload\" style=\"margin: 0px; padding: 0px; box-sizing: border-box; outline: 0px; -webkit-tap-highlight-color: transparent; display: block; width: 1349px; height: 1440.73px;\" src=\"https://img.alicdn.com/imgextra/i1/2639307992/TB2ZpZBuXGWBuNjy0FbXXb4sXXa_!!2639307992.jpg\" /></div>\r\n<p>&nbsp;</p>\r\n</div>\r\n</div>',10,2019,2021,NULL,50),(32,'新建商品',3,'http://tangzhe123-com.oss-cn-shenzhen.aliyuncs.com/public/60bf2fe6e9e53.jpg',5,0,0,0.06,0.00,'新建商品','元',100,1,1,0,0,1,0,'{\"oprice\":10,\"pprice\":5,\"cprice\":1,\"weight\":10,\"volume\":1}','<p>&nbsp;</p>\r\n<div class=\"divide-bar\" style=\"margin: 0px; padding: 0.08rem 0px; box-sizing: border-box; outline: 0px; -webkit-tap-highlight-color: transparent; background-color: #f7f7f7; color: #999999; display: flex; justify-content: center; align-items: center; font-size: 0px; font-family: \'Microsoft YaHei\';\">\r\n<div class=\"icon-info\" style=\"margin: 0px 0.08rem; padding: 0px; box-sizing: border-box; outline: 0px; -webkit-tap-highlight-color: transparent; position: relative; top: -0.01rem; display: flex; flex-direction: row; align-items: center; justify-content: center;\"><span class=\"taobao-iconfont \" style=\"margin: 0px; padding: 0px; box-sizing: border-box; outline: 0px; -webkit-tap-highlight-color: transparent; font-size: 0.18rem; -webkit-font-smoothing: antialiased; -webkit-text-stroke-width: 0.2px; position: relative; font-family: taobao !important;\"></span><span class=\"icon-text\" style=\"margin: 0px 0px 0px 0.01rem; padding: 0px; box-sizing: border-box; outline: 0px; -webkit-tap-highlight-color: transparent; font-size: 0.12rem;\">详情</span></div>\r\n</div>\r\n<div class=\"desc-root\" style=\"margin: 0px; padding: 0px; box-sizing: border-box; outline: 0px; -webkit-tap-highlight-color: transparent; font-family: \'Microsoft YaHei\'; font-size: 16px; background-color: #f7f7f7;\">\r\n<div class=\"descV6-container\" style=\"margin: 0px; padding: 0px; box-sizing: border-box; outline: 0px; -webkit-tap-highlight-color: transparent;\">\r\n<div class=\"descV6-mobile-container\" style=\"margin: 0px; padding: 12px 0px 0px; box-sizing: border-box; outline: 0px; -webkit-tap-highlight-color: transparent; width: 1349px; background-color: #ffffff;\"><img class=\"descV6-mobile-image lazyload\" style=\"margin: 0px; padding: 0px; box-sizing: border-box; outline: 0px; -webkit-tap-highlight-color: transparent; display: block; width: 1349px; height: 1291.44px;\" src=\"https://img.alicdn.com/imgextra/i1/2639307992/TB2z4cLqCtYBeNjSspaXXaOOFXa_!!2639307992.jpg\" /><img class=\"descV6-mobile-image lazyload\" style=\"margin: 0px; padding: 0px; box-sizing: border-box; outline: 0px; -webkit-tap-highlight-color: transparent; display: block; width: 1349px; height: 1084.59px;\" src=\"https://img.alicdn.com/imgextra/i1/2639307992/TB2qIKTqpGWBuNjy0FbXXb4sXXa_!!2639307992.jpg\" /><img class=\"descV6-mobile-image lazyload\" style=\"margin: 0px; padding: 0px; box-sizing: border-box; outline: 0px; -webkit-tap-highlight-color: transparent; display: block; width: 1349px; height: 937.109px;\" src=\"https://img.alicdn.com/imgextra/i2/2639307992/TB2KavKqER1BeNjy0FmXXb0wVXa_!!2639307992.jpg\" /><img class=\"descV6-mobile-image lazyload\" style=\"margin: 0px; padding: 0px; box-sizing: border-box; outline: 0px; -webkit-tap-highlight-color: transparent; display: block; width: 1349px; height: 1152.94px;\" src=\"https://img.alicdn.com/imgextra/i4/2639307992/TB2e2_MqrSYBuNjSspfXXcZCpXa_!!2639307992.jpg\" /><img class=\"descV6-mobile-image lazyload\" style=\"margin: 0px; padding: 0px; box-sizing: border-box; outline: 0px; -webkit-tap-highlight-color: transparent; display: block; width: 1349px; height: 1719.53px;\" src=\"https://img.alicdn.com/imgextra/i4/2639307992/TB2Ya3jqDlYBeNjSszcXXbwhFXa_!!2639307992.jpg\" /><img class=\"descV6-mobile-image lazyload\" style=\"margin: 0px; padding: 0px; box-sizing: border-box; outline: 0px; -webkit-tap-highlight-color: transparent; display: block; width: 1349px; height: 1554.05px;\" src=\"https://img.alicdn.com/imgextra/i1/2639307992/O1CN01d0bgZU28uNyAPxpFJ_!!2639307992.jpg\" /><img class=\"descV6-mobile-image lazyload\" style=\"margin: 0px; padding: 0px; box-sizing: border-box; outline: 0px; -webkit-tap-highlight-color: transparent; display: block; width: 1349px; height: 1322.02px;\" src=\"https://img.alicdn.com/imgextra/i1/2639307992/O1CN011mwqNC28uNyCTHdUC_!!2639307992.jpg\" /><img class=\"descV6-mobile-image lazyload\" style=\"margin: 0px; padding: 0px; box-sizing: border-box; outline: 0px; -webkit-tap-highlight-color: transparent; display: block; width: 1349px; height: 1244.67px;\" src=\"https://img.alicdn.com/imgextra/i3/2639307992/TB2TIB0icuYBuNkSmRyXXcA3pXa_!!2639307992.jpg\" /><img class=\"descV6-mobile-image lazyload\" style=\"margin: 0px; padding: 0px; box-sizing: border-box; outline: 0px; -webkit-tap-highlight-color: transparent; display: block; width: 1349px; height: 1030.64px;\" src=\"https://img.alicdn.com/imgextra/i1/2639307992/TB2IyYYqx9YBuNjy0FfXXXIsVXa_!!2639307992.jpg\" /><img class=\"descV6-mobile-image lazyload\" style=\"margin: 0px; padding: 0px; box-sizing: border-box; outline: 0px; -webkit-tap-highlight-color: transparent; display: block; width: 1349px; height: 1019.84px;\" src=\"https://img.alicdn.com/imgextra/i4/2639307992/TB2LkVUihuTBuNkHFNRXXc9qpXa_!!2639307992.jpg\" /><img class=\"descV6-mobile-image lazyload\" style=\"margin: 0px; padding: 0px; box-sizing: border-box; outline: 0px; -webkit-tap-highlight-color: transparent; display: block; width: 1349px; height: 1025.23px;\" src=\"https://img.alicdn.com/imgextra/i2/2639307992/TB2RRmWqxSYBuNjSsphXXbGvVXa_!!2639307992.jpg\" /><img class=\"descV6-mobile-image lazyload\" style=\"margin: 0px; padding: 0px; box-sizing: border-box; outline: 0px; -webkit-tap-highlight-color: transparent; display: block; width: 1349px; height: 1028.84px;\" src=\"https://img.alicdn.com/imgextra/i4/2639307992/TB21U2oquOSBuNjy0FdXXbDnVXa_!!2639307992.jpg\" /><img class=\"descV6-mobile-image lazyload\" style=\"margin: 0px; padding: 0px; box-sizing: border-box; outline: 0px; -webkit-tap-highlight-color: transparent; display: block; width: 1349px; height: 1023.44px;\" src=\"https://img.alicdn.com/imgextra/i3/2639307992/TB209qhindYBeNkSmLyXXXfnVXa_!!2639307992.jpg\" /><img class=\"descV6-mobile-image lazyload\" style=\"margin: 0px; padding: 0px; box-sizing: border-box; outline: 0px; -webkit-tap-highlight-color: transparent; display: block; width: 1349px; height: 1041.42px;\" src=\"https://img.alicdn.com/imgextra/i2/2639307992/TB2jHcjqDlYBeNjSszcXXbwhFXa_!!2639307992.jpg\" /><img class=\"descV6-mobile-image lazyload\" style=\"margin: 0px; padding: 0px; box-sizing: border-box; outline: 0px; -webkit-tap-highlight-color: transparent; display: block; width: 1349px; height: 1070.2px;\" src=\"https://img.alicdn.com/imgextra/i1/2639307992/TB2GAu1qqSWBuNjSsrbXXa0mVXa_!!2639307992.jpg\" /><img class=\"descV6-mobile-image lazyload\" style=\"margin: 0px; padding: 0px; box-sizing: border-box; outline: 0px; -webkit-tap-highlight-color: transparent; display: block; width: 1349px; height: 1498.3px;\" src=\"https://img.alicdn.com/imgextra/i1/2639307992/TB2eibrqr5YBuNjSspoXXbeNFXa_!!2639307992.jpg\" /><img class=\"descV6-mobile-image lazyload\" style=\"margin: 0px; padding: 0px; box-sizing: border-box; outline: 0px; -webkit-tap-highlight-color: transparent; display: block; width: 1349px; height: 1043.23px;\" src=\"https://img.alicdn.com/imgextra/i4/2639307992/O1CN01VY8oQA28uNyCA12gK_!!2639307992.jpg\" /><img class=\"descV6-mobile-image lazyload\" style=\"margin: 0px; padding: 0px; box-sizing: border-box; outline: 0px; -webkit-tap-highlight-color: transparent; display: block; width: 1349px; height: 2088.25px;\" src=\"https://img.alicdn.com/imgextra/i3/2639307992/O1CN01WM2jER28uNy6GgCIL_!!2639307992.jpg\" /><img class=\"descV6-mobile-image lazyload\" style=\"margin: 0px; padding: 0px; box-sizing: border-box; outline: 0px; -webkit-tap-highlight-color: transparent; display: block; width: 1349px; height: 1525.27px;\" src=\"https://img.alicdn.com/imgextra/i4/2639307992/O1CN01JdblOV28uNyEQ78ZQ_!!2639307992.jpg\" /><img class=\"descV6-mobile-image lazyload\" style=\"margin: 0px; padding: 0px; box-sizing: border-box; outline: 0px; -webkit-tap-highlight-color: transparent; display: block; width: 1349px; height: 1316.62px;\" src=\"https://img.alicdn.com/imgextra/i4/2639307992/TB2oZhQuASWBuNjSszdXXbeSpXa_!!2639307992.jpg\" /><img class=\"descV6-mobile-image lazyload\" style=\"margin: 0px; padding: 0px; box-sizing: border-box; outline: 0px; -webkit-tap-highlight-color: transparent; display: block; width: 1349px; height: 1629.59px;\" src=\"https://img.alicdn.com/imgextra/i4/2639307992/TB2UDE9uk9WBuNjSspeXXaz5VXa_!!2639307992.jpg\" /><img class=\"descV6-mobile-image lazyload\" style=\"margin: 0px; padding: 0px; box-sizing: border-box; outline: 0px; -webkit-tap-highlight-color: transparent; display: block; width: 1349px; height: 777.031px;\" src=\"https://img.alicdn.com/imgextra/i2/2639307992/TB2Bskmuf9TBuNjy0FcXXbeiFXa_!!2639307992.jpg\" /><img class=\"descV6-mobile-image lazyload\" style=\"margin: 0px; padding: 0px; box-sizing: border-box; outline: 0px; -webkit-tap-highlight-color: transparent; display: block; width: 1349px; height: 1395.77px;\" src=\"https://img.alicdn.com/imgextra/i3/2639307992/TB2osEwukKWBuNjy1zjXXcOypXa_!!2639307992.jpg\" /><img class=\"descV6-mobile-image lazyload\" style=\"margin: 0px; padding: 0px; box-sizing: border-box; outline: 0px; -webkit-tap-highlight-color: transparent; display: block; width: 1349px; height: 1311.23px;\" src=\"https://img.alicdn.com/imgextra/i2/2639307992/TB2Lqw7ukyWBuNjy0FpXXassXXa_!!2639307992.jpg\" /><img class=\"descV6-mobile-image lazyload\" style=\"margin: 0px; padding: 0px; box-sizing: border-box; outline: 0px; -webkit-tap-highlight-color: transparent; display: block; width: 1349px; height: 1320.22px;\" src=\"https://img.alicdn.com/imgextra/i2/2639307992/TB2Th4luxSYBuNjSspjXXX73VXa_!!2639307992.jpg\" /><img class=\"descV6-mobile-image lazyload\" style=\"margin: 0px; padding: 0px; box-sizing: border-box; outline: 0px; -webkit-tap-highlight-color: transparent; display: block; width: 1349px; height: 1688.95px;\" src=\"https://img.alicdn.com/imgextra/i2/2639307992/TB2uEdfur9YBuNjy0FgXXcxcXXa_!!2639307992.jpg\" /><img class=\"descV6-mobile-image lazyload\" style=\"margin: 0px; padding: 0px; box-sizing: border-box; outline: 0px; -webkit-tap-highlight-color: transparent; display: block; width: 1349px; height: 2088.25px;\" src=\"https://img.alicdn.com/imgextra/i1/2639307992/O1CN0195dRR128uNyF3E6fa_!!2639307992.jpg\" /><img class=\"descV6-mobile-image lazyload\" style=\"margin: 0px; padding: 0px; box-sizing: border-box; outline: 0px; -webkit-tap-highlight-color: transparent; display: block; width: 1349px; height: 78.2344px;\" src=\"https://img.alicdn.com/imgextra/i4/2639307992/O1CN01jS3HoM28uNyCPhBPF_!!2639307992.jpg\" /><img class=\"descV6-mobile-image lazyload\" style=\"margin: 0px; padding: 0px; box-sizing: border-box; outline: 0px; -webkit-tap-highlight-color: transparent; display: block; width: 1349px; height: 1440.73px;\" src=\"https://img.alicdn.com/imgextra/i1/2639307992/TB2ZpZBuXGWBuNjy0FbXXb4sXXa_!!2639307992.jpg\" /></div>\r\n<p>&nbsp;</p>\r\n</div>\r\n</div>',0,2020,1655576341,NULL,50),(35,'新建商品',4,'http://tangzhe123-com.oss-cn-shenzhen.aliyuncs.com/public/60bf2fe6e9e53.jpg',5,0,0,0.06,0.00,'新建商品','元',100,1,2,1,0,1,0,'{\"oprice\":10,\"pprice\":9,\"cprice\":5,\"weight\":0,\"volume\":0}','<!DOCTYPE html>\n<html>\n<head>\n</head>\n<body>\n<p>2112</p>\n<div class=\"divide-bar\" style=\"margin: 0px; padding: 0.08rem 0px; box-sizing: border-box; outline: 0px; -webkit-tap-highlight-color: transparent; background-color: #f7f7f7; color: #999999; display: flex; justify-content: center; align-items: center; font-size: 0px; font-family: \'Microsoft YaHei\';\">\n<div class=\"icon-info\" style=\"margin: 0px 0.08rem; padding: 0px; box-sizing: border-box; outline: 0px; -webkit-tap-highlight-color: transparent; position: relative; top: -0.01rem; display: flex; flex-direction: row; align-items: center; justify-content: center;\"><span class=\"taobao-iconfont \" style=\"margin: 0px; padding: 0px; box-sizing: border-box; outline: 0px; -webkit-tap-highlight-color: transparent; font-size: 0.18rem; -webkit-font-smoothing: antialiased; -webkit-text-stroke-width: 0.2px; position: relative; font-family: taobao !important;\"></span><span class=\"icon-text\" style=\"margin: 0px 0px 0px 0.01rem; padding: 0px; box-sizing: border-box; outline: 0px; -webkit-tap-highlight-color: transparent; font-size: 0.12rem;\">详情</span></div>\n</div>\n<div class=\"desc-root\" style=\"margin: 0px; padding: 0px; box-sizing: border-box; outline: 0px; -webkit-tap-highlight-color: transparent; font-family: \'Microsoft YaHei\'; font-size: 16px; background-color: #f7f7f7;\">\n<div class=\"descV6-container\" style=\"margin: 0px; padding: 0px; box-sizing: border-box; outline: 0px; -webkit-tap-highlight-color: transparent;\">\n<div class=\"descV6-mobile-container\" style=\"margin: 0px; padding: 12px 0px 0px; box-sizing: border-box; outline: 0px; -webkit-tap-highlight-color: transparent; width: 1349px; background-color: #ffffff;\"><img class=\"descV6-mobile-image lazyload\" style=\"margin: 0px; padding: 0px; box-sizing: border-box; outline: 0px; -webkit-tap-highlight-color: transparent; display: block; width: 1349px; height: 1291.44px;\" src=\"https://img.alicdn.com/imgextra/i1/2639307992/TB2z4cLqCtYBeNjSspaXXaOOFXa_!!2639307992.jpg\" /><img class=\"descV6-mobile-image lazyload\" style=\"margin: 0px; padding: 0px; box-sizing: border-box; outline: 0px; -webkit-tap-highlight-color: transparent; display: block; width: 1349px; height: 1084.59px;\" src=\"https://img.alicdn.com/imgextra/i1/2639307992/TB2qIKTqpGWBuNjy0FbXXb4sXXa_!!2639307992.jpg\" /><img class=\"descV6-mobile-image lazyload\" style=\"margin: 0px; padding: 0px; box-sizing: border-box; outline: 0px; -webkit-tap-highlight-color: transparent; display: block; width: 1349px; height: 937.109px;\" src=\"https://img.alicdn.com/imgextra/i2/2639307992/TB2KavKqER1BeNjy0FmXXb0wVXa_!!2639307992.jpg\" /><img class=\"descV6-mobile-image lazyload\" style=\"margin: 0px; padding: 0px; box-sizing: border-box; outline: 0px; -webkit-tap-highlight-color: transparent; display: block; width: 1349px; height: 1152.94px;\" src=\"https://img.alicdn.com/imgextra/i4/2639307992/TB2e2_MqrSYBuNjSspfXXcZCpXa_!!2639307992.jpg\" /><img class=\"descV6-mobile-image lazyload\" style=\"margin: 0px; padding: 0px; box-sizing: border-box; outline: 0px; -webkit-tap-highlight-color: transparent; display: block; width: 1349px; height: 1719.53px;\" src=\"https://img.alicdn.com/imgextra/i4/2639307992/TB2Ya3jqDlYBeNjSszcXXbwhFXa_!!2639307992.jpg\" /><img class=\"descV6-mobile-image lazyload\" style=\"margin: 0px; padding: 0px; box-sizing: border-box; outline: 0px; -webkit-tap-highlight-color: transparent; display: block; width: 1349px; height: 1554.05px;\" src=\"https://img.alicdn.com/imgextra/i1/2639307992/O1CN01d0bgZU28uNyAPxpFJ_!!2639307992.jpg\" /><img class=\"descV6-mobile-image lazyload\" style=\"margin: 0px; padding: 0px; box-sizing: border-box; outline: 0px; -webkit-tap-highlight-color: transparent; display: block; width: 1349px; height: 1322.02px;\" src=\"https://img.alicdn.com/imgextra/i1/2639307992/O1CN011mwqNC28uNyCTHdUC_!!2639307992.jpg\" /><img class=\"descV6-mobile-image lazyload\" style=\"margin: 0px; padding: 0px; box-sizing: border-box; outline: 0px; -webkit-tap-highlight-color: transparent; display: block; width: 1349px; height: 1244.67px;\" src=\"https://img.alicdn.com/imgextra/i3/2639307992/TB2TIB0icuYBuNkSmRyXXcA3pXa_!!2639307992.jpg\" /><img class=\"descV6-mobile-image lazyload\" style=\"margin: 0px; padding: 0px; box-sizing: border-box; outline: 0px; -webkit-tap-highlight-color: transparent; display: block; width: 1349px; height: 1030.64px;\" src=\"https://img.alicdn.com/imgextra/i1/2639307992/TB2IyYYqx9YBuNjy0FfXXXIsVXa_!!2639307992.jpg\" /><img class=\"descV6-mobile-image lazyload\" style=\"margin: 0px; padding: 0px; box-sizing: border-box; outline: 0px; -webkit-tap-highlight-color: transparent; display: block; width: 1349px; height: 1019.84px;\" src=\"https://img.alicdn.com/imgextra/i4/2639307992/TB2LkVUihuTBuNkHFNRXXc9qpXa_!!2639307992.jpg\" /><img class=\"descV6-mobile-image lazyload\" style=\"margin: 0px; padding: 0px; box-sizing: border-box; outline: 0px; -webkit-tap-highlight-color: transparent; display: block; width: 1349px; height: 1025.23px;\" src=\"https://img.alicdn.com/imgextra/i2/2639307992/TB2RRmWqxSYBuNjSsphXXbGvVXa_!!2639307992.jpg\" /><img class=\"descV6-mobile-image lazyload\" style=\"margin: 0px; padding: 0px; box-sizing: border-box; outline: 0px; -webkit-tap-highlight-color: transparent; display: block; width: 1349px; height: 1028.84px;\" src=\"https://img.alicdn.com/imgextra/i4/2639307992/TB21U2oquOSBuNjy0FdXXbDnVXa_!!2639307992.jpg\" /><img class=\"descV6-mobile-image lazyload\" style=\"margin: 0px; padding: 0px; box-sizing: border-box; outline: 0px; -webkit-tap-highlight-color: transparent; display: block; width: 1349px; height: 1023.44px;\" src=\"https://img.alicdn.com/imgextra/i3/2639307992/TB209qhindYBeNkSmLyXXXfnVXa_!!2639307992.jpg\" /><img class=\"descV6-mobile-image lazyload\" style=\"margin: 0px; padding: 0px; box-sizing: border-box; outline: 0px; -webkit-tap-highlight-color: transparent; display: block; width: 1349px; height: 1041.42px;\" src=\"https://img.alicdn.com/imgextra/i2/2639307992/TB2jHcjqDlYBeNjSszcXXbwhFXa_!!2639307992.jpg\" /><img class=\"descV6-mobile-image lazyload\" style=\"margin: 0px; padding: 0px; box-sizing: border-box; outline: 0px; -webkit-tap-highlight-color: transparent; display: block; width: 1349px; height: 1070.2px;\" src=\"https://img.alicdn.com/imgextra/i1/2639307992/TB2GAu1qqSWBuNjSsrbXXa0mVXa_!!2639307992.jpg\" /><img class=\"descV6-mobile-image lazyload\" style=\"margin: 0px; padding: 0px; box-sizing: border-box; outline: 0px; -webkit-tap-highlight-color: transparent; display: block; width: 1349px; height: 1498.3px;\" src=\"https://img.alicdn.com/imgextra/i1/2639307992/TB2eibrqr5YBuNjSspoXXbeNFXa_!!2639307992.jpg\" /><img class=\"descV6-mobile-image lazyload\" style=\"margin: 0px; padding: 0px; box-sizing: border-box; outline: 0px; -webkit-tap-highlight-color: transparent; display: block; width: 1349px; height: 1043.23px;\" src=\"https://img.alicdn.com/imgextra/i4/2639307992/O1CN01VY8oQA28uNyCA12gK_!!2639307992.jpg\" /><img class=\"descV6-mobile-image lazyload\" style=\"margin: 0px; padding: 0px; box-sizing: border-box; outline: 0px; -webkit-tap-highlight-color: transparent; display: block; width: 1349px; height: 2088.25px;\" src=\"https://img.alicdn.com/imgextra/i3/2639307992/O1CN01WM2jER28uNy6GgCIL_!!2639307992.jpg\" /><img class=\"descV6-mobile-image lazyload\" style=\"margin: 0px; padding: 0px; box-sizing: border-box; outline: 0px; -webkit-tap-highlight-color: transparent; display: block; width: 1349px; height: 1525.27px;\" src=\"https://img.alicdn.com/imgextra/i4/2639307992/O1CN01JdblOV28uNyEQ78ZQ_!!2639307992.jpg\" /><img class=\"descV6-mobile-image lazyload\" style=\"margin: 0px; padding: 0px; box-sizing: border-box; outline: 0px; -webkit-tap-highlight-color: transparent; display: block; width: 1349px; height: 1316.62px;\" src=\"https://img.alicdn.com/imgextra/i4/2639307992/TB2oZhQuASWBuNjSszdXXbeSpXa_!!2639307992.jpg\" /><img class=\"descV6-mobile-image lazyload\" style=\"margin: 0px; padding: 0px; box-sizing: border-box; outline: 0px; -webkit-tap-highlight-color: transparent; display: block; width: 1349px; height: 1629.59px;\" src=\"https://img.alicdn.com/imgextra/i4/2639307992/TB2UDE9uk9WBuNjSspeXXaz5VXa_!!2639307992.jpg\" /><img class=\"descV6-mobile-image lazyload\" style=\"margin: 0px; padding: 0px; box-sizing: border-box; outline: 0px; -webkit-tap-highlight-color: transparent; display: block; width: 1349px; height: 777.031px;\" src=\"https://img.alicdn.com/imgextra/i2/2639307992/TB2Bskmuf9TBuNjy0FcXXbeiFXa_!!2639307992.jpg\" /><img class=\"descV6-mobile-image lazyload\" style=\"margin: 0px; padding: 0px; box-sizing: border-box; outline: 0px; -webkit-tap-highlight-color: transparent; display: block; width: 1349px; height: 1395.77px;\" src=\"https://img.alicdn.com/imgextra/i3/2639307992/TB2osEwukKWBuNjy1zjXXcOypXa_!!2639307992.jpg\" /><img class=\"descV6-mobile-image lazyload\" style=\"margin: 0px; padding: 0px; box-sizing: border-box; outline: 0px; -webkit-tap-highlight-color: transparent; display: block; width: 1349px; height: 1311.23px;\" src=\"https://img.alicdn.com/imgextra/i2/2639307992/TB2Lqw7ukyWBuNjy0FpXXassXXa_!!2639307992.jpg\" /><img class=\"descV6-mobile-image lazyload\" style=\"margin: 0px; padding: 0px; box-sizing: border-box; outline: 0px; -webkit-tap-highlight-color: transparent; display: block; width: 1349px; height: 1320.22px;\" src=\"https://img.alicdn.com/imgextra/i2/2639307992/TB2Th4luxSYBuNjSspjXXX73VXa_!!2639307992.jpg\" /><img class=\"descV6-mobile-image lazyload\" style=\"margin: 0px; padding: 0px; box-sizing: border-box; outline: 0px; -webkit-tap-highlight-color: transparent; display: block; width: 1349px; height: 1688.95px;\" src=\"https://img.alicdn.com/imgextra/i2/2639307992/TB2uEdfur9YBuNjy0FgXXcxcXXa_!!2639307992.jpg\" /><img class=\"descV6-mobile-image lazyload\" style=\"margin: 0px; padding: 0px; box-sizing: border-box; outline: 0px; -webkit-tap-highlight-color: transparent; display: block; width: 1349px; height: 2088.25px;\" src=\"https://img.alicdn.com/imgextra/i1/2639307992/O1CN0195dRR128uNyF3E6fa_!!2639307992.jpg\" /><img class=\"descV6-mobile-image lazyload\" style=\"margin: 0px; padding: 0px; box-sizing: border-box; outline: 0px; -webkit-tap-highlight-color: transparent; display: block; width: 1349px; height: 78.2344px;\" src=\"https://img.alicdn.com/imgextra/i4/2639307992/O1CN01jS3HoM28uNyCPhBPF_!!2639307992.jpg\" /><img class=\"descV6-mobile-image lazyload\" style=\"margin: 0px; padding: 0px; box-sizing: border-box; outline: 0px; -webkit-tap-highlight-color: transparent; display: block; width: 1349px; height: 1440.73px;\" src=\"https://img.alicdn.com/imgextra/i1/2639307992/TB2ZpZBuXGWBuNjy0FbXXb4sXXa_!!2639307992.jpg\" /></div>\n<p>&nbsp;</p>\n</div>\n</div>\n</body>\n</html>',0,1970,1659176103,NULL,50),(36,'新建商品111',5,'http://tangzhe123-com.oss-cn-shenzhen.aliyuncs.com/public/60bf2abe4605b.jpg',5,0,0,0.06,0.10,'新建商品','元',100,1,2,1,1,3,1,NULL,'<p>&nbsp;</p>\r\n<div class=\"divide-bar\" style=\"margin: 0px; padding: 0.08rem 0px; box-sizing: border-box; outline: 0px; -webkit-tap-highlight-color: transparent; background-color: #f7f7f7; color: #999999; display: flex; justify-content: center; align-items: center; font-size: 0px; font-family: \'Microsoft YaHei\';\">\r\n<div class=\"icon-info\" style=\"margin: 0px 0.08rem; padding: 0px; box-sizing: border-box; outline: 0px; -webkit-tap-highlight-color: transparent; position: relative; top: -0.01rem; display: flex; flex-direction: row; align-items: center; justify-content: center;\"><span class=\"taobao-iconfont \" style=\"margin: 0px; padding: 0px; box-sizing: border-box; outline: 0px; -webkit-tap-highlight-color: transparent; font-size: 0.18rem; -webkit-font-smoothing: antialiased; -webkit-text-stroke-width: 0.2px; position: relative; font-family: taobao !important;\"></span><span class=\"icon-text\" style=\"margin: 0px 0px 0px 0.01rem; padding: 0px; box-sizing: border-box; outline: 0px; -webkit-tap-highlight-color: transparent; font-size: 0.12rem;\">详情</span></div>\r\n</div>\r\n<div class=\"desc-root\" style=\"margin: 0px; padding: 0px; box-sizing: border-box; outline: 0px; -webkit-tap-highlight-color: transparent; font-family: \'Microsoft YaHei\'; font-size: 16px; background-color: #f7f7f7;\">\r\n<div class=\"descV6-container\" style=\"margin: 0px; padding: 0px; box-sizing: border-box; outline: 0px; -webkit-tap-highlight-color: transparent;\">\r\n<div class=\"descV6-mobile-container\" style=\"margin: 0px; padding: 12px 0px 0px; box-sizing: border-box; outline: 0px; -webkit-tap-highlight-color: transparent; width: 1349px; background-color: #ffffff;\"><img class=\"descV6-mobile-image lazyload\" style=\"margin: 0px; padding: 0px; box-sizing: border-box; outline: 0px; -webkit-tap-highlight-color: transparent; display: block; width: 1349px; height: 1291.44px;\" src=\"https://img.alicdn.com/imgextra/i1/2639307992/TB2z4cLqCtYBeNjSspaXXaOOFXa_!!2639307992.jpg\" /><img class=\"descV6-mobile-image lazyload\" style=\"margin: 0px; padding: 0px; box-sizing: border-box; outline: 0px; -webkit-tap-highlight-color: transparent; display: block; width: 1349px; height: 1084.59px;\" src=\"https://img.alicdn.com/imgextra/i1/2639307992/TB2qIKTqpGWBuNjy0FbXXb4sXXa_!!2639307992.jpg\" /><img class=\"descV6-mobile-image lazyload\" style=\"margin: 0px; padding: 0px; box-sizing: border-box; outline: 0px; -webkit-tap-highlight-color: transparent; display: block; width: 1349px; height: 937.109px;\" src=\"https://img.alicdn.com/imgextra/i2/2639307992/TB2KavKqER1BeNjy0FmXXb0wVXa_!!2639307992.jpg\" /><img class=\"descV6-mobile-image lazyload\" style=\"margin: 0px; padding: 0px; box-sizing: border-box; outline: 0px; -webkit-tap-highlight-color: transparent; display: block; width: 1349px; height: 1152.94px;\" src=\"https://img.alicdn.com/imgextra/i4/2639307992/TB2e2_MqrSYBuNjSspfXXcZCpXa_!!2639307992.jpg\" /><img class=\"descV6-mobile-image lazyload\" style=\"margin: 0px; padding: 0px; box-sizing: border-box; outline: 0px; -webkit-tap-highlight-color: transparent; display: block; width: 1349px; height: 1719.53px;\" src=\"https://img.alicdn.com/imgextra/i4/2639307992/TB2Ya3jqDlYBeNjSszcXXbwhFXa_!!2639307992.jpg\" /><img class=\"descV6-mobile-image lazyload\" style=\"margin: 0px; padding: 0px; box-sizing: border-box; outline: 0px; -webkit-tap-highlight-color: transparent; display: block; width: 1349px; height: 1554.05px;\" src=\"https://img.alicdn.com/imgextra/i1/2639307992/O1CN01d0bgZU28uNyAPxpFJ_!!2639307992.jpg\" /><img class=\"descV6-mobile-image lazyload\" style=\"margin: 0px; padding: 0px; box-sizing: border-box; outline: 0px; -webkit-tap-highlight-color: transparent; display: block; width: 1349px; height: 1322.02px;\" src=\"https://img.alicdn.com/imgextra/i1/2639307992/O1CN011mwqNC28uNyCTHdUC_!!2639307992.jpg\" /><img class=\"descV6-mobile-image lazyload\" style=\"margin: 0px; padding: 0px; box-sizing: border-box; outline: 0px; -webkit-tap-highlight-color: transparent; display: block; width: 1349px; height: 1244.67px;\" src=\"https://img.alicdn.com/imgextra/i3/2639307992/TB2TIB0icuYBuNkSmRyXXcA3pXa_!!2639307992.jpg\" /><img class=\"descV6-mobile-image lazyload\" style=\"margin: 0px; padding: 0px; box-sizing: border-box; outline: 0px; -webkit-tap-highlight-color: transparent; display: block; width: 1349px; height: 1030.64px;\" src=\"https://img.alicdn.com/imgextra/i1/2639307992/TB2IyYYqx9YBuNjy0FfXXXIsVXa_!!2639307992.jpg\" /><img class=\"descV6-mobile-image lazyload\" style=\"margin: 0px; padding: 0px; box-sizing: border-box; outline: 0px; -webkit-tap-highlight-color: transparent; display: block; width: 1349px; height: 1019.84px;\" src=\"https://img.alicdn.com/imgextra/i4/2639307992/TB2LkVUihuTBuNkHFNRXXc9qpXa_!!2639307992.jpg\" /><img class=\"descV6-mobile-image lazyload\" style=\"margin: 0px; padding: 0px; box-sizing: border-box; outline: 0px; -webkit-tap-highlight-color: transparent; display: block; width: 1349px; height: 1025.23px;\" src=\"https://img.alicdn.com/imgextra/i2/2639307992/TB2RRmWqxSYBuNjSsphXXbGvVXa_!!2639307992.jpg\" /><img class=\"descV6-mobile-image lazyload\" style=\"margin: 0px; padding: 0px; box-sizing: border-box; outline: 0px; -webkit-tap-highlight-color: transparent; display: block; width: 1349px; height: 1028.84px;\" src=\"https://img.alicdn.com/imgextra/i4/2639307992/TB21U2oquOSBuNjy0FdXXbDnVXa_!!2639307992.jpg\" /><img class=\"descV6-mobile-image lazyload\" style=\"margin: 0px; padding: 0px; box-sizing: border-box; outline: 0px; -webkit-tap-highlight-color: transparent; display: block; width: 1349px; height: 1023.44px;\" src=\"https://img.alicdn.com/imgextra/i3/2639307992/TB209qhindYBeNkSmLyXXXfnVXa_!!2639307992.jpg\" /><img class=\"descV6-mobile-image lazyload\" style=\"margin: 0px; padding: 0px; box-sizing: border-box; outline: 0px; -webkit-tap-highlight-color: transparent; display: block; width: 1349px; height: 1041.42px;\" src=\"https://img.alicdn.com/imgextra/i2/2639307992/TB2jHcjqDlYBeNjSszcXXbwhFXa_!!2639307992.jpg\" /><img class=\"descV6-mobile-image lazyload\" style=\"margin: 0px; padding: 0px; box-sizing: border-box; outline: 0px; -webkit-tap-highlight-color: transparent; display: block; width: 1349px; height: 1070.2px;\" src=\"https://img.alicdn.com/imgextra/i1/2639307992/TB2GAu1qqSWBuNjSsrbXXa0mVXa_!!2639307992.jpg\" /><img class=\"descV6-mobile-image lazyload\" style=\"margin: 0px; padding: 0px; box-sizing: border-box; outline: 0px; -webkit-tap-highlight-color: transparent; display: block; width: 1349px; height: 1498.3px;\" src=\"https://img.alicdn.com/imgextra/i1/2639307992/TB2eibrqr5YBuNjSspoXXbeNFXa_!!2639307992.jpg\" /><img class=\"descV6-mobile-image lazyload\" style=\"margin: 0px; padding: 0px; box-sizing: border-box; outline: 0px; -webkit-tap-highlight-color: transparent; display: block; width: 1349px; height: 1043.23px;\" src=\"https://img.alicdn.com/imgextra/i4/2639307992/O1CN01VY8oQA28uNyCA12gK_!!2639307992.jpg\" /><img class=\"descV6-mobile-image lazyload\" style=\"margin: 0px; padding: 0px; box-sizing: border-box; outline: 0px; -webkit-tap-highlight-color: transparent; display: block; width: 1349px; height: 2088.25px;\" src=\"https://img.alicdn.com/imgextra/i3/2639307992/O1CN01WM2jER28uNy6GgCIL_!!2639307992.jpg\" /><img class=\"descV6-mobile-image lazyload\" style=\"margin: 0px; padding: 0px; box-sizing: border-box; outline: 0px; -webkit-tap-highlight-color: transparent; display: block; width: 1349px; height: 1525.27px;\" src=\"https://img.alicdn.com/imgextra/i4/2639307992/O1CN01JdblOV28uNyEQ78ZQ_!!2639307992.jpg\" /><img class=\"descV6-mobile-image lazyload\" style=\"margin: 0px; padding: 0px; box-sizing: border-box; outline: 0px; -webkit-tap-highlight-color: transparent; display: block; width: 1349px; height: 1316.62px;\" src=\"https://img.alicdn.com/imgextra/i4/2639307992/TB2oZhQuASWBuNjSszdXXbeSpXa_!!2639307992.jpg\" /><img class=\"descV6-mobile-image lazyload\" style=\"margin: 0px; padding: 0px; box-sizing: border-box; outline: 0px; -webkit-tap-highlight-color: transparent; display: block; width: 1349px; height: 1629.59px;\" src=\"https://img.alicdn.com/imgextra/i4/2639307992/TB2UDE9uk9WBuNjSspeXXaz5VXa_!!2639307992.jpg\" /><img class=\"descV6-mobile-image lazyload\" style=\"margin: 0px; padding: 0px; box-sizing: border-box; outline: 0px; -webkit-tap-highlight-color: transparent; display: block; width: 1349px; height: 777.031px;\" src=\"https://img.alicdn.com/imgextra/i2/2639307992/TB2Bskmuf9TBuNjy0FcXXbeiFXa_!!2639307992.jpg\" /><img class=\"descV6-mobile-image lazyload\" style=\"margin: 0px; padding: 0px; box-sizing: border-box; outline: 0px; -webkit-tap-highlight-color: transparent; display: block; width: 1349px; height: 1395.77px;\" src=\"https://img.alicdn.com/imgextra/i3/2639307992/TB2osEwukKWBuNjy1zjXXcOypXa_!!2639307992.jpg\" /><img class=\"descV6-mobile-image lazyload\" style=\"margin: 0px; padding: 0px; box-sizing: border-box; outline: 0px; -webkit-tap-highlight-color: transparent; display: block; width: 1349px; height: 1311.23px;\" src=\"https://img.alicdn.com/imgextra/i2/2639307992/TB2Lqw7ukyWBuNjy0FpXXassXXa_!!2639307992.jpg\" /><img class=\"descV6-mobile-image lazyload\" style=\"margin: 0px; padding: 0px; box-sizing: border-box; outline: 0px; -webkit-tap-highlight-color: transparent; display: block; width: 1349px; height: 1320.22px;\" src=\"https://img.alicdn.com/imgextra/i2/2639307992/TB2Th4luxSYBuNjSspjXXX73VXa_!!2639307992.jpg\" /><img class=\"descV6-mobile-image lazyload\" style=\"margin: 0px; padding: 0px; box-sizing: border-box; outline: 0px; -webkit-tap-highlight-color: transparent; display: block; width: 1349px; height: 1688.95px;\" src=\"https://img.alicdn.com/imgextra/i2/2639307992/TB2uEdfur9YBuNjy0FgXXcxcXXa_!!2639307992.jpg\" /><img class=\"descV6-mobile-image lazyload\" style=\"margin: 0px; padding: 0px; box-sizing: border-box; outline: 0px; -webkit-tap-highlight-color: transparent; display: block; width: 1349px; height: 2088.25px;\" src=\"https://img.alicdn.com/imgextra/i1/2639307992/O1CN0195dRR128uNyF3E6fa_!!2639307992.jpg\" /><img class=\"descV6-mobile-image lazyload\" style=\"margin: 0px; padding: 0px; box-sizing: border-box; outline: 0px; -webkit-tap-highlight-color: transparent; display: block; width: 1349px; height: 78.2344px;\" src=\"https://img.alicdn.com/imgextra/i4/2639307992/O1CN01jS3HoM28uNyCPhBPF_!!2639307992.jpg\" /><img class=\"descV6-mobile-image lazyload\" style=\"margin: 0px; padding: 0px; box-sizing: border-box; outline: 0px; -webkit-tap-highlight-color: transparent; display: block; width: 1349px; height: 1440.73px;\" src=\"https://img.alicdn.com/imgextra/i1/2639307992/TB2ZpZBuXGWBuNjy0FbXXb4sXXa_!!2639307992.jpg\" /></div>\r\n<p>&nbsp;</p>\r\n</div>\r\n</div>',0,1970,1655484103,NULL,50),(37,'新建商品1',373,'http://tangzhe123-com.oss-cn-shenzhen.aliyuncs.com/public/62aeaa73b9041.jpg',5,0,0,0.06,0.00,'新建商品','元',100,1,2,1,1,1,0,'{\"oprice\":0.9,\"pprice\":0.5,\"cprice\":0.1,\"weight\":0,\"volume\":0}','<p>&nbsp;<img src=\"http://tangzhe123-com.oss-cn-shenzhen.aliyuncs.com/public/5e4cecfd2232a.jpg\" /> 324234324</p>',0,1970,2021,NULL,50),(38,'嘎嘎嘎',3,'http://tangzhe123-com.oss-cn-shenzhen.aliyuncs.com/public/60bf2a5d961f4.jpg',5,0,0,100.00,150.00,'完美的人物','元',64,1,1,0,0,1,0,'{\"oprice\":100,\"pprice\":90,\"cprice\":80,\"weight\":0,\"volume\":0}','<p>&nbsp;</p>\n<div class=\"divide-bar\" style=\"margin: 0px; padding: 0.08rem 0px; box-sizing: border-box; outline: 0px; -webkit-tap-highlight-color: transparent; background-color: #f7f7f7; color: #999999; display: flex; justify-content: center; align-items: center; font-size: 0px; font-family: \'Microsoft YaHei\';\">\n<div class=\"icon-info\" style=\"margin: 0px 0.08rem; padding: 0px; box-sizing: border-box; outline: 0px; -webkit-tap-highlight-color: transparent; position: relative; top: -0.01rem; display: flex; flex-direction: row; align-items: center; justify-content: center;\"><span class=\"taobao-iconfont \" style=\"margin: 0px; padding: 0px; box-sizing: border-box; outline: 0px; -webkit-tap-highlight-color: transparent; font-size: 0.18rem; -webkit-font-smoothing: antialiased; -webkit-text-stroke-width: 0.2px; position: relative; font-family: taobao !important;\"></span><span class=\"icon-text\" style=\"margin: 0px 0px 0px 0.01rem; padding: 0px; box-sizing: border-box; outline: 0px; -webkit-tap-highlight-color: transparent; font-size: 0.12rem;\">详情</span></div>\n</div>\n<div class=\"desc-root\" style=\"margin: 0px; padding: 0px; box-sizing: border-box; outline: 0px; -webkit-tap-highlight-color: transparent; font-family: \'Microsoft YaHei\'; font-size: 16px; background-color: #f7f7f7;\">\n<div class=\"descV6-container\" style=\"margin: 0px; padding: 0px; box-sizing: border-box; outline: 0px; -webkit-tap-highlight-color: transparent;\">\n<div class=\"descV6-mobile-container\" style=\"margin: 0px; padding: 12px 0px 0px; box-sizing: border-box; outline: 0px; -webkit-tap-highlight-color: transparent; width: 1349px; background-color: #ffffff;\"><img class=\"descV6-mobile-image lazyload\" style=\"margin: 0px; padding: 0px; box-sizing: border-box; outline: 0px; -webkit-tap-highlight-color: transparent; display: block; width: 1349px; height: 1291.44px;\" src=\"https://img.alicdn.com/imgextra/i1/2639307992/TB2z4cLqCtYBeNjSspaXXaOOFXa_!!2639307992.jpg\" /><img class=\"descV6-mobile-image lazyload\" style=\"margin: 0px; padding: 0px; box-sizing: border-box; outline: 0px; -webkit-tap-highlight-color: transparent; display: block; width: 1349px; height: 1084.59px;\" src=\"https://img.alicdn.com/imgextra/i1/2639307992/TB2qIKTqpGWBuNjy0FbXXb4sXXa_!!2639307992.jpg\" /><img class=\"descV6-mobile-image lazyload\" style=\"margin: 0px; padding: 0px; box-sizing: border-box; outline: 0px; -webkit-tap-highlight-color: transparent; display: block; width: 1349px; height: 937.109px;\" src=\"https://img.alicdn.com/imgextra/i2/2639307992/TB2KavKqER1BeNjy0FmXXb0wVXa_!!2639307992.jpg\" /><img class=\"descV6-mobile-image lazyload\" style=\"margin: 0px; padding: 0px; box-sizing: border-box; outline: 0px; -webkit-tap-highlight-color: transparent; display: block; width: 1349px; height: 1152.94px;\" src=\"https://img.alicdn.com/imgextra/i4/2639307992/TB2e2_MqrSYBuNjSspfXXcZCpXa_!!2639307992.jpg\" /><img class=\"descV6-mobile-image lazyload\" style=\"margin: 0px; padding: 0px; box-sizing: border-box; outline: 0px; -webkit-tap-highlight-color: transparent; display: block; width: 1349px; height: 1719.53px;\" src=\"https://img.alicdn.com/imgextra/i4/2639307992/TB2Ya3jqDlYBeNjSszcXXbwhFXa_!!2639307992.jpg\" /><img class=\"descV6-mobile-image lazyload\" style=\"margin: 0px; padding: 0px; box-sizing: border-box; outline: 0px; -webkit-tap-highlight-color: transparent; display: block; width: 1349px; height: 1554.05px;\" src=\"https://img.alicdn.com/imgextra/i1/2639307992/O1CN01d0bgZU28uNyAPxpFJ_!!2639307992.jpg\" /><img class=\"descV6-mobile-image lazyload\" style=\"margin: 0px; padding: 0px; box-sizing: border-box; outline: 0px; -webkit-tap-highlight-color: transparent; display: block; width: 1349px; height: 1322.02px;\" src=\"https://img.alicdn.com/imgextra/i1/2639307992/O1CN011mwqNC28uNyCTHdUC_!!2639307992.jpg\" /><img class=\"descV6-mobile-image lazyload\" style=\"margin: 0px; padding: 0px; box-sizing: border-box; outline: 0px; -webkit-tap-highlight-color: transparent; display: block; width: 1349px; height: 1244.67px;\" src=\"https://img.alicdn.com/imgextra/i3/2639307992/TB2TIB0icuYBuNkSmRyXXcA3pXa_!!2639307992.jpg\" /><img class=\"descV6-mobile-image lazyload\" style=\"margin: 0px; padding: 0px; box-sizing: border-box; outline: 0px; -webkit-tap-highlight-color: transparent; display: block; width: 1349px; height: 1030.64px;\" src=\"https://img.alicdn.com/imgextra/i1/2639307992/TB2IyYYqx9YBuNjy0FfXXXIsVXa_!!2639307992.jpg\" /><img class=\"descV6-mobile-image lazyload\" style=\"margin: 0px; padding: 0px; box-sizing: border-box; outline: 0px; -webkit-tap-highlight-color: transparent; display: block; width: 1349px; height: 1019.84px;\" src=\"https://img.alicdn.com/imgextra/i4/2639307992/TB2LkVUihuTBuNkHFNRXXc9qpXa_!!2639307992.jpg\" /><img class=\"descV6-mobile-image lazyload\" style=\"margin: 0px; padding: 0px; box-sizing: border-box; outline: 0px; -webkit-tap-highlight-color: transparent; display: block; width: 1349px; height: 1025.23px;\" src=\"https://img.alicdn.com/imgextra/i2/2639307992/TB2RRmWqxSYBuNjSsphXXbGvVXa_!!2639307992.jpg\" /><img class=\"descV6-mobile-image lazyload\" style=\"margin: 0px; padding: 0px; box-sizing: border-box; outline: 0px; -webkit-tap-highlight-color: transparent; display: block; width: 1349px; height: 1028.84px;\" src=\"https://img.alicdn.com/imgextra/i4/2639307992/TB21U2oquOSBuNjy0FdXXbDnVXa_!!2639307992.jpg\" /><img class=\"descV6-mobile-image lazyload\" style=\"margin: 0px; padding: 0px; box-sizing: border-box; outline: 0px; -webkit-tap-highlight-color: transparent; display: block; width: 1349px; height: 1023.44px;\" src=\"https://img.alicdn.com/imgextra/i3/2639307992/TB209qhindYBeNkSmLyXXXfnVXa_!!2639307992.jpg\" /><img class=\"descV6-mobile-image lazyload\" style=\"margin: 0px; padding: 0px; box-sizing: border-box; outline: 0px; -webkit-tap-highlight-color: transparent; display: block; width: 1349px; height: 1041.42px;\" src=\"https://img.alicdn.com/imgextra/i2/2639307992/TB2jHcjqDlYBeNjSszcXXbwhFXa_!!2639307992.jpg\" /><img class=\"descV6-mobile-image lazyload\" style=\"margin: 0px; padding: 0px; box-sizing: border-box; outline: 0px; -webkit-tap-highlight-color: transparent; display: block; width: 1349px; height: 1070.2px;\" src=\"https://img.alicdn.com/imgextra/i1/2639307992/TB2GAu1qqSWBuNjSsrbXXa0mVXa_!!2639307992.jpg\" /><img class=\"descV6-mobile-image lazyload\" style=\"margin: 0px; padding: 0px; box-sizing: border-box; outline: 0px; -webkit-tap-highlight-color: transparent; display: block; width: 1349px; height: 1498.3px;\" src=\"https://img.alicdn.com/imgextra/i1/2639307992/TB2eibrqr5YBuNjSspoXXbeNFXa_!!2639307992.jpg\" /><img class=\"descV6-mobile-image lazyload\" style=\"margin: 0px; padding: 0px; box-sizing: border-box; outline: 0px; -webkit-tap-highlight-color: transparent; display: block; width: 1349px; height: 1043.23px;\" src=\"https://img.alicdn.com/imgextra/i4/2639307992/O1CN01VY8oQA28uNyCA12gK_!!2639307992.jpg\" /><img class=\"descV6-mobile-image lazyload\" style=\"margin: 0px; padding: 0px; box-sizing: border-box; outline: 0px; -webkit-tap-highlight-color: transparent; display: block; width: 1349px; height: 2088.25px;\" src=\"https://img.alicdn.com/imgextra/i3/2639307992/O1CN01WM2jER28uNy6GgCIL_!!2639307992.jpg\" /><img class=\"descV6-mobile-image lazyload\" style=\"margin: 0px; padding: 0px; box-sizing: border-box; outline: 0px; -webkit-tap-highlight-color: transparent; display: block; width: 1349px; height: 1525.27px;\" src=\"https://img.alicdn.com/imgextra/i4/2639307992/O1CN01JdblOV28uNyEQ78ZQ_!!2639307992.jpg\" /><img class=\"descV6-mobile-image lazyload\" style=\"margin: 0px; padding: 0px; box-sizing: border-box; outline: 0px; -webkit-tap-highlight-color: transparent; display: block; width: 1349px; height: 1316.62px;\" src=\"https://img.alicdn.com/imgextra/i4/2639307992/TB2oZhQuASWBuNjSszdXXbeSpXa_!!2639307992.jpg\" /><img class=\"descV6-mobile-image lazyload\" style=\"margin: 0px; padding: 0px; box-sizing: border-box; outline: 0px; -webkit-tap-highlight-color: transparent; display: block; width: 1349px; height: 1629.59px;\" src=\"https://img.alicdn.com/imgextra/i4/2639307992/TB2UDE9uk9WBuNjSspeXXaz5VXa_!!2639307992.jpg\" /><img class=\"descV6-mobile-image lazyload\" style=\"margin: 0px; padding: 0px; box-sizing: border-box; outline: 0px; -webkit-tap-highlight-color: transparent; display: block; width: 1349px; height: 777.031px;\" src=\"https://img.alicdn.com/imgextra/i2/2639307992/TB2Bskmuf9TBuNjy0FcXXbeiFXa_!!2639307992.jpg\" /><img class=\"descV6-mobile-image lazyload\" style=\"margin: 0px; padding: 0px; box-sizing: border-box; outline: 0px; -webkit-tap-highlight-color: transparent; display: block; width: 1349px; height: 1395.77px;\" src=\"https://img.alicdn.com/imgextra/i3/2639307992/TB2osEwukKWBuNjy1zjXXcOypXa_!!2639307992.jpg\" /><img class=\"descV6-mobile-image lazyload\" style=\"margin: 0px; padding: 0px; box-sizing: border-box; outline: 0px; -webkit-tap-highlight-color: transparent; display: block; width: 1349px; height: 1311.23px;\" src=\"https://img.alicdn.com/imgextra/i2/2639307992/TB2Lqw7ukyWBuNjy0FpXXassXXa_!!2639307992.jpg\" /><img class=\"descV6-mobile-image lazyload\" style=\"margin: 0px; padding: 0px; box-sizing: border-box; outline: 0px; -webkit-tap-highlight-color: transparent; display: block; width: 1349px; height: 1320.22px;\" src=\"https://img.alicdn.com/imgextra/i2/2639307992/TB2Th4luxSYBuNjSspjXXX73VXa_!!2639307992.jpg\" /><img class=\"descV6-mobile-image lazyload\" style=\"margin: 0px; padding: 0px; box-sizing: border-box; outline: 0px; -webkit-tap-highlight-color: transparent; display: block; width: 1349px; height: 1688.95px;\" src=\"https://img.alicdn.com/imgextra/i2/2639307992/TB2uEdfur9YBuNjy0FgXXcxcXXa_!!2639307992.jpg\" /><img class=\"descV6-mobile-image lazyload\" style=\"margin: 0px; padding: 0px; box-sizing: border-box; outline: 0px; -webkit-tap-highlight-color: transparent; display: block; width: 1349px; height: 2088.25px;\" src=\"https://img.alicdn.com/imgextra/i1/2639307992/O1CN0195dRR128uNyF3E6fa_!!2639307992.jpg\" /><img class=\"descV6-mobile-image lazyload\" style=\"margin: 0px; padding: 0px; box-sizing: border-box; outline: 0px; -webkit-tap-highlight-color: transparent; display: block; width: 1349px; height: 78.2344px;\" src=\"https://img.alicdn.com/imgextra/i4/2639307992/O1CN01jS3HoM28uNyCPhBPF_!!2639307992.jpg\" /><img class=\"descV6-mobile-image lazyload\" style=\"margin: 0px; padding: 0px; box-sizing: border-box; outline: 0px; -webkit-tap-highlight-color: transparent; display: block; width: 1349px; height: 1440.73px;\" src=\"https://img.alicdn.com/imgextra/i1/2639307992/TB2ZpZBuXGWBuNjy0FbXXb4sXXa_!!2639307992.jpg\" /></div>\n<p>&nbsp;</p>\n</div>\n</div>',0,1970,1638880843,NULL,50),(39,'新建商品',3,'http://tangzhe123-com.oss-cn-shenzhen.aliyuncs.com/public/60029fca47cda.jpg',5,0,0,0.06,0.00,'新建商品','元',100,1,2,1,0,1,0,'{\"oprice\":100,\"pprice\":20,\"cprice\":30,\"weight\":40,\"volume\":50}','<!DOCTYPE html>\n<html>\n<head>\n</head>\n<body>\n<p><span style=\"font-family: \'arial black\', \'avant garde\'; font-size: 48px;\">4564565656654646456546565464564564565464564646456456464646464646456</span></p>\n<div class=\"divide-bar\" style=\"margin: 0px; padding: 0.08rem 0px; box-sizing: border-box; outline: 0px; -webkit-tap-highlight-color: transparent; background-color: #f7f7f7; color: #999999; display: flex; justify-content: center; align-items: center; font-size: 0px; font-family: \'Microsoft YaHei\';\">\n<div class=\"icon-info\" style=\"margin: 0px 0.08rem; padding: 0px; box-sizing: border-box; outline: 0px; -webkit-tap-highlight-color: transparent; position: relative; top: -0.01rem; display: flex; flex-direction: row; align-items: center; justify-content: center;\"><span class=\"taobao-iconfont \" style=\"margin: 0px; padding: 0px; box-sizing: border-box; outline: 0px; -webkit-tap-highlight-color: transparent; font-size: 0.18rem; -webkit-font-smoothing: antialiased; -webkit-text-stroke-width: 0.2px; position: relative; font-family: taobao !important;\">66564</span><span class=\"icon-text\" style=\"margin: 0px 0px 0px 0.01rem; padding: 0px; box-sizing: border-box; outline: 0px; -webkit-tap-highlight-color: transparent; font-size: 0.12rem;\">详情</span></div>\n</div>\n<div class=\"desc-root\" style=\"margin: 0px; padding: 0px; box-sizing: border-box; outline: 0px; -webkit-tap-highlight-color: transparent; font-family: \'Microsoft YaHei\'; font-size: 16px; background-color: #f7f7f7;\">\n<div class=\"descV6-container\" style=\"margin: 0px; padding: 0px; box-sizing: border-box; outline: 0px; -webkit-tap-highlight-color: transparent;\">\n<div class=\"descV6-mobile-container\" style=\"margin: 0px; padding: 12px 0px 0px; box-sizing: border-box; outline: 0px; -webkit-tap-highlight-color: transparent; width: 1349px; background-color: #ffffff;\"><img class=\"descV6-mobile-image lazyload\" style=\"margin: 0px; padding: 0px; box-sizing: border-box; outline: 0px; -webkit-tap-highlight-color: transparent; display: block; width: 1349px; height: 1291.44px;\" src=\"https://img.alicdn.com/imgextra/i1/2639307992/TB2z4cLqCtYBeNjSspaXXaOOFXa_!!2639307992.jpg\" /><img class=\"descV6-mobile-image lazyload\" style=\"margin: 0px; padding: 0px; box-sizing: border-box; outline: 0px; -webkit-tap-highlight-color: transparent; display: block; width: 1349px; height: 1084.59px;\" src=\"https://img.alicdn.com/imgextra/i1/2639307992/TB2qIKTqpGWBuNjy0FbXXb4sXXa_!!2639307992.jpg\" /><img class=\"descV6-mobile-image lazyload\" style=\"margin: 0px; padding: 0px; box-sizing: border-box; outline: 0px; -webkit-tap-highlight-color: transparent; display: block; width: 1349px; height: 937.109px;\" src=\"https://img.alicdn.com/imgextra/i2/2639307992/TB2KavKqER1BeNjy0FmXXb0wVXa_!!2639307992.jpg\" /><img class=\"descV6-mobile-image lazyload\" style=\"margin: 0px; padding: 0px; box-sizing: border-box; outline: 0px; -webkit-tap-highlight-color: transparent; display: block; width: 1349px; height: 1152.94px;\" src=\"https://img.alicdn.com/imgextra/i4/2639307992/TB2e2_MqrSYBuNjSspfXXcZCpXa_!!2639307992.jpg\" /><img class=\"descV6-mobile-image lazyload\" style=\"margin: 0px; padding: 0px; box-sizing: border-box; outline: 0px; -webkit-tap-highlight-color: transparent; display: block; width: 1349px; height: 1719.53px;\" src=\"https://img.alicdn.com/imgextra/i4/2639307992/TB2Ya3jqDlYBeNjSszcXXbwhFXa_!!2639307992.jpg\" /><img class=\"descV6-mobile-image lazyload\" style=\"margin: 0px; padding: 0px; box-sizing: border-box; outline: 0px; -webkit-tap-highlight-color: transparent; display: block; width: 1349px; height: 1554.05px;\" src=\"https://img.alicdn.com/imgextra/i1/2639307992/O1CN01d0bgZU28uNyAPxpFJ_!!2639307992.jpg\" /><img class=\"descV6-mobile-image lazyload\" style=\"margin: 0px; padding: 0px; box-sizing: border-box; outline: 0px; -webkit-tap-highlight-color: transparent; display: block; width: 1349px; height: 1322.02px;\" src=\"https://img.alicdn.com/imgextra/i1/2639307992/O1CN011mwqNC28uNyCTHdUC_!!2639307992.jpg\" /><img class=\"descV6-mobile-image lazyload\" style=\"margin: 0px; padding: 0px; box-sizing: border-box; outline: 0px; -webkit-tap-highlight-color: transparent; display: block; width: 1349px; height: 1244.67px;\" src=\"https://img.alicdn.com/imgextra/i3/2639307992/TB2TIB0icuYBuNkSmRyXXcA3pXa_!!2639307992.jpg\" /><img class=\"descV6-mobile-image lazyload\" style=\"margin: 0px; padding: 0px; box-sizing: border-box; outline: 0px; -webkit-tap-highlight-color: transparent; display: block; width: 1349px; height: 1030.64px;\" src=\"https://img.alicdn.com/imgextra/i1/2639307992/TB2IyYYqx9YBuNjy0FfXXXIsVXa_!!2639307992.jpg\" /><img class=\"descV6-mobile-image lazyload\" style=\"margin: 0px; padding: 0px; box-sizing: border-box; outline: 0px; -webkit-tap-highlight-color: transparent; display: block; width: 1349px; height: 1019.84px;\" src=\"https://img.alicdn.com/imgextra/i4/2639307992/TB2LkVUihuTBuNkHFNRXXc9qpXa_!!2639307992.jpg\" /><img class=\"descV6-mobile-image lazyload\" style=\"margin: 0px; padding: 0px; box-sizing: border-box; outline: 0px; -webkit-tap-highlight-color: transparent; display: block; width: 1349px; height: 1025.23px;\" src=\"https://img.alicdn.com/imgextra/i2/2639307992/TB2RRmWqxSYBuNjSsphXXbGvVXa_!!2639307992.jpg\" /><img class=\"descV6-mobile-image lazyload\" style=\"margin: 0px; padding: 0px; box-sizing: border-box; outline: 0px; -webkit-tap-highlight-color: transparent; display: block; width: 1349px; height: 1028.84px;\" src=\"https://img.alicdn.com/imgextra/i4/2639307992/TB21U2oquOSBuNjy0FdXXbDnVXa_!!2639307992.jpg\" /><img class=\"descV6-mobile-image lazyload\" style=\"margin: 0px; padding: 0px; box-sizing: border-box; outline: 0px; -webkit-tap-highlight-color: transparent; display: block; width: 1349px; height: 1023.44px;\" src=\"https://img.alicdn.com/imgextra/i3/2639307992/TB209qhindYBeNkSmLyXXXfnVXa_!!2639307992.jpg\" /><img class=\"descV6-mobile-image lazyload\" style=\"margin: 0px; padding: 0px; box-sizing: border-box; outline: 0px; -webkit-tap-highlight-color: transparent; display: block; width: 1349px; height: 1041.42px;\" src=\"https://img.alicdn.com/imgextra/i2/2639307992/TB2jHcjqDlYBeNjSszcXXbwhFXa_!!2639307992.jpg\" /><img class=\"descV6-mobile-image lazyload\" style=\"margin: 0px; padding: 0px; box-sizing: border-box; outline: 0px; -webkit-tap-highlight-color: transparent; display: block; width: 1349px; height: 1070.2px;\" src=\"https://img.alicdn.com/imgextra/i1/2639307992/TB2GAu1qqSWBuNjSsrbXXa0mVXa_!!2639307992.jpg\" /><img class=\"descV6-mobile-image lazyload\" style=\"margin: 0px; padding: 0px; box-sizing: border-box; outline: 0px; -webkit-tap-highlight-color: transparent; display: block; width: 1349px; height: 1498.3px;\" src=\"https://img.alicdn.com/imgextra/i1/2639307992/TB2eibrqr5YBuNjSspoXXbeNFXa_!!2639307992.jpg\" /><img class=\"descV6-mobile-image lazyload\" style=\"margin: 0px; padding: 0px; box-sizing: border-box; outline: 0px; -webkit-tap-highlight-color: transparent; display: block; width: 1349px; height: 1043.23px;\" src=\"https://img.alicdn.com/imgextra/i4/2639307992/O1CN01VY8oQA28uNyCA12gK_!!2639307992.jpg\" /><img class=\"descV6-mobile-image lazyload\" style=\"margin: 0px; padding: 0px; box-sizing: border-box; outline: 0px; -webkit-tap-highlight-color: transparent; display: block; width: 1349px; height: 2088.25px;\" src=\"https://img.alicdn.com/imgextra/i3/2639307992/O1CN01WM2jER28uNy6GgCIL_!!2639307992.jpg\" /><img class=\"descV6-mobile-image lazyload\" style=\"margin: 0px; padding: 0px; box-sizing: border-box; outline: 0px; -webkit-tap-highlight-color: transparent; display: block; width: 1349px; height: 1525.27px;\" src=\"https://img.alicdn.com/imgextra/i4/2639307992/O1CN01JdblOV28uNyEQ78ZQ_!!2639307992.jpg\" /><img class=\"descV6-mobile-image lazyload\" style=\"margin: 0px; padding: 0px; box-sizing: border-box; outline: 0px; -webkit-tap-highlight-color: transparent; display: block; width: 1349px; height: 1316.62px;\" src=\"https://img.alicdn.com/imgextra/i4/2639307992/TB2oZhQuASWBuNjSszdXXbeSpXa_!!2639307992.jpg\" /><img class=\"descV6-mobile-image lazyload\" style=\"margin: 0px; padding: 0px; box-sizing: border-box; outline: 0px; -webkit-tap-highlight-color: transparent; display: block; width: 1349px; height: 1629.59px;\" src=\"https://img.alicdn.com/imgextra/i4/2639307992/TB2UDE9uk9WBuNjSspeXXaz5VXa_!!2639307992.jpg\" /><img class=\"descV6-mobile-image lazyload\" style=\"margin: 0px; padding: 0px; box-sizing: border-box; outline: 0px; -webkit-tap-highlight-color: transparent; display: block; width: 1349px; height: 777.031px;\" src=\"https://img.alicdn.com/imgextra/i2/2639307992/TB2Bskmuf9TBuNjy0FcXXbeiFXa_!!2639307992.jpg\" /><img class=\"descV6-mobile-image lazyload\" style=\"margin: 0px; padding: 0px; box-sizing: border-box; outline: 0px; -webkit-tap-highlight-color: transparent; display: block; width: 1349px; height: 1395.77px;\" src=\"https://img.alicdn.com/imgextra/i3/2639307992/TB2osEwukKWBuNjy1zjXXcOypXa_!!2639307992.jpg\" /><img class=\"descV6-mobile-image lazyload\" style=\"margin: 0px; padding: 0px; box-sizing: border-box; outline: 0px; -webkit-tap-highlight-color: transparent; display: block; width: 1349px; height: 1311.23px;\" src=\"https://img.alicdn.com/imgextra/i2/2639307992/TB2Lqw7ukyWBuNjy0FpXXassXXa_!!2639307992.jpg\" /><img class=\"descV6-mobile-image lazyload\" style=\"margin: 0px; padding: 0px; box-sizing: border-box; outline: 0px; -webkit-tap-highlight-color: transparent; display: block; width: 1349px; height: 1320.22px;\" src=\"https://img.alicdn.com/imgextra/i2/2639307992/TB2Th4luxSYBuNjSspjXXX73VXa_!!2639307992.jpg\" /><img class=\"descV6-mobile-image lazyload\" style=\"margin: 0px; padding: 0px; box-sizing: border-box; outline: 0px; -webkit-tap-highlight-color: transparent; display: block; width: 1349px; height: 1688.95px;\" src=\"https://img.alicdn.com/imgextra/i2/2639307992/TB2uEdfur9YBuNjy0FgXXcxcXXa_!!2639307992.jpg\" /><img class=\"descV6-mobile-image lazyload\" style=\"margin: 0px; padding: 0px; box-sizing: border-box; outline: 0px; -webkit-tap-highlight-color: transparent; display: block; width: 1349px; height: 2088.25px;\" src=\"https://img.alicdn.com/imgextra/i1/2639307992/O1CN0195dRR128uNyF3E6fa_!!2639307992.jpg\" /><img class=\"descV6-mobile-image lazyload\" style=\"margin: 0px; padding: 0px; box-sizing: border-box; outline: 0px; -webkit-tap-highlight-color: transparent; display: block; width: 1349px; height: 78.2344px;\" src=\"https://img.alicdn.com/imgextra/i4/2639307992/O1CN01jS3HoM28uNyCPhBPF_!!2639307992.jpg\" /><img class=\"descV6-mobile-image lazyload\" style=\"margin: 0px; padding: 0px; box-sizing: border-box; outline: 0px; -webkit-tap-highlight-color: transparent; display: block; width: 1349px; height: 1440.73px;\" src=\"https://img.alicdn.com/imgextra/i1/2639307992/TB2ZpZBuXGWBuNjy0FbXXb4sXXa_!!2639307992.jpg\" /></div>\n<p>&nbsp;</p>\n</div>\n</div>\n</body>\n</html>',0,1970,1659176149,NULL,50),(48,'ceshi',3,'http://tangzhe123-com.oss-cn-shenzhen.aliyuncs.com/public/60bf2abe4605b.jpg',5,0,0,10.00,100.00,'ceshi','件',100,10,1,0,1,3,1,NULL,'<!DOCTYPE html>\n<html>\n<head>\n</head>\n<body>\n<p>&nbsp;</p>\n<div class=\"divide-bar\" style=\"margin: 0px; padding: 0.08rem 0px; box-sizing: border-box; outline: 0px; -webkit-tap-highlight-color: transparent; background-color: #f7f7f7; color: #999999; display: flex; justify-content: center; align-items: center; font-size: 0px; font-family: \'Microsoft YaHei\';\">\n<div class=\"icon-info\" style=\"margin: 0px 0.08rem; padding: 0px; box-sizing: border-box; outline: 0px; -webkit-tap-highlight-color: transparent; position: relative; top: -0.01rem; display: flex; flex-direction: row; align-items: center; justify-content: center;\"><span class=\"taobao-iconfont \" style=\"margin: 0px; padding: 0px; box-sizing: border-box; outline: 0px; -webkit-tap-highlight-color: transparent; font-size: 0.18rem; -webkit-font-smoothing: antialiased; -webkit-text-stroke-width: 0.2px; position: relative; font-family: taobao !important;\"></span><span class=\"icon-text\" style=\"margin: 0px 0px 0px 0.01rem; padding: 0px; box-sizing: border-box; outline: 0px; -webkit-tap-highlight-color: transparent; font-size: 0.12rem;\">详情</span></div>\n</div>\n<div class=\"desc-root\" style=\"margin: 0px; padding: 0px; box-sizing: border-box; outline: 0px; -webkit-tap-highlight-color: transparent; font-family: \'Microsoft YaHei\'; font-size: 16px; background-color: #f7f7f7;\">\n<div class=\"descV6-container\" style=\"margin: 0px; padding: 0px; box-sizing: border-box; outline: 0px; -webkit-tap-highlight-color: transparent;\">\n<div class=\"descV6-mobile-container\" style=\"margin: 0px; padding: 12px 0px 0px; box-sizing: border-box; outline: 0px; -webkit-tap-highlight-color: transparent; width: 1349px; background-color: #ffffff;\"><img class=\"descV6-mobile-image lazyload\" style=\"padding: 0px; box-sizing: border-box; outline: 0px; -webkit-tap-highlight-color: transparent; display: block; width: 578px; height: 578px; margin: 0px;\" src=\"https://img.alicdn.com/imgextra/i1/2639307992/TB2z4cLqCtYBeNjSspaXXaOOFXa_!!2639307992.jpg\" /><img class=\"descV6-mobile-image lazyload\" style=\"margin: 0px; padding: 0px; box-sizing: border-box; outline: 0px; -webkit-tap-highlight-color: transparent; display: block; width: 1349px; height: 1084.59px;\" src=\"https://img.alicdn.com/imgextra/i1/2639307992/TB2qIKTqpGWBuNjy0FbXXb4sXXa_!!2639307992.jpg\" /><img class=\"descV6-mobile-image lazyload\" style=\"margin: 0px; padding: 0px; box-sizing: border-box; outline: 0px; -webkit-tap-highlight-color: transparent; display: block; width: 1349px; height: 937.109px;\" src=\"https://img.alicdn.com/imgextra/i2/2639307992/TB2KavKqER1BeNjy0FmXXb0wVXa_!!2639307992.jpg\" /><img class=\"descV6-mobile-image lazyload\" style=\"margin: 0px; padding: 0px; box-sizing: border-box; outline: 0px; -webkit-tap-highlight-color: transparent; display: block; width: 1349px; height: 1152.94px;\" src=\"https://img.alicdn.com/imgextra/i4/2639307992/TB2e2_MqrSYBuNjSspfXXcZCpXa_!!2639307992.jpg\" /><img class=\"descV6-mobile-image lazyload\" style=\"margin: 0px; padding: 0px; box-sizing: border-box; outline: 0px; -webkit-tap-highlight-color: transparent; display: block; width: 1349px; height: 1719.53px;\" src=\"https://img.alicdn.com/imgextra/i4/2639307992/TB2Ya3jqDlYBeNjSszcXXbwhFXa_!!2639307992.jpg\" /><img class=\"descV6-mobile-image lazyload\" style=\"margin: 0px; padding: 0px; box-sizing: border-box; outline: 0px; -webkit-tap-highlight-color: transparent; display: block; width: 1349px; height: 1554.05px;\" src=\"https://img.alicdn.com/imgextra/i1/2639307992/O1CN01d0bgZU28uNyAPxpFJ_!!2639307992.jpg\" /><img class=\"descV6-mobile-image lazyload\" style=\"margin: 0px; padding: 0px; box-sizing: border-box; outline: 0px; -webkit-tap-highlight-color: transparent; display: block; width: 1349px; height: 1322.02px;\" src=\"https://img.alicdn.com/imgextra/i1/2639307992/O1CN011mwqNC28uNyCTHdUC_!!2639307992.jpg\" /><img class=\"descV6-mobile-image lazyload\" style=\"margin: 0px; padding: 0px; box-sizing: border-box; outline: 0px; -webkit-tap-highlight-color: transparent; display: block; width: 1349px; height: 1244.67px;\" src=\"https://img.alicdn.com/imgextra/i3/2639307992/TB2TIB0icuYBuNkSmRyXXcA3pXa_!!2639307992.jpg\" /><img class=\"descV6-mobile-image lazyload\" style=\"margin: 0px; padding: 0px; box-sizing: border-box; outline: 0px; -webkit-tap-highlight-color: transparent; display: block; width: 1349px; height: 1030.64px;\" src=\"https://img.alicdn.com/imgextra/i1/2639307992/TB2IyYYqx9YBuNjy0FfXXXIsVXa_!!2639307992.jpg\" /><img class=\"descV6-mobile-image lazyload\" style=\"margin: 0px; padding: 0px; box-sizing: border-box; outline: 0px; -webkit-tap-highlight-color: transparent; display: block; width: 1349px; height: 1019.84px;\" src=\"https://img.alicdn.com/imgextra/i4/2639307992/TB2LkVUihuTBuNkHFNRXXc9qpXa_!!2639307992.jpg\" /><img class=\"descV6-mobile-image lazyload\" style=\"margin: 0px; padding: 0px; box-sizing: border-box; outline: 0px; -webkit-tap-highlight-color: transparent; display: block; width: 1349px; height: 1025.23px;\" src=\"https://img.alicdn.com/imgextra/i2/2639307992/TB2RRmWqxSYBuNjSsphXXbGvVXa_!!2639307992.jpg\" /><img class=\"descV6-mobile-image lazyload\" style=\"margin: 0px; padding: 0px; box-sizing: border-box; outline: 0px; -webkit-tap-highlight-color: transparent; display: block; width: 1349px; height: 1028.84px;\" src=\"https://img.alicdn.com/imgextra/i4/2639307992/TB21U2oquOSBuNjy0FdXXbDnVXa_!!2639307992.jpg\" /><img class=\"descV6-mobile-image lazyload\" style=\"margin: 0px; padding: 0px; box-sizing: border-box; outline: 0px; -webkit-tap-highlight-color: transparent; display: block; width: 1349px; height: 1023.44px;\" src=\"https://img.alicdn.com/imgextra/i3/2639307992/TB209qhindYBeNkSmLyXXXfnVXa_!!2639307992.jpg\" /><img class=\"descV6-mobile-image lazyload\" style=\"margin: 0px; padding: 0px; box-sizing: border-box; outline: 0px; -webkit-tap-highlight-color: transparent; display: block; width: 1349px; height: 1041.42px;\" src=\"https://img.alicdn.com/imgextra/i2/2639307992/TB2jHcjqDlYBeNjSszcXXbwhFXa_!!2639307992.jpg\" /><img class=\"descV6-mobile-image lazyload\" style=\"margin: 0px; padding: 0px; box-sizing: border-box; outline: 0px; -webkit-tap-highlight-color: transparent; display: block; width: 1349px; height: 1070.2px;\" src=\"https://img.alicdn.com/imgextra/i1/2639307992/TB2GAu1qqSWBuNjSsrbXXa0mVXa_!!2639307992.jpg\" /><img class=\"descV6-mobile-image lazyload\" style=\"margin: 0px; padding: 0px; box-sizing: border-box; outline: 0px; -webkit-tap-highlight-color: transparent; display: block; width: 1349px; height: 1498.3px;\" src=\"https://img.alicdn.com/imgextra/i1/2639307992/TB2eibrqr5YBuNjSspoXXbeNFXa_!!2639307992.jpg\" /><img class=\"descV6-mobile-image lazyload\" style=\"margin: 0px; padding: 0px; box-sizing: border-box; outline: 0px; -webkit-tap-highlight-color: transparent; display: block; width: 1349px; height: 1043.23px;\" src=\"https://img.alicdn.com/imgextra/i4/2639307992/O1CN01VY8oQA28uNyCA12gK_!!2639307992.jpg\" /><img class=\"descV6-mobile-image lazyload\" style=\"margin: 0px; padding: 0px; box-sizing: border-box; outline: 0px; -webkit-tap-highlight-color: transparent; display: block; width: 1349px; height: 2088.25px;\" src=\"https://img.alicdn.com/imgextra/i3/2639307992/O1CN01WM2jER28uNy6GgCIL_!!2639307992.jpg\" /><img class=\"descV6-mobile-image lazyload\" style=\"margin: 0px; padding: 0px; box-sizing: border-box; outline: 0px; -webkit-tap-highlight-color: transparent; display: block; width: 1349px; height: 1525.27px;\" src=\"https://img.alicdn.com/imgextra/i4/2639307992/O1CN01JdblOV28uNyEQ78ZQ_!!2639307992.jpg\" /><img class=\"descV6-mobile-image lazyload\" style=\"margin: 0px; padding: 0px; box-sizing: border-box; outline: 0px; -webkit-tap-highlight-color: transparent; display: block; width: 1349px; height: 1316.62px;\" src=\"https://img.alicdn.com/imgextra/i4/2639307992/TB2oZhQuASWBuNjSszdXXbeSpXa_!!2639307992.jpg\" /><img class=\"descV6-mobile-image lazyload\" style=\"margin: 0px; padding: 0px; box-sizing: border-box; outline: 0px; -webkit-tap-highlight-color: transparent; display: block; width: 1349px; height: 1629.59px;\" src=\"https://img.alicdn.com/imgextra/i4/2639307992/TB2UDE9uk9WBuNjSspeXXaz5VXa_!!2639307992.jpg\" /><img class=\"descV6-mobile-image lazyload\" style=\"margin: 0px; padding: 0px; box-sizing: border-box; outline: 0px; -webkit-tap-highlight-color: transparent; display: block; width: 1349px; height: 777.031px;\" src=\"https://img.alicdn.com/imgextra/i2/2639307992/TB2Bskmuf9TBuNjy0FcXXbeiFXa_!!2639307992.jpg\" /><img class=\"descV6-mobile-image lazyload\" style=\"margin: 0px; padding: 0px; box-sizing: border-box; outline: 0px; -webkit-tap-highlight-color: transparent; display: block; width: 1349px; height: 1395.77px;\" src=\"https://img.alicdn.com/imgextra/i3/2639307992/TB2osEwukKWBuNjy1zjXXcOypXa_!!2639307992.jpg\" /><img class=\"descV6-mobile-image lazyload\" style=\"margin: 0px; padding: 0px; box-sizing: border-box; outline: 0px; -webkit-tap-highlight-color: transparent; display: block; width: 1349px; height: 1311.23px;\" src=\"https://img.alicdn.com/imgextra/i2/2639307992/TB2Lqw7ukyWBuNjy0FpXXassXXa_!!2639307992.jpg\" /><img class=\"descV6-mobile-image lazyload\" style=\"margin: 0px; padding: 0px; box-sizing: border-box; outline: 0px; -webkit-tap-highlight-color: transparent; display: block; width: 1349px; height: 1320.22px;\" src=\"https://img.alicdn.com/imgextra/i2/2639307992/TB2Th4luxSYBuNjSspjXXX73VXa_!!2639307992.jpg\" /><img class=\"descV6-mobile-image lazyload\" style=\"margin: 0px; padding: 0px; box-sizing: border-box; outline: 0px; -webkit-tap-highlight-color: transparent; display: block; width: 1349px; height: 1688.95px;\" src=\"https://img.alicdn.com/imgextra/i2/2639307992/TB2uEdfur9YBuNjy0FgXXcxcXXa_!!2639307992.jpg\" /><img class=\"descV6-mobile-image lazyload\" style=\"margin: 0px; padding: 0px; box-sizing: border-box; outline: 0px; -webkit-tap-highlight-color: transparent; display: block; width: 1349px; height: 2088.25px;\" src=\"https://img.alicdn.com/imgextra/i1/2639307992/O1CN0195dRR128uNyF3E6fa_!!2639307992.jpg\" /><img class=\"descV6-mobile-image lazyload\" style=\"margin: 0px; padding: 0px; box-sizing: border-box; outline: 0px; -webkit-tap-highlight-color: transparent; display: block; width: 1349px; height: 78.2344px;\" src=\"https://img.alicdn.com/imgextra/i4/2639307992/O1CN01jS3HoM28uNyCPhBPF_!!2639307992.jpg\" /><img class=\"descV6-mobile-image lazyload\" style=\"margin: 0px; padding: 0px; box-sizing: border-box; outline: 0px; -webkit-tap-highlight-color: transparent; display: block; width: 1349px; height: 1440.73px;\" src=\"https://img.alicdn.com/imgextra/i1/2639307992/TB2ZpZBuXGWBuNjy0FbXXb4sXXa_!!2639307992.jpg\" /></div>\n<p>&nbsp;</p>\n</div>\n</div>\n</body>\n</html>',0,2021,2022,NULL,1001),(49,'哈哈哈哈啊11',5,'http://tangzhe123-com.oss-cn-shenzhen.aliyuncs.com/public/61c773d716296.png',5,0,0,1.00,2.00,'哈哈哈哈啊11商品描述','件',100,10,0,1,1,0,0,'{\"oprice\":0,\"pprice\":0,\"cprice\":0,\"weight\":0,\"volume\":0}','<!DOCTYPE html>\n<html>\n<head>\n</head>\n<body>\n<p>&nbsp;<img style=\"width: 100%;\" src=\"http://tangzhe123-com.oss-cn-shenzhen.aliyuncs.com/public/61c773e91e874.png\" /> &nbsp;<img style=\"width: 100%;\" src=\"http://tangzhe123-com.oss-cn-shenzhen.aliyuncs.com/public/61c773d716296.png\" />&nbsp;123456</p>\n<table style=\"border-collapse: collapse; width: 100%;\" border=\"1\">\n<tbody>\n<tr>\n<td style=\"width: 24.4165%;\">&nbsp;</td>\n<td style=\"width: 24.4165%;\">&nbsp;</td>\n<td style=\"width: 24.4165%;\">&nbsp;</td>\n<td style=\"width: 24.4165%;\">&nbsp;</td>\n</tr>\n<tr>\n<td style=\"width: 24.4165%;\">&nbsp;</td>\n<td style=\"width: 24.4165%;\">&nbsp;</td>\n<td style=\"width: 24.4165%;\">&nbsp;</td>\n<td style=\"width: 24.4165%;\">&nbsp;</td>\n</tr>\n<tr>\n<td style=\"width: 24.4165%;\">&nbsp;</td>\n<td style=\"width: 24.4165%;\">&nbsp;</td>\n<td style=\"width: 24.4165%;\">&nbsp;</td>\n<td style=\"width: 24.4165%;\">&nbsp;</td>\n</tr>\n<tr>\n<td style=\"width: 24.4165%;\">&nbsp;</td>\n<td style=\"width: 24.4165%;\">&nbsp;</td>\n<td style=\"width: 24.4165%;\">&nbsp;</td>\n<td style=\"width: 24.4165%;\">&nbsp;</td>\n</tr>\n</tbody>\n</table>\n',0,1640549132,1658218785,1658218785,1001),(50,'新产品',5,'http://tangzhe123-com.oss-cn-shenzhen.aliyuncs.com/public/61c773d716296.png',5,0,0,0.00,0.00,NULL,'件',100,10,1,0,0,0,1,NULL,NULL,0,1655483512,1658457051,1658457051,50),(51,'新手机',5,'http://tangzhe123-com.oss-cn-shenzhen.aliyuncs.com/public/62ad227c722af.jpg',5,0,0,10.00,100.00,'新手机','件',100,10,2,1,0,0,0,NULL,NULL,0,1655551596,1658451583,1658451583,50),(54,'琼安克拉',373,'http://tangzhe123-com.oss-cn-shenzhen.aliyuncs.com/public/62d7b4e59e9af.png',5,0,0,1.00,1.00,'阿斯蒂芬撒地方','件',100,10,1,1,1,0,0,NULL,NULL,0,1655777408,1658451470,1658451470,50),(56,'新增手机22',5,'http://tangzhe123-com.oss-cn-shenzhen.aliyuncs.com/public/62b039456adee.png',5,0,0,20000.00,200000.00,'新增手机描述','件',100,10,1,0,1,0,0,NULL,NULL,0,1655813393,1658451580,1658451580,50),(57,'213213',5,'http://tangzhe123-com.oss-cn-shenzhen.aliyuncs.com/public/62b040df59464.png',5,0,0,1.00,0.00,NULL,'件',100,10,1,0,0,0,0,NULL,NULL,0,1655822127,1658402742,1658402742,50),(58,'测试111',5,'http://tangzhe123-com.oss-cn-shenzhen.aliyuncs.com/public/62b1e27d190a0.jpg',5,0,0,0.00,0.00,NULL,'件',100,10,2,1,1,0,0,NULL,NULL,0,1655862987,1658451576,1658451576,50),(59,'华为p50哈哈哈哈',5,'http://tangzhe123-com.oss-cn-shenzhen.aliyuncs.com/public/60c355f33ea91.jpg',5,0,0,15000.00,16000.00,'华为p50描述哈哈哈哈','件',1000,100,2,1,1,0,0,NULL,NULL,0,1655869999,1658455721,1658455721,50),(61,'333',3,'http://tangzhe123-com.oss-cn-shenzhen.aliyuncs.com/public/62c5487a069a7.jpg',5,0,0,30.00,30.00,'3333','333',100,10,2,1,1,0,0,NULL,'<p>11</p>',0,2022,1658403040,1658403040,50),(63,'最新手机',5,'http://tangzhe123-com.oss-cn-shenzhen.aliyuncs.com/public/62bea04ff2f7c.jpg',5,0,0,1000.00,10000.00,'手机描述','件',1000,10,2,1,1,0,1,'{\"oprice\":1,\"pprice\":2,\"cprice\":3,\"weight\":4,\"volume\":5}','<!DOCTYPE html>\n<html>\n<head>\n</head>\n<body>\n<p style=\"text-align: left;\">&nbsp;</p>\n<hr />\n<ol>\n<li style=\"text-align: left;\">&nbsp;<img style=\"width: 100%;\" src=\"http://tangzhe123-com.oss-cn-shenzhen.aliyuncs.com/public/62c5487a069a7.jpg\" />&nbsp;</li>\n</ol>\n</body>\n</html>',0,1970,1658455694,1658455694,50),(66,'风雨二哥',372,'http://tangzhe123-com.oss-cn-shenzhen.aliyuncs.com/public/60c355f33ea91.jpg',5,0,0,0.00,0.00,'北部枪王','件',100,10,1,1,0,0,1,'{\"oprice\":0,\"pprice\":0,\"cprice\":0,\"weight\":0,\"volume\":0}','<p>撒旦飞洒收到</p>',0,1656177793,1658451570,1658451570,50),(67,'电动牙刷',373,'http://tangzhe123-com.oss-cn-shenzhen.aliyuncs.com/public/62c5487a069a7.jpg',5,0,0,13.00,14.00,'我的电动牙刷','件',100,10,2,0,1,0,0,NULL,'<p><img src=\"http://tangzhe123-com.oss-cn-shenzhen.aliyuncs.com/public/62af04afe39fa.jpg\" width=\"450\" height=\"268\"><img src=\"http://tangzhe123-com.oss-cn-shenzhen.aliyuncs.com/public/62af04afde812.jpg\" width=\"448\" height=\"252\"></p>\n<p><img style=\"width: 100%;\" src=\"http://tangzhe123-com.oss-cn-shenzhen.aliyuncs.com/public/62bbe98739076.jpg\"><img style=\"width: 100%;\" src=\"http://tangzhe123-com.oss-cn-shenzhen.aliyuncs.com/public/62af04afda448.jpg\"></p>',0,2022,1658455690,1658455690,50),(69,'测试商品',5,'http://tangzhe123-com.oss-cn-shenzhen.aliyuncs.com/public/60bf2abe4605b.jpg',5,0,0,5.00,50.00,'测试','100',100,10,2,1,1,0,0,'{\"oprice\":666,\"pprice\":667,\"cprice\":66,\"weight\":9,\"volume\":6}','<p>奥术大师多<img style=\"width: 100%;\" src=\"http://tangzhe123-com.oss-cn-shenzhen.aliyuncs.com/public/62af03d1b2aeb.jpg\"></p>',0,1656332569,1658401014,1658401014,50),(72,'风雨二哥',372,'http://tangzhe123-com.oss-cn-shenzhen.aliyuncs.com/public/62af04afa21c1.jpg',5,0,0,80.00,60.00,'北部枪王','100',100,10,1,1,1,0,1,'{\"oprice\":2,\"pprice\":1,\"cprice\":2,\"weight\":1,\"volume\":2}','<p dir=\"rtl\"><img style=\"width: 100%;\" src=\"http://tangzhe123-com.oss-cn-shenzhen.aliyuncs.com/public/62af04afa21c1.jpg\"></p>',0,1656560939,1658401014,1658401014,50),(83,'content',373,'http://tangzhe123-com.oss-cn-shenzhen.aliyuncs.com/public/62bd5c31b3202.jpg',5,0,0,0.00,0.00,'12','件',100,10,1,0,1,0,0,'{\"oprice\":10,\"pprice\":2,\"cprice\":3,\"weight\":21,\"volume\":21}','<p><s><img style=\"width: 100%;\" src=\"http://tangzhe123-com.oss-cn-shenzhen.aliyuncs.com/public/62bea04ff2f7c.jpg\"><img style=\"width: 100%;\" src=\"http://tangzhe123-com.oss-cn-shenzhen.aliyuncs.com/public/62bd5c31b3202.jpg\"><img style=\"width: 100%;\" src=\"http://tangzhe123-com.oss-cn-shenzhen.aliyuncs.com/public/62af04afda448.jpg\"><img style=\"width: 100%;\" src=\"http://tangzhe123-com.oss-cn-shenzhen.aliyuncs.com/public/62af04afa21c1.jpg\">1212</s></p>',0,1656939378,1658401014,1658401014,50),(84,'ceshi',377,'http://tangzhe123-com.oss-cn-shenzhen.aliyuncs.com/public/62af04afda448.jpg',5,0,0,0.00,0.00,'21','件',100,10,1,1,1,0,0,'{\"oprice\":10034322,\"pprice\":120343,\"cprice\":104343,\"weight\":14343,\"volume\":1043}','<p>123</p>',0,1657022009,1658285902,1658285902,50),(85,'衣服',4,'http://tangzhe123-com.oss-cn-shenzhen.aliyuncs.com/public/62c54885cc7ab.jpg',5,0,0,0.00,0.00,'11111111','222件',100,10,2,0,0,0,1,NULL,'<!DOCTYPE html>\n<html>\n<head>\n</head>\n<body>\n<p><span style=\"font-family: \'PingFang SC\', \'Microsoft YaHei\', sans-serif;\">1111111111111111</span></p>\n</body>\n</html>',0,1970,1658282250,1658282250,50),(91,'iPhone13',5,'http://tangzhe123-com.oss-cn-shenzhen.aliyuncs.com/public/62bd5c31b3202.jpg',5,0,0,10.00,100.00,'pro promax','件',200,10,1,1,1,0,1,NULL,'<p><img style=\"width: 100%;\" src=\"http://tangzhe123-com.oss-cn-shenzhen.aliyuncs.com/public/62c5487a069a7.jpg\"><img style=\"width: 100%;\" src=\"http://tangzhe123-com.oss-cn-shenzhen.aliyuncs.com/public/62bd5c31b3202.jpg\">1TB 远峰蓝</p>',0,2022,1658218785,1658218785,50),(93,'哎呀我去',4,'http://tangzhe123-com.oss-cn-shenzhen.aliyuncs.com/public/62c5487a069a7.jpg',5,0,0,10.00,20.00,'风格豆腐干大概','件',100,10,2,1,1,0,0,'{\"oprice\":1,\"pprice\":2,\"cprice\":12,\"weight\":21,\"volume\":12}','<p>ewweew</p>',0,1657163092,1658196669,1658196669,50),(94,'skucard',372,'http://tangzhe123-com.oss-cn-shenzhen.aliyuncs.com/public/62af04afde812.jpg',5,0,0,0.00,0.00,'12','件',100,10,1,1,1,0,1,NULL,'<p><img style=\"width: 100%;\" src=\"http://tangzhe123-com.oss-cn-shenzhen.aliyuncs.com/public/62c979210ebe6.jpeg\"></p>\n<table style=\"border-collapse: collapse; width: 99.9525%;\" border=\"1\"><colgroup><col style=\"width: 49.8812%;\"><col style=\"width: 49.8812%;\"></colgroup>\n<tbody>\n<tr>\n<td>第一行</td>\n<td>第二行</td>\n</tr>\n<tr>\n<td>第一例</td>\n<td>&nbsp;</td>\n</tr>\n</tbody>\n</table>',0,1657250768,1658218785,1658218785,50),(97,'葫芦娃',4,'http://tangzhe123-com.oss-cn-shenzhen.aliyuncs.com/public/62cbf8ab940f0.jpg',5,0,0,1000.00,600.00,'葫芦娃','件',100,10,1,0,1,0,0,'{\"oprice\":100,\"pprice\":10,\"cprice\":10,\"weight\":10,\"volume\":10}',NULL,0,1657539321,1658140581,1658140581,50),(98,'re',3,'http://tangzhe123-com.oss-cn-shenzhen.aliyuncs.com/public/62c979210ebe6.jpeg',5,0,0,66.00,60.00,NULL,'rere',1000,100,1,1,0,0,0,'{\"oprice\":2,\"pprice\":0,\"cprice\":3,\"weight\":4,\"volume\":5}',NULL,0,1657704242,1658140422,1658140422,50),(101,'风雨二哥',377,'http://tangzhe123-com.oss-cn-shenzhen.aliyuncs.com/public/60bf2abe4605b.jpg',5,0,0,100.00,100.00,'北部枪王','个',1,0,2,1,1,0,0,'{\"oprice\":0,\"pprice\":100,\"cprice\":0,\"weight\":0,\"volume\":0}','<p>宝应</p>',0,1658062653,1658218785,1658218785,50),(103,'壁纸',5,'http://tangzhe123-com.oss-cn-shenzhen.aliyuncs.com/public/62af04afa21c1.jpg',5,0,0,10.00,6.00,'壁纸','100件',100,10,1,0,1,0,0,NULL,NULL,0,1658127030,1658218785,1658218785,50),(104,'测试添加',4,'http://tangzhe123-com.oss-cn-shenzhen.aliyuncs.com/public/62d3c585ad19a.jpg',5,0,0,11.00,11.00,'111','111',11,11,0,1,0,0,0,NULL,NULL,0,1658128063,1658128408,1658128408,50),(105,'沙雕',5,'http://tangzhe123-com.oss-cn-shenzhen.aliyuncs.com/public/62d3c585ad19a.jpg',5,0,0,11.00,11.00,'111','11',11,11,1,0,0,0,0,NULL,NULL,0,1658128388,1658401014,1658401014,50),(106,'123',5,NULL,5,0,0,0.00,0.00,NULL,'件',100,10,0,1,1,0,0,NULL,NULL,0,1658214622,1658278127,1658278127,50),(107,'shangpin',5,'http://tangzhe123-com.oss-cn-shenzhen.aliyuncs.com/public/62bea04ff2f7c.jpg',5,0,0,0.00,0.00,'miaosu','件',100,10,0,1,1,0,0,NULL,NULL,0,1658217998,1658278724,1658278724,50),(108,'积云编程',5,'http://tangzhe123-com.oss-cn-shenzhen.aliyuncs.com/public/62af03d1b2aeb.jpg',5,0,0,0.00,0.00,'想不开你就来积云','件',100,10,1,1,1,0,1,NULL,NULL,0,1658218753,1658281609,1658281609,50),(109,'mc',372,NULL,5,0,0,1.00,2.00,'描述','件',100,10,0,1,0,0,0,NULL,NULL,0,1658221605,1658278090,1658278090,50),(110,'bb123',5,'',5,0,0,1.00,1.00,'bb','件',100,10,0,1,1,0,0,NULL,NULL,0,1658226819,1658277859,1658277859,50),(112,'hhhh',3,'',5,0,0,123.00,123.00,'gggggg','件',100,10,0,0,1,0,0,NULL,NULL,0,1658227408,1658277821,1658277821,50),(113,'hhh',4,'',5,0,0,123.00,123.00,'','件',100,10,0,1,0,0,0,NULL,'<p style=\"padding-left: 40px;\">123</p>',0,1658227464,1658277814,1658277814,50),(114,'积云教育骗局',5,'',5,0,0,999999.00,999.00,'','件',100,10,1,1,1,0,0,NULL,NULL,0,1658228597,1658279224,1658279224,50),(116,'积云教育',3,'',5,0,0,999999.00,999999.00,'钱多你就来积云','件',100,10,1,1,1,0,0,NULL,NULL,0,1658277283,1658281603,1658281603,50),(117,'88',5,NULL,5,0,0,5.00,5.00,'84','件5',1005,10,0,1,1,0,0,NULL,NULL,0,1658279200,1658279219,1658279219,50),(118,'积云教育骗局',5,NULL,5,0,0,999999.00,9999.00,'积云教育学费贵教的差','件',999999,999,1,0,1,0,1,NULL,'<p><img style=\"width: 100%;\" src=\"http://tangzhe123-com.oss-cn-shenzhen.aliyuncs.com/public/62ae9f305afbf.jpg\"></p>',0,1658281690,1658309426,1658309426,50),(120,'test',3,'',5,0,0,1.00,1.00,'','件',100,10,0,0,1,0,0,NULL,NULL,0,1658281865,1658282165,1658282165,50),(122,'123',5,NULL,5,0,0,0.00,0.00,'123','123件',100,10,1,1,1,0,0,NULL,NULL,0,1658283184,1658363615,1658363615,50),(123,'ces',3,'http://tangzhe123-com.oss-cn-shenzhen.aliyuncs.com/public/62d3c585ad19a.jpg',5,0,0,21.00,12.00,'123','12',12,12,1,0,0,0,0,NULL,NULL,0,1658286854,1658306719,1658306719,50),(125,'name',4,'http://tangzhe123-com.oss-cn-shenzhen.aliyuncs.com/public/62ad4dbd23558.jpg',5,0,0,0.00,0.00,'居家生活','n位',100,10,1,0,1,0,0,NULL,NULL,0,1658315697,1658401014,1658401014,50),(126,'ggg',4,NULL,5,0,0,0.00,0.00,'ggg','件',100,10,1,0,0,0,0,NULL,NULL,0,1658363266,1658363329,1658363329,50),(127,'不不不',5,'',5,0,0,2.00,1.00,'1','件',96,10,2,1,1,0,0,NULL,NULL,0,1658363759,1658401014,1658401014,50),(128,'123',372,NULL,5,0,0,0.00,0.00,NULL,'件',100,10,1,0,1,0,0,'{\"oprice\":11111,\"pprice\":11111111111111,\"cprice\":111111111111,\"weight\":111111111111111,\"volume\":1111111111}',NULL,0,1658363915,1658396108,1658396108,50),(129,'买买买',3,'',5,0,0,1.00,1.00,'','件',100,10,1,0,1,0,1,'{\"oprice\":666,\"pprice\":0,\"cprice\":0,\"weight\":0,\"volume\":0}','<p>666</p>',0,1658363974,1658401014,1658401014,50),(130,'666',5,'http://tangzhe123-com.oss-cn-shenzhen.aliyuncs.com/public/62d3c585ad19a.jpg',5,0,0,66.00,1.00,'123','3',10,3,0,1,1,0,0,NULL,NULL,0,1658368450,1658368586,1658368586,50),(131,'321',5,NULL,5,0,0,0.00,0.00,'312','件',100,10,0,1,1,0,0,'{\"oprice\":10,\"pprice\":0,\"cprice\":0,\"weight\":0,\"volume\":0}',NULL,0,1658385942,1658401014,1658401014,50),(132,'测试啊',5,'http://tangzhe123-com.oss-cn-shenzhen.aliyuncs.com/public/62af03d1b2aeb.jpg',5,0,0,1.00,1.00,'123','1',1,1,1,1,1,0,0,NULL,NULL,0,1658394904,1658401014,1658401014,50),(133,'我的',528,'http://tangzhe123-com.oss-cn-shenzhen.aliyuncs.com/public/62af04afe39fa.jpg',5,0,0,0.00,0.00,'赛场上踩刹车','cc件',100,10,0,1,1,0,0,NULL,NULL,0,1658402893,1658403028,1658403028,50),(134,'sccsc',528,'http://tangzhe123-com.oss-cn-shenzhen.aliyuncs.com/public/62af04afe39fa.jpg',5,0,0,0.00,0.00,'cscscscs','件',100,10,1,1,1,0,0,NULL,NULL,0,1658402931,1658414450,1658414450,50),(135,'rggrgg',530,'http://tangzhe123-com.oss-cn-shenzhen.aliyuncs.com/public/62af04afe39fa.jpg',5,0,0,0.00,0.00,'rgggr','件',100,10,0,1,1,0,0,NULL,NULL,0,1658403230,1658404574,1658404574,50),(136,'asdasd',372,'http://tangzhe123-com.oss-cn-shenzhen.aliyuncs.com/public/62af04afe39fa.jpg',5,0,0,0.00,0.00,'sadasd','件',100,10,0,1,1,0,0,NULL,NULL,0,1658450471,1658451194,1658451194,50),(137,'玛玛哈哈',4,'',5,0,0,3.00,2.00,'32112456','件',100,10,0,1,1,0,0,NULL,NULL,0,1658450768,1658451669,1658451669,50),(138,'别说话，干活！',3,'http://tangzhe123-com.oss-cn-shenzhen.aliyuncs.com/public/62ce3d2d0d839.jpg',5,0,0,0.00,0.00,'那就干活吧！！！','一个月',100,10,0,1,1,0,0,NULL,NULL,0,1658451289,1658451620,1658451620,50),(139,'123',5,'http://tangzhe123-com.oss-cn-shenzhen.aliyuncs.com/public/62d7b4e59e9af.png',5,0,0,0.00,0.00,'12','件12',100,10,0,1,1,0,0,NULL,NULL,0,1658451439,1658451453,1658451453,50),(140,'鹅鹅鹅',3,'',5,0,0,10000.00,1000.00,'瓦尔发我挖等我','件',100,10,0,1,1,0,0,NULL,NULL,0,1658451805,1658455647,1658455647,50),(141,'c c c  ',4,'http://tangzhe123-com.oss-cn-shenzhen.aliyuncs.com/public/62af03d1b2aeb.jpg',5,0,0,0.00,0.00,' c c ','c  c件',100,10,0,1,1,0,0,NULL,NULL,0,1658454607,1658455631,1658455631,50),(142,'芜湖',4,'http://tangzhe123-com.oss-cn-shenzhen.aliyuncs.com/public/60bf2fe6e9e53.jpg',5,0,0,0.00,0.00,'芜湖起飞','件',100,10,0,1,1,0,0,NULL,NULL,0,1658457445,1658457494,1658457494,50),(143,'test',3,'http://tangzhe123-com.oss-cn-shenzhen.aliyuncs.com/public/62da3f7fd9245.png',5,0,0,3.00,1.00,'test','件',100,10,0,0,1,0,0,NULL,NULL,0,1658477210,1658486380,1658486380,50),(144,'test1',3,'http://tangzhe123-com.oss-cn-shenzhen.aliyuncs.com/public/62af04afe39fa.jpg',5,0,0,4.00,1.00,'as','件',100,10,1,1,1,0,0,NULL,NULL,0,1658481026,1658588072,1658588072,50),(145,'hhf',4,'http://tangzhe123-com.oss-cn-shenzhen.aliyuncs.com/public/62af04afda448.jpg',5,0,0,1.00,1.00,'1111','件',100,10,0,1,1,0,0,NULL,NULL,0,1658486073,1658486090,1658486090,50),(146,'j',3,'http://tangzhe123-com.oss-cn-shenzhen.aliyuncs.com/public/62da3f7fd9245.png',5,0,0,3.00,1.00,'s','件',100,10,1,1,1,0,0,'{\"oprice\":1,\"pprice\":2,\"cprice\":3,\"weight\":4,\"volume\":5}','<p>123</p>',0,1658651537,1658668003,1658668003,50),(147,'311',5,'http://tangzhe123-com.oss-cn-shenzhen.aliyuncs.com/public/62da3f7fd9245.png',5,0,0,99999.00,99999.00,'111111111','车',99999,99999,0,1,1,0,0,NULL,NULL,0,1658660196,1658660202,1658660202,50),(148,'8oo88o',372,NULL,5,0,0,0.00,0.00,NULL,'件',100,10,0,0,1,0,0,NULL,NULL,0,1658662497,1658665008,1658665008,50),(149,'99oo9',3,NULL,5,0,0,0.00,0.00,NULL,'件',100,10,0,1,1,0,0,NULL,NULL,0,1658665021,1658667914,1658667914,50),(150,'6uuu',3,NULL,5,0,0,0.00,0.00,NULL,'件',100,10,0,1,1,0,0,NULL,NULL,0,1658665415,1658667451,1658667451,50),(151,'yth5',601,NULL,5,0,0,0.00,0.00,NULL,'件',100,10,2,1,1,0,0,NULL,NULL,0,1658665694,1658667942,1658667942,50),(152,'trgrg4',4,NULL,5,0,0,0.00,0.00,NULL,'件',100,10,0,1,1,0,0,NULL,NULL,0,1658666000,1658666157,1658666157,50),(153,'scsc',602,NULL,5,0,0,0.00,0.00,NULL,'件',100,10,0,1,1,0,0,NULL,NULL,0,1658666092,1658666100,1658666100,50),(154,'rgrgr',4,NULL,5,0,0,0.00,0.00,NULL,'件',100,10,0,1,1,0,0,NULL,NULL,0,1658667466,1658667760,1658667760,50),(155,'feffef',372,NULL,5,0,0,0.00,0.00,NULL,'件',100,10,0,1,1,0,0,NULL,NULL,0,1658667684,1658667964,1658667964,50),(156,'rgrgrgr',602,NULL,5,0,0,0.00,0.00,NULL,'件',100,10,0,1,1,0,0,NULL,NULL,0,1658667711,1658667953,1658667953,50),(157,'rgrr',4,NULL,5,0,0,0.00,0.00,NULL,'件',100,10,0,1,1,0,0,NULL,NULL,0,1658668572,1658668578,1658668578,50),(158,'新',606,NULL,5,0,0,0.00,0.00,'描述','件',100,10,0,1,1,0,0,NULL,NULL,0,1658679440,1658706400,1658706400,50),(159,'6uu',4,NULL,5,0,0,0.00,0.00,NULL,'件',100,10,0,1,1,0,0,NULL,NULL,0,1658706463,1658707051,1658707051,50),(160,'不知丢',5,'http://tangzhe123-com.oss-cn-shenzhen.aliyuncs.com/public/62af04afe39fa.jpg',5,0,0,1.00,1.00,'呼呼','1件',100,10,0,0,1,0,0,NULL,NULL,0,1658707061,1658734228,1658734227,50),(161,'scdd',372,NULL,5,0,0,0.00,0.00,NULL,'件',100,10,0,1,1,0,0,NULL,NULL,0,1658707062,1658707268,1658707268,50),(162,'ssc',372,NULL,5,0,0,0.00,0.00,NULL,'件',100,10,0,1,1,0,0,NULL,NULL,0,1658707068,1658707083,1658707083,50),(163,'sx',602,NULL,5,0,0,0.00,0.00,NULL,'件',100,10,0,1,1,0,0,NULL,NULL,0,1658707076,1658707083,1658707083,50),(164,'aa',602,NULL,5,0,0,0.00,0.00,NULL,'件',100,10,0,1,1,0,0,NULL,NULL,0,1658707278,1658707283,1658707283,50),(165,'cdc',4,NULL,5,0,0,0.00,0.00,NULL,'件',100,10,0,1,1,0,0,NULL,NULL,0,1658707450,1658707893,1658707893,50),(166,'测试手机上下架',5,'http://tangzhe123-com.oss-cn-shenzhen.aliyuncs.com/public/62da3f7fd9245.png',5,0,0,10.00,10000.00,'华为手机','个',100,10,0,0,0,0,0,NULL,NULL,0,1658807279,1658810002,1658810002,50),(167,'测试',3,'http://tangzhe123-com.oss-cn-shenzhen.aliyuncs.com/public/62de45d36af71.jpg',5,0,0,213.00,1234.00,'123','件',100,10,0,1,1,0,0,NULL,NULL,0,1658809969,1658810002,1658810002,50),(168,'测试1',5,'http://tangzhe123-com.oss-cn-shenzhen.aliyuncs.com/public/62dd28290fa64.jpg',5,0,0,123.00,1234.00,'1234','件',100,10,1,0,1,0,1,'{\"oprice\":1,\"pprice\":2,\"cprice\":3,\"weight\":4,\"volume\":5}','<p><span style=\"background-color: rgb(224, 62, 45);\"><img style=\"width: 100%;\" src=\"http://tangzhe123-com.oss-cn-shenzhen.aliyuncs.com/public/62da3f7fd9245.png\"><img style=\"width: 100%;\" src=\"http://tangzhe123-com.oss-cn-shenzhen.aliyuncs.com/public/62af04afe39fa.jpg\">测试1222123123124231</span></p>',0,1658810399,1659275312,NULL,50),(169,'测试2',372,'http://tangzhe123-com.oss-cn-shenzhen.aliyuncs.com/public/62dfde85e8229.png',5,0,0,123.00,2314.00,'1234','件',100,10,1,0,1,0,0,'{\"oprice\":121212.222222222,\"pprice\":0,\"cprice\":0,\"weight\":0,\"volume\":0}',NULL,0,1658810417,1659242257,NULL,50),(170,'潜江油焖大虾',601,'http://tangzhe123-com.oss-cn-shenzhen.aliyuncs.com/public/62dbac5a2f582.jpeg',5,0,0,20.00,30.00,'大虾味道就是好，而且好极了','只',500,600,2,1,1,0,0,NULL,NULL,0,1658829781,1658840717,NULL,50),(171,'我是星星',603,'http://tangzhe123-com.oss-cn-shenzhen.aliyuncs.com/public/62d67d7931e52.png',5,0,0,3.00,23.00,'大家好，我是周星星','个',100,200,1,1,1,0,0,'{\"oprice\":1.022222,\"pprice\":0,\"cprice\":0,\"weight\":0,\"volume\":0}','<table style=\"border-collapse: collapse; width: 100%;\" border=\"1\"><colgroup><col style=\"width: 50%;\"><col style=\"width: 50%;\"></colgroup>\n<tbody>\n<tr>\n<td>&nbsp;</td>\n<td>&nbsp;</td>\n</tr>\n<tr>\n<td>&nbsp;</td>\n<td>&nbsp;</td>\n</tr>\n</tbody>\n</table>',0,1658840666,1659182743,1659182743,50),(172,'手机',5,'http://tangzhe123-com.oss-cn-shenzhen.aliyuncs.com/public/62da3f7fd9245.png',5,0,0,123.00,1234.00,'123123','件',100,10,1,1,1,0,0,'{\"oprice\":0,\"pprice\":0,\"cprice\":0,\"weight\":0,\"volume\":0}',NULL,0,1658842699,1659182743,1659182743,50),(173,'fyiuy',5,'http://tangzhe123-com.oss-cn-shenzhen.aliyuncs.com/public/62af04afe39fa.jpg',5,0,0,0.00,0.00,'tyutyu','件',100,10,1,1,1,0,0,NULL,'<p>asd</p>',0,1658846926,1659234259,NULL,50),(174,'鸿星尔克短袖',5,'http://tangzhe123-com.oss-cn-shenzhen.aliyuncs.com/public/62da3f7fd9245.png',5,0,0,99.00,88.00,'我是一个兵，爱国爱人民','件',500,600,0,1,1,0,0,NULL,NULL,0,1658907206,1658907287,1658907287,50),(175,'你还啊',4,NULL,5,0,0,0.00,0.00,NULL,'件',100,10,1,1,1,0,0,'{\"oprice\":323,\"pprice\":2,\"cprice\":22,\"weight\":22,\"volume\":2}','<p><img style=\"width: 100%;\" src=\"http://tangzhe123-com.oss-cn-shenzhen.aliyuncs.com/public/62af04afe39fa.jpg\"><img style=\"width: 100%;\" src=\"http://tangzhe123-com.oss-cn-shenzhen.aliyuncs.com/public/62af04afde812.jpg\"></p>',0,1658910574,1659242464,NULL,50),(176,'iphone',5,'http://tangzhe123-com.oss-cn-shenzhen.aliyuncs.com/public/62da3f7fd9245.png',5,0,0,1000.00,10000.00,'iphone','件',100,10,1,1,1,0,0,'{\"oprice\":0,\"pprice\":0,\"cprice\":0,\"weight\":0,\"volume\":0}',NULL,0,1658949890,1659070785,1659070785,50),(177,'测试商品',3,'http://tangzhe123-com.oss-cn-shenzhen.aliyuncs.com/public/62aeaa73b9041.jpg',5,0,0,9.90,29.90,'测试商品11111111','件',99,10,1,0,1,0,0,'{\"oprice\":2,\"pprice\":1,\"cprice\":1,\"weight\":0,\"volume\":0}','<p><img style=\"width: 100%;\" src=\"http://tangzhe123-com.oss-cn-shenzhen.aliyuncs.com/public/62dd28290fa64.jpg\"></p>',0,1659012452,1659070820,1659070820,50),(178,'汤臣一品住宅区',4,'http://tangzhe123-com.oss-cn-shenzhen.aliyuncs.com/public/62e38e791b82f.jpg',5,0,0,0.00,0.00,'免费入住','件',100,10,1,1,0,0,0,NULL,NULL,0,1659080373,1659080384,NULL,50),(179,'666',5,'http://tangzhe123-com.oss-cn-shenzhen.aliyuncs.com/public/62e2597084b0d.jpg',5,0,0,100.00,1000.00,'可以的','件',1000,100,1,1,1,0,1,NULL,NULL,0,1659171914,1659193692,NULL,50);
/*!40000 ALTER TABLE `goods` ENABLE KEYS */;
UNLOCK TABLES;

--
-- Table structure for table `goods_attrs`
--

DROP TABLE IF EXISTS `goods_attrs`;
/*!40101 SET @saved_cs_client     = @@character_set_client */;
/*!40101 SET character_set_client = utf8 */;
CREATE TABLE `goods_attrs` (
  `id` int(11) NOT NULL AUTO_INCREMENT,
  `goods_id` int(11) DEFAULT '0' COMMENT '商品id',
  `order` int(11) DEFAULT '50' COMMENT '排序',
  `value` varchar(100) DEFAULT NULL COMMENT '属性值',
  `name` varchar(100) DEFAULT NULL COMMENT '商品类型属性名称',
  `default` varchar(255) DEFAULT NULL,
  `type` varchar(10) DEFAULT 'input' COMMENT '表单类型',
  PRIMARY KEY (`id`),
  KEY `goods_attrs_ibfk_1` (`goods_id`),
  CONSTRAINT `goods_attrs_ibfk_1` FOREIGN KEY (`goods_id`) REFERENCES `goods` (`id`) ON DELETE CASCADE ON UPDATE CASCADE
) ENGINE=InnoDB AUTO_INCREMENT=72 DEFAULT CHARSET=utf8;
/*!40101 SET character_set_client = @saved_cs_client */;

--
-- Dumping data for table `goods_attrs`
--

LOCK TABLES `goods_attrs` WRITE;
/*!40000 ALTER TABLE `goods_attrs` DISABLE KEYS */;
INSERT INTO `goods_attrs` VALUES (5,26,50,'蛟龙845八核','CPU','默认值','0'),(6,26,50,'蛟龙845八核','CPU','默认值','0'),(7,27,50,'蛟龙845八核','CPU','默认值','0'),(8,27,50,'蛟龙845八核','CPU','默认值','0'),(9,28,50,'蛟龙845八核','CPU','默认值','0'),(10,28,50,'蛟龙845八核','CPU','默认值','0'),(11,29,50,'蛟龙845八核','CPU','默认值','0'),(12,29,50,'蛟龙845八核','CPU','默认值','0'),(34,39,50,'123','品牌',NULL,'input'),(35,39,50,'钢铁','材料','塑料,钢铁','radio'),(36,39,50,'XL','尺寸','X,XL,XXL','radio'),(37,39,50,NULL,'颜色','红色,黑色,白色,蓝色','checkbox'),(42,38,50,'123','品牌',NULL,'input'),(43,38,50,'塑料','材料','塑料,钢铁','radio'),(44,38,50,'XL','尺寸','X,XL,XXL','radio'),(45,38,50,'白色,黑色','颜色','红色,黑色,白色,蓝色','checkbox'),(50,30,50,'adi','品牌',NULL,'input'),(51,30,50,'塑料','材料','塑料,钢铁','radio'),(52,30,50,'X','尺寸','X,XL,XXL','radio'),(53,30,50,'1','颜色','红色,黑色,白色,蓝色','checkbox'),(60,25,50,'蛟龙845八核','CPU',NULL,'input'),(61,25,50,'蛟龙845八核','CPU',NULL,'input'),(62,25,50,'强','性能',NULL,'input'),(63,37,50,'100','CPU',NULL,'input'),(64,37,50,'100','CPU',NULL,'input'),(65,37,50,'100','性能',NULL,'input'),(66,36,50,'111','CPU',NULL,'input'),(67,36,50,'222','CPU',NULL,'input'),(68,36,50,'333','性能',NULL,'input'),(69,32,50,'111','CPU',NULL,'input'),(70,32,50,'222','CPU',NULL,'input'),(71,32,50,'333','性能',NULL,'input');
/*!40000 ALTER TABLE `goods_attrs` ENABLE KEYS */;
UNLOCK TABLES;

--
-- Table structure for table `goods_banner`
--

DROP TABLE IF EXISTS `goods_banner`;
/*!40101 SET @saved_cs_client     = @@character_set_client */;
/*!40101 SET character_set_client = utf8 */;
CREATE TABLE `goods_banner` (
  `id` int(11) NOT NULL AUTO_INCREMENT,
  `goods_id` int(11) DEFAULT NULL,
  `url` varchar(255) DEFAULT NULL,
  `create_time` int(11) DEFAULT NULL,
  `update_time` int(11) DEFAULT NULL,
  PRIMARY KEY (`id`),
  KEY `goods_id` (`goods_id`),
  CONSTRAINT `goods_banner_ibfk_1` FOREIGN KEY (`goods_id`) REFERENCES `goods` (`id`) ON DELETE CASCADE ON UPDATE NO ACTION
) ENGINE=InnoDB AUTO_INCREMENT=535 DEFAULT CHARSET=utf8;
/*!40101 SET character_set_client = @saved_cs_client */;

--
-- Dumping data for table `goods_banner`
--

LOCK TABLES `goods_banner` WRITE;
/*!40000 ALTER TABLE `goods_banner` DISABLE KEYS */;
INSERT INTO `goods_banner` VALUES (5,26,'http://tangzhe123-com.oss-cn-shenzhen.aliyuncs.com/public/5d883bf4ef8b9.jpg',1569218125,1569218125),(6,26,'http://tangzhe123-com.oss-cn-shenzhen.aliyuncs.com/public/5d883bf57e4e2.jpg',1569218125,1569218125),(7,26,'http://tangzhe123-com.oss-cn-shenzhen.aliyuncs.com/public/5d883bf595892.jpg',1569218125,1569218125),(8,26,'http://tangzhe123-com.oss-cn-shenzhen.aliyuncs.com/public/5d883bf5ac315.jpg',1569218125,1569218125),(9,27,'http://tangzhe123-com.oss-cn-shenzhen.aliyuncs.com/public/5d883bf4ef8b9.jpg',1569218125,1569218125),(10,27,'http://tangzhe123-com.oss-cn-shenzhen.aliyuncs.com/public/5d883bf57e4e2.jpg',1569218125,1569218125),(11,27,'http://tangzhe123-com.oss-cn-shenzhen.aliyuncs.com/public/5d883bf595892.jpg',1569218125,1569218125),(12,27,'http://tangzhe123-com.oss-cn-shenzhen.aliyuncs.com/public/5d883bf5ac315.jpg',1569218125,1569218125),(13,28,'http://tangzhe123-com.oss-cn-shenzhen.aliyuncs.com/public/5d883bf4ef8b9.jpg',1569218125,1569218125),(14,28,'http://tangzhe123-com.oss-cn-shenzhen.aliyuncs.com/public/5d883bf57e4e2.jpg',1569218125,1569218125),(15,28,'http://tangzhe123-com.oss-cn-shenzhen.aliyuncs.com/public/5d883bf595892.jpg',1569218125,1569218125),(16,28,'http://tangzhe123-com.oss-cn-shenzhen.aliyuncs.com/public/5d883bf5ac315.jpg',1569218125,1569218125),(74,37,'http://tangzhe123-com.oss-cn-shenzhen.aliyuncs.com/public/5e4cecfd2232a.jpg',1582642112,1582642112),(75,37,'http://tangzhe123-com.oss-cn-shenzhen.aliyuncs.com/public/5e4cef1b1a764.jpg',1582642112,1582642112),(76,37,'http://tangzhe123-com.oss-cn-shenzhen.aliyuncs.com/public/5e5363753e197.png',1582642112,1582642112),(77,37,'http://tangzhe123-com.oss-cn-shenzhen.aliyuncs.com/public/5e4cef1fd6408.jpg',1582642112,1582642112),(109,35,'http://tangzhe123-com.oss-cn-shenzhen.aliyuncs.com/public/62af04afe6aa8.jpg',1655654245,1655654245),(110,35,'http://tangzhe123-com.oss-cn-shenzhen.aliyuncs.com/public/62af04afe39fa.jpg',1655654245,1655654245),(113,30,'http://tangzhe123-com.oss-cn-shenzhen.aliyuncs.com/public/62afb66c8e96f.jpg',1655697161,1655697161),(129,50,'http://tangzhe123-com.oss-cn-shenzhen.aliyuncs.com/public/62b040df59464.png',1655798368,1655798368),(142,39,'http://tangzhe123-com.oss-cn-shenzhen.aliyuncs.com/public/5f50505c34971.jpg',1655818451,1655818451),(143,39,'http://tangzhe123-com.oss-cn-shenzhen.aliyuncs.com/public/62b040de1d741.jpg',1655818451,1655818451),(144,39,'http://tangzhe123-com.oss-cn-shenzhen.aliyuncs.com/public/62afb66c8e96f.jpg',1655818451,1655818451),(175,51,'http://tangzhe123-com.oss-cn-shenzhen.aliyuncs.com/public/62b3e063dacd1.jpg',1655956552,1655956552),(176,51,'http://tangzhe123-com.oss-cn-shenzhen.aliyuncs.com/public/62b040df466e6.png',1655956552,1655956552),(177,59,'http://tangzhe123-com.oss-cn-shenzhen.aliyuncs.com/public/62b040def287a.jpg',1655956591,1655956591),(183,66,'http://tangzhe123-com.oss-cn-shenzhen.aliyuncs.com/public/62b1dfd5e7f0f.jpg',1656211090,1656211090),(184,66,'http://tangzhe123-com.oss-cn-shenzhen.aliyuncs.com/public/62b040df466e6.png',1656211090,1656211090),(189,69,'http://tangzhe123-com.oss-cn-shenzhen.aliyuncs.com/public/62af04afda448.jpg',1656336913,1656336913),(190,69,'http://tangzhe123-com.oss-cn-shenzhen.aliyuncs.com/public/62ae9f305afbf.jpg',1656336913,1656336913),(191,63,'http://tangzhe123-com.oss-cn-shenzhen.aliyuncs.com/public/62af04afe39fa.jpg',1656337318,1656337318),(192,63,'http://tangzhe123-com.oss-cn-shenzhen.aliyuncs.com/public/62af04afde812.jpg',1656337318,1656337318),(193,63,'http://tangzhe123-com.oss-cn-shenzhen.aliyuncs.com/public/62af04afda448.jpg',1656337318,1656337318),(194,63,'http://tangzhe123-com.oss-cn-shenzhen.aliyuncs.com/public/62af04afa21c1.jpg',1656337318,1656337318),(256,57,'http://tangzhe123-com.oss-cn-shenzhen.aliyuncs.com/public/62c44b4ad905b.png',1657054753,1657054753),(257,57,'http://tangzhe123-com.oss-cn-shenzhen.aliyuncs.com/public/62bea04ff2f7c.jpg',1657054753,1657054753),(258,57,'http://tangzhe123-com.oss-cn-shenzhen.aliyuncs.com/public/62bd5c31b3202.jpg',1657054753,1657054753),(259,57,'http://tangzhe123-com.oss-cn-shenzhen.aliyuncs.com/public/62bbb1b7d2bee.jpg',1657054753,1657054753),(267,93,'http://tangzhe123-com.oss-cn-shenzhen.aliyuncs.com/public/62bea04ff2f7c.jpg',1657181909,1657181909),(269,67,'http://tangzhe123-com.oss-cn-shenzhen.aliyuncs.com/public/62c54885cc7ab.jpg',1657182030,1657182030),(274,84,'http://tangzhe123-com.oss-cn-shenzhen.aliyuncs.com/public/62bea04ff2f7c.jpg',1657184722,1657184722),(275,54,'http://tangzhe123-com.oss-cn-shenzhen.aliyuncs.com/public/62c5487a069a7.jpg',1657286968,1657286968),(276,54,'http://tangzhe123-com.oss-cn-shenzhen.aliyuncs.com/public/62c4c6105d1cc.jpeg',1657286968,1657286968),(277,85,'http://tangzhe123-com.oss-cn-shenzhen.aliyuncs.com/public/62bd5c31b3202.jpg',1657359878,1657359878),(278,85,'http://tangzhe123-com.oss-cn-shenzhen.aliyuncs.com/public/62c5487a069a7.jpg',1657359878,1657359878),(279,58,'http://tangzhe123-com.oss-cn-shenzhen.aliyuncs.com/public/62af04afe39fa.jpg',1657367348,1657367348),(280,58,'http://tangzhe123-com.oss-cn-shenzhen.aliyuncs.com/public/62af04afde812.jpg',1657367348,1657367348),(281,56,'http://tangzhe123-com.oss-cn-shenzhen.aliyuncs.com/public/62c97920b01c4.jpg',1657382065,1657382065),(295,72,'http://tangzhe123-com.oss-cn-shenzhen.aliyuncs.com/public/62c4c6105d1cc.jpeg',1657677376,1657677376),(296,72,'http://tangzhe123-com.oss-cn-shenzhen.aliyuncs.com/public/62cc47d0a6f9e.jpg',1657677376,1657677376),(297,94,'http://tangzhe123-com.oss-cn-shenzhen.aliyuncs.com/public/62cc47d0a6f9e.jpg',1657679683,1657679683),(328,97,'http://tangzhe123-com.oss-cn-shenzhen.aliyuncs.com/public/62d3c585ad19a.jpg',1658059801,1658059801),(329,97,'http://tangzhe123-com.oss-cn-shenzhen.aliyuncs.com/public/62c7b76532cf7.jpg',1658059801,1658059801),(330,97,'http://tangzhe123-com.oss-cn-shenzhen.aliyuncs.com/public/62c5487a069a7.jpg',1658059801,1658059801),(331,97,'http://tangzhe123-com.oss-cn-shenzhen.aliyuncs.com/public/62bea04ff2f7c.jpg',1658059801,1658059801),(332,101,'http://tangzhe123-com.oss-cn-shenzhen.aliyuncs.com/public/62d3c585ad19a.jpg',1658062763,1658062763),(333,101,'http://tangzhe123-com.oss-cn-shenzhen.aliyuncs.com/public/60bf2fe6e9e53.jpg',1658062763,1658062763),(336,38,'http://tangzhe123-com.oss-cn-shenzhen.aliyuncs.com/public/60bf2a5d961f4.jpg',1658126894,1658126894),(337,38,'http://tangzhe123-com.oss-cn-shenzhen.aliyuncs.com/public/60bf2a510e681.jpg',1658126894,1658126894),(338,38,'http://tangzhe123-com.oss-cn-shenzhen.aliyuncs.com/public/62d3c585ad19a.jpg',1658126895,1658126895),(359,49,'http://tangzhe123-com.oss-cn-shenzhen.aliyuncs.com/public/62c979210ebe6.jpeg',1658137286,1658137286),(360,49,'http://tangzhe123-com.oss-cn-shenzhen.aliyuncs.com/public/62c7b76532cf7.jpg',1658137286,1658137286),(361,49,'http://tangzhe123-com.oss-cn-shenzhen.aliyuncs.com/public/62c5487a069a7.jpg',1658137286,1658137286),(362,49,'http://tangzhe123-com.oss-cn-shenzhen.aliyuncs.com/public/62d036124a45e.jpg',1658137286,1658137286),(363,49,'http://tangzhe123-com.oss-cn-shenzhen.aliyuncs.com/public/62af04afe39fa.jpg',1658137286,1658137286),(364,49,'http://tangzhe123-com.oss-cn-shenzhen.aliyuncs.com/public/62af04afda448.jpg',1658137287,1658137287),(365,49,'http://tangzhe123-com.oss-cn-shenzhen.aliyuncs.com/public/62af04afa21c1.jpg',1658137287,1658137287),(383,108,'http://tangzhe123-com.oss-cn-shenzhen.aliyuncs.com/public/62bea04ff2f7c.jpg',1658278692,1658278692),(384,108,'http://tangzhe123-com.oss-cn-shenzhen.aliyuncs.com/public/62bd5c31b3202.jpg',1658278692,1658278692),(385,108,'http://tangzhe123-com.oss-cn-shenzhen.aliyuncs.com/public/62af04afe39fa.jpg',1658278692,1658278692),(386,118,'http://tangzhe123-com.oss-cn-shenzhen.aliyuncs.com/public/62af04afe39fa.jpg',1658282565,1658282565),(387,118,'http://tangzhe123-com.oss-cn-shenzhen.aliyuncs.com/public/62af04afde812.jpg',1658282565,1658282565),(388,118,'http://tangzhe123-com.oss-cn-shenzhen.aliyuncs.com/public/62af04afa21c1.jpg',1658282565,1658282565),(393,25,'http://tangzhe123-com.oss-cn-shenzhen.aliyuncs.com/public/60bf2a510e681.jpg',1658364189,1658364189),(394,25,'http://tangzhe123-com.oss-cn-shenzhen.aliyuncs.com/public/60bf2a5d961f4.jpg',1658364189,1658364189),(395,129,'http://tangzhe123-com.oss-cn-shenzhen.aliyuncs.com/public/62af04afda448.jpg',1658367414,1658367414),(399,137,'http://tangzhe123-com.oss-cn-shenzhen.aliyuncs.com/public/62af04afe39fa.jpg',1658451219,1658451219),(400,137,'http://tangzhe123-com.oss-cn-shenzhen.aliyuncs.com/public/62af04afde812.jpg',1658451219,1658451219),(401,36,'http://tangzhe123-com.oss-cn-shenzhen.aliyuncs.com/public/60c0a209caca3.png',1658457741,1658457741),(402,36,'http://tangzhe123-com.oss-cn-shenzhen.aliyuncs.com/public/60bf2fe6e9e53.jpg',1658457741,1658457741),(403,36,'http://tangzhe123-com.oss-cn-shenzhen.aliyuncs.com/public/62af03d1b2aeb.jpg',1658457741,1658457741),(404,143,'http://tangzhe123-com.oss-cn-shenzhen.aliyuncs.com/public/62af04afe39fa.jpg',1658480480,1658480480),(405,143,'http://tangzhe123-com.oss-cn-shenzhen.aliyuncs.com/public/62af04afde812.jpg',1658480480,1658480480),(406,32,'http://tangzhe123-com.oss-cn-shenzhen.aliyuncs.com/public/60bf2fe6e9e53.jpg',1658487520,1658487520),(408,144,'http://tangzhe123-com.oss-cn-shenzhen.aliyuncs.com/public/62af04afa21c1.jpg',1658491476,1658491476),(410,29,'http://tangzhe123-com.oss-cn-shenzhen.aliyuncs.com/public/62af04afe39fa.jpg',1658641048,1658641048),(451,168,'http://tangzhe123-com.oss-cn-shenzhen.aliyuncs.com/public/62dff73b4bbbc.png',1658847292,1658847292),(452,168,'http://tangzhe123-com.oss-cn-shenzhen.aliyuncs.com/public/62dd28290fa64.jpg',1658847292,1658847292),(453,168,'http://tangzhe123-com.oss-cn-shenzhen.aliyuncs.com/public/62da3f7fd9245.png',1658847292,1658847292),(456,169,'http://tangzhe123-com.oss-cn-shenzhen.aliyuncs.com/public/62dd28290fa64.jpg',1658851747,1658851747),(457,169,'http://tangzhe123-com.oss-cn-shenzhen.aliyuncs.com/public/62da3f7fd9245.png',1658851747,1658851747),(458,169,'http://tangzhe123-com.oss-cn-shenzhen.aliyuncs.com/public/62da3f7fd9245.png',1658851747,1658851747),(459,170,'http://tangzhe123-com.oss-cn-shenzhen.aliyuncs.com/public/62af04afda448.jpg',1658855412,1658855412),(463,171,'http://tangzhe123-com.oss-cn-shenzhen.aliyuncs.com/public/62ad215c4d571.jpg',1659002338,1659002338),(464,171,'http://tangzhe123-com.oss-cn-shenzhen.aliyuncs.com/public/62ad209e7798f.png',1659002338,1659002338),(465,171,'http://tangzhe123-com.oss-cn-shenzhen.aliyuncs.com/public/62ad209e77d3c.png',1659002338,1659002338),(466,171,'http://tangzhe123-com.oss-cn-shenzhen.aliyuncs.com/public/62ad209e781d0.jpg',1659002338,1659002338),(467,171,'http://tangzhe123-com.oss-cn-shenzhen.aliyuncs.com/public/61c77390b8d49.png',1659002338,1659002338),(484,176,'http://tangzhe123-com.oss-cn-shenzhen.aliyuncs.com/public/62e2597084b0d.jpg',1659026371,1659026371),(485,176,'http://tangzhe123-com.oss-cn-shenzhen.aliyuncs.com/public/62e2085c2813a.jpg',1659026371,1659026371),(486,176,'http://tangzhe123-com.oss-cn-shenzhen.aliyuncs.com/public/62e144ab75c4c.png',1659026371,1659026371),(487,176,'http://tangzhe123-com.oss-cn-shenzhen.aliyuncs.com/public/62dd28290fa64.jpg',1659026371,1659026371),(488,176,'http://tangzhe123-com.oss-cn-shenzhen.aliyuncs.com/public/62af04afde812.jpg',1659026371,1659026371),(489,176,'http://tangzhe123-com.oss-cn-shenzhen.aliyuncs.com/public/62af04afda448.jpg',1659026371,1659026371),(490,176,'http://tangzhe123-com.oss-cn-shenzhen.aliyuncs.com/public/62e2597084b0d.jpg',1659026371,1659026371),(491,176,'http://tangzhe123-com.oss-cn-shenzhen.aliyuncs.com/public/62e2085c2813a.jpg',1659026371,1659026371),(492,176,'http://tangzhe123-com.oss-cn-shenzhen.aliyuncs.com/public/62e144ab75c4c.png',1659026371,1659026371),(497,172,'http://tangzhe123-com.oss-cn-shenzhen.aliyuncs.com/public/62ae9f305afbf.jpg',1659172450,1659172450),(498,172,'http://tangzhe123-com.oss-cn-shenzhen.aliyuncs.com/public/62e2597084b0d.jpg',1659172450,1659172450),(517,48,'http://tangzhe123-com.oss-cn-shenzhen.aliyuncs.com/public/62dd28290fa64.jpg',1659192497,1659192497),(518,48,'http://tangzhe123-com.oss-cn-shenzhen.aliyuncs.com/public/62e2597084b0d.jpg',1659192497,1659192497),(519,48,'http://tangzhe123-com.oss-cn-shenzhen.aliyuncs.com/public/62e144ab75c4c.png',1659192497,1659192497),(520,48,'http://tangzhe123-com.oss-cn-shenzhen.aliyuncs.com/public/62da3f7fd9245.png',1659192497,1659192497),(521,48,'http://tangzhe123-com.oss-cn-shenzhen.aliyuncs.com/public/62af04afe39fa.jpg',1659192497,1659192497),(522,173,'http://tangzhe123-com.oss-cn-shenzhen.aliyuncs.com/public/62e369e286467.jpeg',1659192511,1659192511),(523,173,'http://tangzhe123-com.oss-cn-shenzhen.aliyuncs.com/public/62e2597084b0d.jpg',1659192511,1659192511),(524,173,'http://tangzhe123-com.oss-cn-shenzhen.aliyuncs.com/public/62e2085c2813a.jpg',1659192511,1659192511),(525,173,'http://tangzhe123-com.oss-cn-shenzhen.aliyuncs.com/public/62e144ab75c4c.png',1659192511,1659192511),(526,173,'http://tangzhe123-com.oss-cn-shenzhen.aliyuncs.com/public/62e2597084b0d.jpg',1659192511,1659192511),(527,173,'http://tangzhe123-com.oss-cn-shenzhen.aliyuncs.com/public/62af04afa21c1.jpg',1659192511,1659192511),(528,173,'http://tangzhe123-com.oss-cn-shenzhen.aliyuncs.com/public/62dd28290fa64.jpg',1659192511,1659192511),(529,179,'http://tangzhe123-com.oss-cn-shenzhen.aliyuncs.com/public/62af04afe39fa.jpg',1659192909,1659192909),(530,179,'http://tangzhe123-com.oss-cn-shenzhen.aliyuncs.com/public/62af04afa21c1.jpg',1659192909,1659192909),(531,179,'http://tangzhe123-com.oss-cn-shenzhen.aliyuncs.com/public/62e2085c2813a.jpg',1659192909,1659192909),(532,179,'http://tangzhe123-com.oss-cn-shenzhen.aliyuncs.com/public/62e144ab75c4c.png',1659192909,1659192909),(533,179,'http://tangzhe123-com.oss-cn-shenzhen.aliyuncs.com/public/62af04afe39fa.jpg',1659192909,1659192909),(534,179,'http://tangzhe123-com.oss-cn-shenzhen.aliyuncs.com/public/62af04afa21c1.jpg',1659192909,1659192909);
/*!40000 ALTER TABLE `goods_banner` ENABLE KEYS */;
UNLOCK TABLES;

--
-- Table structure for table `goods_skus`
--

DROP TABLE IF EXISTS `goods_skus`;
/*!40101 SET @saved_cs_client     = @@character_set_client */;
/*!40101 SET character_set_client = utf8 */;
CREATE TABLE `goods_skus` (
  `id` int(11) NOT NULL AUTO_INCREMENT,
  `image` varchar(255) DEFAULT NULL,
  `pprice` decimal(10,2) DEFAULT NULL,
  `oprice` decimal(10,2) DEFAULT NULL,
  `cprice` decimal(10,2) DEFAULT NULL,
  `stock` int(255) DEFAULT '0' COMMENT '库存',
  `volume` float(255,0) DEFAULT '0' COMMENT '体积',
  `weight` float DEFAULT '0' COMMENT '体重',
  `code` varchar(50) DEFAULT NULL COMMENT '编码',
  `goods_id` int(11) DEFAULT NULL,
  `skus` text COMMENT '对应sku的id组合',
  PRIMARY KEY (`id`),
  KEY `goods_id` (`goods_id`),
  CONSTRAINT `goods_skus_ibfk_1` FOREIGN KEY (`goods_id`) REFERENCES `goods` (`id`) ON DELETE CASCADE ON UPDATE NO ACTION
) ENGINE=InnoDB AUTO_INCREMENT=525 DEFAULT CHARSET=utf8;
/*!40101 SET character_set_client = @saved_cs_client */;

--
-- Dumping data for table `goods_skus`
--

LOCK TABLES `goods_skus` WRITE;
/*!40000 ALTER TABLE `goods_skus` DISABLE KEYS */;
INSERT INTO `goods_skus` VALUES (70,'',0.10,100.00,50.00,885,0,0,'',25,'{\"0\":{\"id\":70,\"goods_skus_card_id\":36,\"name\":\"\\u5957\\u9910\",\"value\":\"\\u6807\\u51c6\\u5957\\u9910\",\"order\":50,\"text\":\"\\u6807\\u51c6\\u5957\\u9910\",\"color\":\"#FFFFFF\",\"image\":\"\\/favicon.ico\"},\"1\":{\"id\":72,\"goods_skus_card_id\":37,\"name\":\"\\u5c3a\\u5bf8\",\"value\":\"L\",\"order\":1,\"text\":\"L\",\"color\":\"#FFFFFF\",\"image\":\"\\/favicon.ico\"}}'),(71,'',0.10,100.00,50.00,906,0,0,'',25,'{\"0\":{\"id\":70,\"goods_skus_card_id\":36,\"name\":\"\\u5957\\u9910\",\"value\":\"\\u6807\\u51c6\\u5957\\u9910\",\"order\":50,\"text\":\"\\u6807\\u51c6\\u5957\\u9910\",\"color\":\"#FFFFFF\",\"image\":\"\\/favicon.ico\"},\"1\":{\"id\":73,\"goods_skus_card_id\":37,\"name\":\"\\u5c3a\\u5bf8\",\"value\":\"M\",\"order\":2,\"text\":\"M\",\"color\":\"#FFFFFF\",\"image\":\"\\/favicon.ico\"}}'),(72,'',0.10,100.00,50.00,959,0,0,'',25,'{\"0\":{\"id\":70,\"goods_skus_card_id\":36,\"name\":\"\\u5957\\u9910\",\"value\":\"\\u6807\\u51c6\\u5957\\u9910\",\"order\":50,\"text\":\"\\u6807\\u51c6\\u5957\\u9910\",\"color\":\"#FFFFFF\",\"image\":\"\\/favicon.ico\"},\"1\":{\"goods_skus_card_id\":37,\"name\":\"\\u5c3a\\u5bf8\",\"order\":50,\"value\":\"S\",\"id\":\"77\",\"text\":\"S\",\"color\":\"#FFFFFF\",\"image\":\"\\/favicon.ico\"}}'),(73,'',0.10,100.00,50.00,997,0,0,'',25,'{\"0\":{\"id\":71,\"goods_skus_card_id\":36,\"name\":\"\\u5957\\u9910\",\"value\":\"\\u8c6a\\u534e\\u5957\\u9910\",\"order\":50,\"text\":\"\\u8c6a\\u534e\\u5957\\u9910\",\"color\":\"#FFFFFF\",\"image\":\"\\/favicon.ico\"},\"1\":{\"id\":72,\"goods_skus_card_id\":37,\"name\":\"\\u5c3a\\u5bf8\",\"value\":\"L\",\"order\":1,\"text\":\"L\",\"color\":\"#FFFFFF\",\"image\":\"\\/favicon.ico\"}}'),(74,'',0.10,100.00,50.00,992,0,0,'',25,'{\"0\":{\"id\":71,\"goods_skus_card_id\":36,\"name\":\"\\u5957\\u9910\",\"value\":\"\\u8c6a\\u534e\\u5957\\u9910\",\"order\":50,\"text\":\"\\u8c6a\\u534e\\u5957\\u9910\",\"color\":\"#FFFFFF\",\"image\":\"\\/favicon.ico\"},\"1\":{\"id\":73,\"goods_skus_card_id\":37,\"name\":\"\\u5c3a\\u5bf8\",\"value\":\"M\",\"order\":2,\"text\":\"M\",\"color\":\"#FFFFFF\",\"image\":\"\\/favicon.ico\"}}'),(75,'',0.10,100.00,50.00,988,0,0,'',25,'{\"0\":{\"id\":71,\"goods_skus_card_id\":36,\"name\":\"\\u5957\\u9910\",\"value\":\"\\u8c6a\\u534e\\u5957\\u9910\",\"order\":50,\"text\":\"\\u8c6a\\u534e\\u5957\\u9910\",\"color\":\"#FFFFFF\",\"image\":\"\\/favicon.ico\"},\"1\":{\"goods_skus_card_id\":37,\"name\":\"\\u5c3a\\u5bf8\",\"order\":50,\"value\":\"S\",\"id\":\"77\",\"text\":\"S\",\"color\":\"#FFFFFF\",\"image\":\"\\/favicon.ico\"}}'),(82,'',0.50,0.90,0.10,970,0,0,'',26,'{\"0\":{\"id\":82,\"goods_skus_card_id\":40,\"name\":\"\\u5c3a\\u5bf8\",\"value\":\"XL\",\"order\":50,\"text\":\"XL\",\"color\":\"#FFFFFF\",\"image\":\"\\/favicon.ico\"}}'),(83,'',0.50,0.90,0.10,991,0,0,'',26,'{\"0\":{\"goods_skus_card_id\":40,\"name\":\"\\u5c3a\\u5bf8\",\"order\":50,\"value\":\"XXL\",\"id\":\"84\",\"text\":\"XXL\",\"color\":\"#FFFFFF\",\"image\":\"\\/favicon.ico\"}}'),(222,'',1.00,0.00,0.00,0,0,0,'',36,'{\"0\":{\"id\":124,\"goods_skus_card_id\":56,\"name\":\"\\u5c3a\\u5bf8\",\"value\":\"L\",\"order\":50,\"text\":\"L\"},\"1\":{\"id\":136,\"goods_skus_card_id\":58,\"name\":\"\\u989c\\u8272\",\"value\":\"\\u7eff\\u8272\",\"order\":50,\"text\":\"\\u7eff\\u8272\"},\"2\":{\"id\":80,\"goods_skus_card_id\":39,\"name\":\"\\u5957\\u9910\",\"value\":\"\\u6807\\u51c6\\u5957\\u9910\",\"order\":50,\"text\":\"\\u6807\\u51c6\\u5957\\u9910\"}}'),(223,'',0.00,0.00,0.00,0,0,0,'',36,'{\"0\":{\"id\":124,\"goods_skus_card_id\":56,\"name\":\"\\u5c3a\\u5bf8\",\"value\":\"L\",\"order\":50,\"text\":\"L\"},\"1\":{\"id\":138,\"goods_skus_card_id\":58,\"name\":\"\\u989c\\u8272\",\"value\":\"\\u7ea2\\u8272\",\"order\":50,\"text\":\"\\u7ea2\\u8272\"},\"2\":{\"id\":80,\"goods_skus_card_id\":39,\"name\":\"\\u5957\\u9910\",\"value\":\"\\u6807\\u51c6\\u5957\\u9910\",\"order\":50,\"text\":\"\\u6807\\u51c6\\u5957\\u9910\"}}'),(224,'',0.00,0.00,0.00,0,0,0,'',36,'{\"0\":{\"id\":124,\"goods_skus_card_id\":56,\"name\":\"\\u5c3a\\u5bf8\",\"value\":\"L\",\"order\":50,\"text\":\"L\"},\"1\":{\"id\":145,\"goods_skus_card_id\":58,\"name\":\"\\u989c\\u8272\",\"value\":\"\\u9ec4\\u8272\",\"order\":50,\"text\":\"\\u9ec4\\u8272\"},\"2\":{\"id\":80,\"goods_skus_card_id\":39,\"name\":\"\\u5957\\u9910\",\"value\":\"\\u6807\\u51c6\\u5957\\u9910\",\"order\":50,\"text\":\"\\u6807\\u51c6\\u5957\\u9910\"}}'),(225,'',0.00,0.00,0.00,0,0,0,'',36,'{\"0\":{\"id\":144,\"goods_skus_card_id\":56,\"name\":\"\\u5c3a\\u5bf8\",\"value\":\"M\",\"order\":50,\"text\":\"M\"},\"1\":{\"id\":136,\"goods_skus_card_id\":58,\"name\":\"\\u989c\\u8272\",\"value\":\"\\u7eff\\u8272\",\"order\":50,\"text\":\"\\u7eff\\u8272\"},\"2\":{\"id\":80,\"goods_skus_card_id\":39,\"name\":\"\\u5957\\u9910\",\"value\":\"\\u6807\\u51c6\\u5957\\u9910\",\"order\":50,\"text\":\"\\u6807\\u51c6\\u5957\\u9910\"}}'),(226,'',0.00,0.00,0.00,0,0,0,'',36,'{\"0\":{\"id\":144,\"goods_skus_card_id\":56,\"name\":\"\\u5c3a\\u5bf8\",\"value\":\"M\",\"order\":50,\"text\":\"M\"},\"1\":{\"id\":138,\"goods_skus_card_id\":58,\"name\":\"\\u989c\\u8272\",\"value\":\"\\u7ea2\\u8272\",\"order\":50,\"text\":\"\\u7ea2\\u8272\"},\"2\":{\"id\":80,\"goods_skus_card_id\":39,\"name\":\"\\u5957\\u9910\",\"value\":\"\\u6807\\u51c6\\u5957\\u9910\",\"order\":50,\"text\":\"\\u6807\\u51c6\\u5957\\u9910\"}}'),(227,'',0.00,0.00,0.00,0,0,0,'',36,'{\"0\":{\"id\":144,\"goods_skus_card_id\":56,\"name\":\"\\u5c3a\\u5bf8\",\"value\":\"M\",\"order\":50,\"text\":\"M\"},\"1\":{\"id\":145,\"goods_skus_card_id\":58,\"name\":\"\\u989c\\u8272\",\"value\":\"\\u9ec4\\u8272\",\"order\":50,\"text\":\"\\u9ec4\\u8272\"},\"2\":{\"id\":80,\"goods_skus_card_id\":39,\"name\":\"\\u5957\\u9910\",\"value\":\"\\u6807\\u51c6\\u5957\\u9910\",\"order\":50,\"text\":\"\\u6807\\u51c6\\u5957\\u9910\"}}'),(262,'',0.00,0.00,0.00,0,0,0,'',48,'{\"0\":{\"goods_skus_card_id\":\"60\",\"name\":\"\\u989c\\u8272\",\"value\":\"\\u7eff\\u8272\",\"order\":50,\"id\":\"188\",\"text\":\"\\u7eff\\u8272\"},\"1\":{\"id\":146,\"goods_skus_card_id\":59,\"name\":\"\\u5c3a\\u5bf8\",\"value\":\"M\",\"order\":50,\"text\":\"M\"}}'),(263,'',0.00,0.00,0.00,0,0,0,'',48,'{\"0\":{\"goods_skus_card_id\":\"60\",\"name\":\"\\u989c\\u8272\",\"value\":\"\\u7eff\\u8272\",\"order\":50,\"id\":\"188\",\"text\":\"\\u7eff\\u8272\"},\"1\":{\"id\":147,\"goods_skus_card_id\":59,\"name\":\"\\u5c3a\\u5bf8\",\"value\":\"L\",\"order\":50,\"text\":\"L\"}}'),(264,'',0.00,0.00,0.00,0,0,0,'',48,'{\"0\":{\"goods_skus_card_id\":\"60\",\"name\":\"\\u989c\\u8272\",\"value\":\"\\u9ec4\\u8272\",\"order\":50,\"id\":\"189\",\"text\":\"\\u9ec4\\u8272\"},\"1\":{\"id\":146,\"goods_skus_card_id\":59,\"name\":\"\\u5c3a\\u5bf8\",\"value\":\"M\",\"order\":50,\"text\":\"M\"}}'),(265,'',0.00,0.00,0.00,0,0,0,'',48,'{\"0\":{\"goods_skus_card_id\":\"60\",\"name\":\"\\u989c\\u8272\",\"value\":\"\\u9ec4\\u8272\",\"order\":50,\"id\":\"189\",\"text\":\"\\u9ec4\\u8272\"},\"1\":{\"id\":147,\"goods_skus_card_id\":59,\"name\":\"\\u5c3a\\u5bf8\",\"value\":\"L\",\"order\":50,\"text\":\"L\"}}'),(266,'',0.00,0.00,0.00,0,0,0,'',48,'{\"0\":{\"goods_skus_card_id\":\"60\",\"name\":\"\\u989c\\u8272\",\"value\":\"\\u767d\\u8272\",\"order\":50,\"id\":\"190\",\"text\":\"\\u767d\\u8272\"},\"1\":{\"id\":146,\"goods_skus_card_id\":59,\"name\":\"\\u5c3a\\u5bf8\",\"value\":\"M\",\"order\":50,\"text\":\"M\"}}'),(267,'',0.00,0.00,0.00,0,0,0,'',48,'{\"0\":{\"goods_skus_card_id\":\"60\",\"name\":\"\\u989c\\u8272\",\"value\":\"\\u767d\\u8272\",\"order\":50,\"id\":\"190\",\"text\":\"\\u767d\\u8272\"},\"1\":{\"id\":147,\"goods_skus_card_id\":59,\"name\":\"\\u5c3a\\u5bf8\",\"value\":\"L\",\"order\":50,\"text\":\"L\"}}'),(268,'',0.00,0.00,0.00,0,0,0,'',50,'{\"0\":{\"goods_skus_card_id\":\"70\",\"name\":\"\\u8eab\\u9ad8\",\"value\":\"150\",\"order\":50,\"id\":\"191\",\"text\":\"150\"}}'),(269,'',0.00,0.00,0.00,0,0,0,'',50,'{\"0\":{\"goods_skus_card_id\":\"70\",\"name\":\"\\u8eab\\u9ad8\",\"value\":\"160\",\"order\":50,\"id\":\"192\",\"text\":\"160\"}}'),(270,'',0.00,0.00,0.00,0,0,0,'',50,'{\"0\":{\"goods_skus_card_id\":\"70\",\"name\":\"\\u8eab\\u9ad8\",\"value\":\"170\",\"order\":50,\"id\":\"193\",\"text\":\"170\"}}'),(281,'',2.00,1.00,1.00,5,0,10,'',66,'{\"0\":{\"goods_skus_card_id\":\"94\",\"name\":\"\\u7535\\u7ebf\",\"value\":\"1.0\",\"order\":50,\"id\":\"224\",\"text\":\"1.0\"}}'),(282,'',0.00,0.00,0.00,0,0,0,'',66,'{\"0\":{\"goods_skus_card_id\":\"94\",\"name\":\"\\u7535\\u7ebf\",\"value\":\"2.5\",\"order\":50,\"id\":\"225\",\"text\":\"2.5\"}}'),(283,'',0.00,0.00,0.00,0,0,0,'',66,'{\"0\":{\"goods_skus_card_id\":\"94\",\"name\":\"\\u7535\\u7ebf\",\"value\":\"3.0\",\"order\":50,\"id\":\"226\",\"text\":\"3.0\"}}'),(304,'',0.00,0.00,0.00,0,0,0,'',72,'{\"0\":{\"goods_skus_card_id\":\"155\",\"name\":\"\\u8eab\\u9ad8\",\"value\":\"150\",\"order\":50,\"id\":\"314\",\"text\":\"150\"}}'),(329,'',0.00,0.00,0.00,0,0,0,'',85,'{\"0\":{\"goods_skus_card_id\":\"227\",\"name\":\"\\u5927\\u5c0f\",\"value\":\"xl\",\"order\":50,\"id\":\"550\",\"text\":\"xl\"}}'),(330,'',0.00,0.00,0.00,0,0,0,'',85,'{\"0\":{\"goods_skus_card_id\":\"227\",\"name\":\"\\u5927\\u5c0f\",\"value\":\"xxl\",\"order\":50,\"id\":\"551\",\"text\":\"xxl\"}}'),(331,'',0.00,0.00,0.00,0,0,0,'',85,'{\"0\":{\"goods_skus_card_id\":\"227\",\"name\":\"\\u5927\\u5c0f\",\"value\":\"xxxxl\",\"order\":50,\"id\":\"552\",\"text\":\"xxxxl\"}}'),(332,'',0.00,0.00,0.00,0,0,0,'',85,'{\"0\":{\"goods_skus_card_id\":\"227\",\"name\":\"\\u5927\\u5c0f\",\"value\":\"sm\",\"order\":50,\"id\":\"553\",\"text\":\"sm\"}}'),(333,'',2.00,0.00,0.00,1000,0,0,'',63,'{\"0\":{\"id\":615,\"goods_skus_card_id\":222,\"name\":\"\\u989c\\u8272\",\"value\":\"\\u7eff\\u8272\",\"order\":50,\"text\":\"\\u7eff\\u8272\"},\"1\":{\"goods_skus_card_id\":\"240\",\"name\":\"\\u5185\\u5b58\",\"value\":\"32g\",\"order\":50,\"id\":\"630\",\"text\":\"32g\"}}'),(334,'',4.00,0.00,0.00,0,0,0,'',63,'{\"0\":{\"id\":615,\"goods_skus_card_id\":222,\"name\":\"\\u989c\\u8272\",\"value\":\"\\u7eff\\u8272\",\"order\":50,\"text\":\"\\u7eff\\u8272\"},\"1\":{\"goods_skus_card_id\":\"240\",\"name\":\"\\u5185\\u5b58\",\"value\":\"64g\",\"order\":50,\"id\":\"631\",\"text\":\"64g\"}}'),(335,'',1.00,0.00,0.00,0,0,0,'',63,'{\"0\":{\"id\":615,\"goods_skus_card_id\":222,\"name\":\"\\u989c\\u8272\",\"value\":\"\\u7eff\\u8272\",\"order\":50,\"text\":\"\\u7eff\\u8272\"},\"1\":{\"goods_skus_card_id\":\"240\",\"name\":\"\\u5185\\u5b58\",\"value\":\"128g\",\"order\":50,\"id\":\"632\",\"text\":\"128g\"}}'),(336,'',2.00,1.00,0.00,0,0,0,'',63,'{\"0\":{\"id\":616,\"goods_skus_card_id\":222,\"name\":\"\\u989c\\u8272\",\"value\":\"\\u767d\\u8272\",\"order\":50,\"text\":\"\\u767d\\u8272\"},\"1\":{\"goods_skus_card_id\":\"240\",\"name\":\"\\u5185\\u5b58\",\"value\":\"32g\",\"order\":50,\"id\":\"630\",\"text\":\"32g\"}}'),(337,'',1.00,1.00,0.00,0,0,0,'',63,'{\"0\":{\"id\":616,\"goods_skus_card_id\":222,\"name\":\"\\u989c\\u8272\",\"value\":\"\\u767d\\u8272\",\"order\":50,\"text\":\"\\u767d\\u8272\"},\"1\":{\"goods_skus_card_id\":\"240\",\"name\":\"\\u5185\\u5b58\",\"value\":\"64g\",\"order\":50,\"id\":\"631\",\"text\":\"64g\"}}'),(338,'',1.00,0.00,0.00,0,0,0,'',63,'{\"0\":{\"id\":616,\"goods_skus_card_id\":222,\"name\":\"\\u989c\\u8272\",\"value\":\"\\u767d\\u8272\",\"order\":50,\"text\":\"\\u767d\\u8272\"},\"1\":{\"goods_skus_card_id\":\"240\",\"name\":\"\\u5185\\u5b58\",\"value\":\"128g\",\"order\":50,\"id\":\"632\",\"text\":\"128g\"}}'),(339,'',0.00,0.00,0.00,0,0,0,'',63,'{\"0\":{\"id\":617,\"goods_skus_card_id\":222,\"name\":\"\\u989c\\u8272\",\"value\":\"\\u9ec4\\u8272\",\"order\":50,\"text\":\"\\u9ec4\\u8272\"},\"1\":{\"goods_skus_card_id\":\"240\",\"name\":\"\\u5185\\u5b58\",\"value\":\"32g\",\"order\":50,\"id\":\"630\",\"text\":\"32g\"}}'),(340,'',0.00,0.00,0.00,0,0,0,'',63,'{\"0\":{\"id\":617,\"goods_skus_card_id\":222,\"name\":\"\\u989c\\u8272\",\"value\":\"\\u9ec4\\u8272\",\"order\":50,\"text\":\"\\u9ec4\\u8272\"},\"1\":{\"goods_skus_card_id\":\"240\",\"name\":\"\\u5185\\u5b58\",\"value\":\"64g\",\"order\":50,\"id\":\"631\",\"text\":\"64g\"}}'),(341,'',0.00,0.00,0.00,0,0,0,'',63,'{\"0\":{\"id\":617,\"goods_skus_card_id\":222,\"name\":\"\\u989c\\u8272\",\"value\":\"\\u9ec4\\u8272\",\"order\":50,\"text\":\"\\u9ec4\\u8272\"},\"1\":{\"goods_skus_card_id\":\"240\",\"name\":\"\\u5185\\u5b58\",\"value\":\"128g\",\"order\":50,\"id\":\"632\",\"text\":\"128g\"}}'),(342,'',0.00,0.00,0.00,0,0,0,'',63,'{\"0\":{\"id\":618,\"goods_skus_card_id\":222,\"name\":\"\\u989c\\u8272\",\"value\":\"\\u84dd\\u8272\",\"order\":50,\"text\":\"\\u84dd\\u8272\"},\"1\":{\"goods_skus_card_id\":\"240\",\"name\":\"\\u5185\\u5b58\",\"value\":\"32g\",\"order\":50,\"id\":\"630\",\"text\":\"32g\"}}'),(343,'',0.00,0.00,0.00,0,0,0,'',63,'{\"0\":{\"id\":618,\"goods_skus_card_id\":222,\"name\":\"\\u989c\\u8272\",\"value\":\"\\u84dd\\u8272\",\"order\":50,\"text\":\"\\u84dd\\u8272\"},\"1\":{\"goods_skus_card_id\":\"240\",\"name\":\"\\u5185\\u5b58\",\"value\":\"64g\",\"order\":50,\"id\":\"631\",\"text\":\"64g\"}}'),(344,'',0.00,0.00,0.00,0,0,0,'',63,'{\"0\":{\"id\":618,\"goods_skus_card_id\":222,\"name\":\"\\u989c\\u8272\",\"value\":\"\\u84dd\\u8272\",\"order\":50,\"text\":\"\\u84dd\\u8272\"},\"1\":{\"goods_skus_card_id\":\"240\",\"name\":\"\\u5185\\u5b58\",\"value\":\"128g\",\"order\":50,\"id\":\"632\",\"text\":\"128g\"}}'),(345,'',0.00,0.00,0.00,0,0,0,'',29,'{\"0\":{\"goods_skus_card_id\":\"252\",\"name\":\"\\u8eab\\u9ad8\",\"value\":\"150\",\"order\":50,\"id\":\"658\",\"text\":\"150\"},\"1\":{\"goods_skus_card_id\":\"253\",\"name\":\"\\u5927\\u5c0f\",\"value\":\"xl\",\"order\":50,\"id\":\"661\",\"text\":\"xl\"},\"2\":{\"goods_skus_card_id\":\"254\",\"name\":\"\\u54c1\\u724c\",\"value\":\"\\u6211\\u5927\\u610f\\u4e86\",\"order\":50,\"id\":\"665\",\"text\":\"\\u6211\\u5927\\u610f\\u4e86\"},\"3\":{\"goods_skus_card_id\":\"255\",\"name\":\"\\u989c\\u8272\",\"value\":\"\\u7eff\\u8272\",\"order\":50,\"id\":\"666\",\"text\":\"\\u7eff\\u8272\"}}'),(346,'',0.00,0.00,0.00,0,0,0,'',29,'{\"0\":{\"goods_skus_card_id\":\"252\",\"name\":\"\\u8eab\\u9ad8\",\"value\":\"150\",\"order\":50,\"id\":\"658\",\"text\":\"150\"},\"1\":{\"goods_skus_card_id\":\"253\",\"name\":\"\\u5927\\u5c0f\",\"value\":\"xl\",\"order\":50,\"id\":\"661\",\"text\":\"xl\"},\"2\":{\"goods_skus_card_id\":\"254\",\"name\":\"\\u54c1\\u724c\",\"value\":\"\\u6211\\u5927\\u610f\\u4e86\",\"order\":50,\"id\":\"665\",\"text\":\"\\u6211\\u5927\\u610f\\u4e86\"},\"3\":{\"goods_skus_card_id\":\"255\",\"name\":\"\\u989c\\u8272\",\"value\":\"\\u9ec4\\u8272\",\"order\":50,\"id\":\"667\",\"text\":\"\\u9ec4\\u8272\"}}'),(347,'',0.00,0.00,0.00,0,0,0,'',29,'{\"0\":{\"goods_skus_card_id\":\"252\",\"name\":\"\\u8eab\\u9ad8\",\"value\":\"150\",\"order\":50,\"id\":\"658\",\"text\":\"150\"},\"1\":{\"goods_skus_card_id\":\"253\",\"name\":\"\\u5927\\u5c0f\",\"value\":\"xl\",\"order\":50,\"id\":\"661\",\"text\":\"xl\"},\"2\":{\"goods_skus_card_id\":\"254\",\"name\":\"\\u54c1\\u724c\",\"value\":\"\\u6211\\u5927\\u610f\\u4e86\",\"order\":50,\"id\":\"665\",\"text\":\"\\u6211\\u5927\\u610f\\u4e86\"},\"3\":{\"goods_skus_card_id\":\"255\",\"name\":\"\\u989c\\u8272\",\"value\":\"\\u767d\\u8272\",\"order\":50,\"id\":\"668\",\"text\":\"\\u767d\\u8272\"}}'),(348,'',0.00,0.00,0.00,0,0,0,'',29,'{\"0\":{\"goods_skus_card_id\":\"252\",\"name\":\"\\u8eab\\u9ad8\",\"value\":\"150\",\"order\":50,\"id\":\"658\",\"text\":\"150\"},\"1\":{\"goods_skus_card_id\":\"253\",\"name\":\"\\u5927\\u5c0f\",\"value\":\"xxl\",\"order\":50,\"id\":\"662\",\"text\":\"xxl\"},\"2\":{\"goods_skus_card_id\":\"254\",\"name\":\"\\u54c1\\u724c\",\"value\":\"\\u6211\\u5927\\u610f\\u4e86\",\"order\":50,\"id\":\"665\",\"text\":\"\\u6211\\u5927\\u610f\\u4e86\"},\"3\":{\"goods_skus_card_id\":\"255\",\"name\":\"\\u989c\\u8272\",\"value\":\"\\u7eff\\u8272\",\"order\":50,\"id\":\"666\",\"text\":\"\\u7eff\\u8272\"}}'),(349,'',0.00,0.00,0.00,0,0,0,'',29,'{\"0\":{\"goods_skus_card_id\":\"252\",\"name\":\"\\u8eab\\u9ad8\",\"value\":\"150\",\"order\":50,\"id\":\"658\",\"text\":\"150\"},\"1\":{\"goods_skus_card_id\":\"253\",\"name\":\"\\u5927\\u5c0f\",\"value\":\"xxl\",\"order\":50,\"id\":\"662\",\"text\":\"xxl\"},\"2\":{\"goods_skus_card_id\":\"254\",\"name\":\"\\u54c1\\u724c\",\"value\":\"\\u6211\\u5927\\u610f\\u4e86\",\"order\":50,\"id\":\"665\",\"text\":\"\\u6211\\u5927\\u610f\\u4e86\"},\"3\":{\"goods_skus_card_id\":\"255\",\"name\":\"\\u989c\\u8272\",\"value\":\"\\u9ec4\\u8272\",\"order\":50,\"id\":\"667\",\"text\":\"\\u9ec4\\u8272\"}}'),(350,'',0.00,0.00,0.00,0,0,0,'',29,'{\"0\":{\"goods_skus_card_id\":\"252\",\"name\":\"\\u8eab\\u9ad8\",\"value\":\"150\",\"order\":50,\"id\":\"658\",\"text\":\"150\"},\"1\":{\"goods_skus_card_id\":\"253\",\"name\":\"\\u5927\\u5c0f\",\"value\":\"xxl\",\"order\":50,\"id\":\"662\",\"text\":\"xxl\"},\"2\":{\"goods_skus_card_id\":\"254\",\"name\":\"\\u54c1\\u724c\",\"value\":\"\\u6211\\u5927\\u610f\\u4e86\",\"order\":50,\"id\":\"665\",\"text\":\"\\u6211\\u5927\\u610f\\u4e86\"},\"3\":{\"goods_skus_card_id\":\"255\",\"name\":\"\\u989c\\u8272\",\"value\":\"\\u767d\\u8272\",\"order\":50,\"id\":\"668\",\"text\":\"\\u767d\\u8272\"}}'),(351,'',0.00,0.00,0.00,0,0,0,'',29,'{\"0\":{\"goods_skus_card_id\":\"252\",\"name\":\"\\u8eab\\u9ad8\",\"value\":\"150\",\"order\":50,\"id\":\"658\",\"text\":\"150\"},\"1\":{\"goods_skus_card_id\":\"253\",\"name\":\"\\u5927\\u5c0f\",\"value\":\"xxxxl\",\"order\":50,\"id\":\"663\",\"text\":\"xxxxl\"},\"2\":{\"goods_skus_card_id\":\"254\",\"name\":\"\\u54c1\\u724c\",\"value\":\"\\u6211\\u5927\\u610f\\u4e86\",\"order\":50,\"id\":\"665\",\"text\":\"\\u6211\\u5927\\u610f\\u4e86\"},\"3\":{\"goods_skus_card_id\":\"255\",\"name\":\"\\u989c\\u8272\",\"value\":\"\\u7eff\\u8272\",\"order\":50,\"id\":\"666\",\"text\":\"\\u7eff\\u8272\"}}'),(352,'',0.00,0.00,0.00,0,0,0,'',29,'{\"0\":{\"goods_skus_card_id\":\"252\",\"name\":\"\\u8eab\\u9ad8\",\"value\":\"150\",\"order\":50,\"id\":\"658\",\"text\":\"150\"},\"1\":{\"goods_skus_card_id\":\"253\",\"name\":\"\\u5927\\u5c0f\",\"value\":\"xxxxl\",\"order\":50,\"id\":\"663\",\"text\":\"xxxxl\"},\"2\":{\"goods_skus_card_id\":\"254\",\"name\":\"\\u54c1\\u724c\",\"value\":\"\\u6211\\u5927\\u610f\\u4e86\",\"order\":50,\"id\":\"665\",\"text\":\"\\u6211\\u5927\\u610f\\u4e86\"},\"3\":{\"goods_skus_card_id\":\"255\",\"name\":\"\\u989c\\u8272\",\"value\":\"\\u9ec4\\u8272\",\"order\":50,\"id\":\"667\",\"text\":\"\\u9ec4\\u8272\"}}'),(353,'',0.00,0.00,0.00,0,0,0,'',29,'{\"0\":{\"goods_skus_card_id\":\"252\",\"name\":\"\\u8eab\\u9ad8\",\"value\":\"150\",\"order\":50,\"id\":\"658\",\"text\":\"150\"},\"1\":{\"goods_skus_card_id\":\"253\",\"name\":\"\\u5927\\u5c0f\",\"value\":\"xxxxl\",\"order\":50,\"id\":\"663\",\"text\":\"xxxxl\"},\"2\":{\"goods_skus_card_id\":\"254\",\"name\":\"\\u54c1\\u724c\",\"value\":\"\\u6211\\u5927\\u610f\\u4e86\",\"order\":50,\"id\":\"665\",\"text\":\"\\u6211\\u5927\\u610f\\u4e86\"},\"3\":{\"goods_skus_card_id\":\"255\",\"name\":\"\\u989c\\u8272\",\"value\":\"\\u767d\\u8272\",\"order\":50,\"id\":\"668\",\"text\":\"\\u767d\\u8272\"}}'),(354,'',0.00,0.00,0.00,0,0,0,'',29,'{\"0\":{\"goods_skus_card_id\":\"252\",\"name\":\"\\u8eab\\u9ad8\",\"value\":\"150\",\"order\":50,\"id\":\"658\",\"text\":\"150\"},\"1\":{\"goods_skus_card_id\":\"253\",\"name\":\"\\u5927\\u5c0f\",\"value\":\"sm\",\"order\":50,\"id\":\"664\",\"text\":\"sm\"},\"2\":{\"goods_skus_card_id\":\"254\",\"name\":\"\\u54c1\\u724c\",\"value\":\"\\u6211\\u5927\\u610f\\u4e86\",\"order\":50,\"id\":\"665\",\"text\":\"\\u6211\\u5927\\u610f\\u4e86\"},\"3\":{\"goods_skus_card_id\":\"255\",\"name\":\"\\u989c\\u8272\",\"value\":\"\\u7eff\\u8272\",\"order\":50,\"id\":\"666\",\"text\":\"\\u7eff\\u8272\"}}'),(355,'',0.00,0.00,0.00,0,0,0,'',29,'{\"0\":{\"goods_skus_card_id\":\"252\",\"name\":\"\\u8eab\\u9ad8\",\"value\":\"150\",\"order\":50,\"id\":\"658\",\"text\":\"150\"},\"1\":{\"goods_skus_card_id\":\"253\",\"name\":\"\\u5927\\u5c0f\",\"value\":\"sm\",\"order\":50,\"id\":\"664\",\"text\":\"sm\"},\"2\":{\"goods_skus_card_id\":\"254\",\"name\":\"\\u54c1\\u724c\",\"value\":\"\\u6211\\u5927\\u610f\\u4e86\",\"order\":50,\"id\":\"665\",\"text\":\"\\u6211\\u5927\\u610f\\u4e86\"},\"3\":{\"goods_skus_card_id\":\"255\",\"name\":\"\\u989c\\u8272\",\"value\":\"\\u9ec4\\u8272\",\"order\":50,\"id\":\"667\",\"text\":\"\\u9ec4\\u8272\"}}'),(356,'',0.00,0.00,0.00,0,0,0,'',29,'{\"0\":{\"goods_skus_card_id\":\"252\",\"name\":\"\\u8eab\\u9ad8\",\"value\":\"150\",\"order\":50,\"id\":\"658\",\"text\":\"150\"},\"1\":{\"goods_skus_card_id\":\"253\",\"name\":\"\\u5927\\u5c0f\",\"value\":\"sm\",\"order\":50,\"id\":\"664\",\"text\":\"sm\"},\"2\":{\"goods_skus_card_id\":\"254\",\"name\":\"\\u54c1\\u724c\",\"value\":\"\\u6211\\u5927\\u610f\\u4e86\",\"order\":50,\"id\":\"665\",\"text\":\"\\u6211\\u5927\\u610f\\u4e86\"},\"3\":{\"goods_skus_card_id\":\"255\",\"name\":\"\\u989c\\u8272\",\"value\":\"\\u767d\\u8272\",\"order\":50,\"id\":\"668\",\"text\":\"\\u767d\\u8272\"}}'),(357,'',0.00,0.00,0.00,0,0,0,'',29,'{\"0\":{\"goods_skus_card_id\":\"252\",\"name\":\"\\u8eab\\u9ad8\",\"value\":\"160\",\"order\":50,\"id\":\"659\",\"text\":\"160\"},\"1\":{\"goods_skus_card_id\":\"253\",\"name\":\"\\u5927\\u5c0f\",\"value\":\"xl\",\"order\":50,\"id\":\"661\",\"text\":\"xl\"},\"2\":{\"goods_skus_card_id\":\"254\",\"name\":\"\\u54c1\\u724c\",\"value\":\"\\u6211\\u5927\\u610f\\u4e86\",\"order\":50,\"id\":\"665\",\"text\":\"\\u6211\\u5927\\u610f\\u4e86\"},\"3\":{\"goods_skus_card_id\":\"255\",\"name\":\"\\u989c\\u8272\",\"value\":\"\\u7eff\\u8272\",\"order\":50,\"id\":\"666\",\"text\":\"\\u7eff\\u8272\"}}'),(358,'',0.00,0.00,0.00,0,0,0,'',29,'{\"0\":{\"goods_skus_card_id\":\"252\",\"name\":\"\\u8eab\\u9ad8\",\"value\":\"160\",\"order\":50,\"id\":\"659\",\"text\":\"160\"},\"1\":{\"goods_skus_card_id\":\"253\",\"name\":\"\\u5927\\u5c0f\",\"value\":\"xl\",\"order\":50,\"id\":\"661\",\"text\":\"xl\"},\"2\":{\"goods_skus_card_id\":\"254\",\"name\":\"\\u54c1\\u724c\",\"value\":\"\\u6211\\u5927\\u610f\\u4e86\",\"order\":50,\"id\":\"665\",\"text\":\"\\u6211\\u5927\\u610f\\u4e86\"},\"3\":{\"goods_skus_card_id\":\"255\",\"name\":\"\\u989c\\u8272\",\"value\":\"\\u9ec4\\u8272\",\"order\":50,\"id\":\"667\",\"text\":\"\\u9ec4\\u8272\"}}'),(359,'',0.00,0.00,0.00,0,0,0,'',29,'{\"0\":{\"goods_skus_card_id\":\"252\",\"name\":\"\\u8eab\\u9ad8\",\"value\":\"160\",\"order\":50,\"id\":\"659\",\"text\":\"160\"},\"1\":{\"goods_skus_card_id\":\"253\",\"name\":\"\\u5927\\u5c0f\",\"value\":\"xl\",\"order\":50,\"id\":\"661\",\"text\":\"xl\"},\"2\":{\"goods_skus_card_id\":\"254\",\"name\":\"\\u54c1\\u724c\",\"value\":\"\\u6211\\u5927\\u610f\\u4e86\",\"order\":50,\"id\":\"665\",\"text\":\"\\u6211\\u5927\\u610f\\u4e86\"},\"3\":{\"goods_skus_card_id\":\"255\",\"name\":\"\\u989c\\u8272\",\"value\":\"\\u767d\\u8272\",\"order\":50,\"id\":\"668\",\"text\":\"\\u767d\\u8272\"}}'),(360,'',0.00,0.00,0.00,0,0,0,'',29,'{\"0\":{\"goods_skus_card_id\":\"252\",\"name\":\"\\u8eab\\u9ad8\",\"value\":\"160\",\"order\":50,\"id\":\"659\",\"text\":\"160\"},\"1\":{\"goods_skus_card_id\":\"253\",\"name\":\"\\u5927\\u5c0f\",\"value\":\"xxl\",\"order\":50,\"id\":\"662\",\"text\":\"xxl\"},\"2\":{\"goods_skus_card_id\":\"254\",\"name\":\"\\u54c1\\u724c\",\"value\":\"\\u6211\\u5927\\u610f\\u4e86\",\"order\":50,\"id\":\"665\",\"text\":\"\\u6211\\u5927\\u610f\\u4e86\"},\"3\":{\"goods_skus_card_id\":\"255\",\"name\":\"\\u989c\\u8272\",\"value\":\"\\u7eff\\u8272\",\"order\":50,\"id\":\"666\",\"text\":\"\\u7eff\\u8272\"}}'),(361,'',0.00,0.00,0.00,0,0,0,'',29,'{\"0\":{\"goods_skus_card_id\":\"252\",\"name\":\"\\u8eab\\u9ad8\",\"value\":\"160\",\"order\":50,\"id\":\"659\",\"text\":\"160\"},\"1\":{\"goods_skus_card_id\":\"253\",\"name\":\"\\u5927\\u5c0f\",\"value\":\"xxl\",\"order\":50,\"id\":\"662\",\"text\":\"xxl\"},\"2\":{\"goods_skus_card_id\":\"254\",\"name\":\"\\u54c1\\u724c\",\"value\":\"\\u6211\\u5927\\u610f\\u4e86\",\"order\":50,\"id\":\"665\",\"text\":\"\\u6211\\u5927\\u610f\\u4e86\"},\"3\":{\"goods_skus_card_id\":\"255\",\"name\":\"\\u989c\\u8272\",\"value\":\"\\u9ec4\\u8272\",\"order\":50,\"id\":\"667\",\"text\":\"\\u9ec4\\u8272\"}}'),(362,'',0.00,0.00,0.00,0,0,0,'',29,'{\"0\":{\"goods_skus_card_id\":\"252\",\"name\":\"\\u8eab\\u9ad8\",\"value\":\"160\",\"order\":50,\"id\":\"659\",\"text\":\"160\"},\"1\":{\"goods_skus_card_id\":\"253\",\"name\":\"\\u5927\\u5c0f\",\"value\":\"xxl\",\"order\":50,\"id\":\"662\",\"text\":\"xxl\"},\"2\":{\"goods_skus_card_id\":\"254\",\"name\":\"\\u54c1\\u724c\",\"value\":\"\\u6211\\u5927\\u610f\\u4e86\",\"order\":50,\"id\":\"665\",\"text\":\"\\u6211\\u5927\\u610f\\u4e86\"},\"3\":{\"goods_skus_card_id\":\"255\",\"name\":\"\\u989c\\u8272\",\"value\":\"\\u767d\\u8272\",\"order\":50,\"id\":\"668\",\"text\":\"\\u767d\\u8272\"}}'),(363,'',0.00,0.00,0.00,0,0,0,'',29,'{\"0\":{\"goods_skus_card_id\":\"252\",\"name\":\"\\u8eab\\u9ad8\",\"value\":\"160\",\"order\":50,\"id\":\"659\",\"text\":\"160\"},\"1\":{\"goods_skus_card_id\":\"253\",\"name\":\"\\u5927\\u5c0f\",\"value\":\"xxxxl\",\"order\":50,\"id\":\"663\",\"text\":\"xxxxl\"},\"2\":{\"goods_skus_card_id\":\"254\",\"name\":\"\\u54c1\\u724c\",\"value\":\"\\u6211\\u5927\\u610f\\u4e86\",\"order\":50,\"id\":\"665\",\"text\":\"\\u6211\\u5927\\u610f\\u4e86\"},\"3\":{\"goods_skus_card_id\":\"255\",\"name\":\"\\u989c\\u8272\",\"value\":\"\\u7eff\\u8272\",\"order\":50,\"id\":\"666\",\"text\":\"\\u7eff\\u8272\"}}'),(364,'',0.00,0.00,0.00,0,0,0,'',29,'{\"0\":{\"goods_skus_card_id\":\"252\",\"name\":\"\\u8eab\\u9ad8\",\"value\":\"160\",\"order\":50,\"id\":\"659\",\"text\":\"160\"},\"1\":{\"goods_skus_card_id\":\"253\",\"name\":\"\\u5927\\u5c0f\",\"value\":\"xxxxl\",\"order\":50,\"id\":\"663\",\"text\":\"xxxxl\"},\"2\":{\"goods_skus_card_id\":\"254\",\"name\":\"\\u54c1\\u724c\",\"value\":\"\\u6211\\u5927\\u610f\\u4e86\",\"order\":50,\"id\":\"665\",\"text\":\"\\u6211\\u5927\\u610f\\u4e86\"},\"3\":{\"goods_skus_card_id\":\"255\",\"name\":\"\\u989c\\u8272\",\"value\":\"\\u9ec4\\u8272\",\"order\":50,\"id\":\"667\",\"text\":\"\\u9ec4\\u8272\"}}'),(365,'',0.00,0.00,0.00,0,0,0,'',29,'{\"0\":{\"goods_skus_card_id\":\"252\",\"name\":\"\\u8eab\\u9ad8\",\"value\":\"160\",\"order\":50,\"id\":\"659\",\"text\":\"160\"},\"1\":{\"goods_skus_card_id\":\"253\",\"name\":\"\\u5927\\u5c0f\",\"value\":\"xxxxl\",\"order\":50,\"id\":\"663\",\"text\":\"xxxxl\"},\"2\":{\"goods_skus_card_id\":\"254\",\"name\":\"\\u54c1\\u724c\",\"value\":\"\\u6211\\u5927\\u610f\\u4e86\",\"order\":50,\"id\":\"665\",\"text\":\"\\u6211\\u5927\\u610f\\u4e86\"},\"3\":{\"goods_skus_card_id\":\"255\",\"name\":\"\\u989c\\u8272\",\"value\":\"\\u767d\\u8272\",\"order\":50,\"id\":\"668\",\"text\":\"\\u767d\\u8272\"}}'),(366,'',0.00,0.00,0.00,0,0,0,'',29,'{\"0\":{\"goods_skus_card_id\":\"252\",\"name\":\"\\u8eab\\u9ad8\",\"value\":\"160\",\"order\":50,\"id\":\"659\",\"text\":\"160\"},\"1\":{\"goods_skus_card_id\":\"253\",\"name\":\"\\u5927\\u5c0f\",\"value\":\"sm\",\"order\":50,\"id\":\"664\",\"text\":\"sm\"},\"2\":{\"goods_skus_card_id\":\"254\",\"name\":\"\\u54c1\\u724c\",\"value\":\"\\u6211\\u5927\\u610f\\u4e86\",\"order\":50,\"id\":\"665\",\"text\":\"\\u6211\\u5927\\u610f\\u4e86\"},\"3\":{\"goods_skus_card_id\":\"255\",\"name\":\"\\u989c\\u8272\",\"value\":\"\\u7eff\\u8272\",\"order\":50,\"id\":\"666\",\"text\":\"\\u7eff\\u8272\"}}'),(367,'',0.00,0.00,0.00,0,0,0,'',29,'{\"0\":{\"goods_skus_card_id\":\"252\",\"name\":\"\\u8eab\\u9ad8\",\"value\":\"160\",\"order\":50,\"id\":\"659\",\"text\":\"160\"},\"1\":{\"goods_skus_card_id\":\"253\",\"name\":\"\\u5927\\u5c0f\",\"value\":\"sm\",\"order\":50,\"id\":\"664\",\"text\":\"sm\"},\"2\":{\"goods_skus_card_id\":\"254\",\"name\":\"\\u54c1\\u724c\",\"value\":\"\\u6211\\u5927\\u610f\\u4e86\",\"order\":50,\"id\":\"665\",\"text\":\"\\u6211\\u5927\\u610f\\u4e86\"},\"3\":{\"goods_skus_card_id\":\"255\",\"name\":\"\\u989c\\u8272\",\"value\":\"\\u9ec4\\u8272\",\"order\":50,\"id\":\"667\",\"text\":\"\\u9ec4\\u8272\"}}'),(368,'',0.00,0.00,0.00,0,0,0,'',29,'{\"0\":{\"goods_skus_card_id\":\"252\",\"name\":\"\\u8eab\\u9ad8\",\"value\":\"160\",\"order\":50,\"id\":\"659\",\"text\":\"160\"},\"1\":{\"goods_skus_card_id\":\"253\",\"name\":\"\\u5927\\u5c0f\",\"value\":\"sm\",\"order\":50,\"id\":\"664\",\"text\":\"sm\"},\"2\":{\"goods_skus_card_id\":\"254\",\"name\":\"\\u54c1\\u724c\",\"value\":\"\\u6211\\u5927\\u610f\\u4e86\",\"order\":50,\"id\":\"665\",\"text\":\"\\u6211\\u5927\\u610f\\u4e86\"},\"3\":{\"goods_skus_card_id\":\"255\",\"name\":\"\\u989c\\u8272\",\"value\":\"\\u767d\\u8272\",\"order\":50,\"id\":\"668\",\"text\":\"\\u767d\\u8272\"}}'),(369,'',0.00,0.00,0.00,0,0,0,'',29,'{\"0\":{\"goods_skus_card_id\":\"252\",\"name\":\"\\u8eab\\u9ad8\",\"value\":\"170\",\"order\":50,\"id\":\"660\",\"text\":\"170\"},\"1\":{\"goods_skus_card_id\":\"253\",\"name\":\"\\u5927\\u5c0f\",\"value\":\"xl\",\"order\":50,\"id\":\"661\",\"text\":\"xl\"},\"2\":{\"goods_skus_card_id\":\"254\",\"name\":\"\\u54c1\\u724c\",\"value\":\"\\u6211\\u5927\\u610f\\u4e86\",\"order\":50,\"id\":\"665\",\"text\":\"\\u6211\\u5927\\u610f\\u4e86\"},\"3\":{\"goods_skus_card_id\":\"255\",\"name\":\"\\u989c\\u8272\",\"value\":\"\\u7eff\\u8272\",\"order\":50,\"id\":\"666\",\"text\":\"\\u7eff\\u8272\"}}'),(370,'',0.00,0.00,0.00,0,0,0,'',29,'{\"0\":{\"goods_skus_card_id\":\"252\",\"name\":\"\\u8eab\\u9ad8\",\"value\":\"170\",\"order\":50,\"id\":\"660\",\"text\":\"170\"},\"1\":{\"goods_skus_card_id\":\"253\",\"name\":\"\\u5927\\u5c0f\",\"value\":\"xl\",\"order\":50,\"id\":\"661\",\"text\":\"xl\"},\"2\":{\"goods_skus_card_id\":\"254\",\"name\":\"\\u54c1\\u724c\",\"value\":\"\\u6211\\u5927\\u610f\\u4e86\",\"order\":50,\"id\":\"665\",\"text\":\"\\u6211\\u5927\\u610f\\u4e86\"},\"3\":{\"goods_skus_card_id\":\"255\",\"name\":\"\\u989c\\u8272\",\"value\":\"\\u9ec4\\u8272\",\"order\":50,\"id\":\"667\",\"text\":\"\\u9ec4\\u8272\"}}'),(371,'',0.00,0.00,0.00,0,0,0,'',29,'{\"0\":{\"goods_skus_card_id\":\"252\",\"name\":\"\\u8eab\\u9ad8\",\"value\":\"170\",\"order\":50,\"id\":\"660\",\"text\":\"170\"},\"1\":{\"goods_skus_card_id\":\"253\",\"name\":\"\\u5927\\u5c0f\",\"value\":\"xl\",\"order\":50,\"id\":\"661\",\"text\":\"xl\"},\"2\":{\"goods_skus_card_id\":\"254\",\"name\":\"\\u54c1\\u724c\",\"value\":\"\\u6211\\u5927\\u610f\\u4e86\",\"order\":50,\"id\":\"665\",\"text\":\"\\u6211\\u5927\\u610f\\u4e86\"},\"3\":{\"goods_skus_card_id\":\"255\",\"name\":\"\\u989c\\u8272\",\"value\":\"\\u767d\\u8272\",\"order\":50,\"id\":\"668\",\"text\":\"\\u767d\\u8272\"}}'),(372,'',0.00,0.00,0.00,0,0,0,'',29,'{\"0\":{\"goods_skus_card_id\":\"252\",\"name\":\"\\u8eab\\u9ad8\",\"value\":\"170\",\"order\":50,\"id\":\"660\",\"text\":\"170\"},\"1\":{\"goods_skus_card_id\":\"253\",\"name\":\"\\u5927\\u5c0f\",\"value\":\"xxl\",\"order\":50,\"id\":\"662\",\"text\":\"xxl\"},\"2\":{\"goods_skus_card_id\":\"254\",\"name\":\"\\u54c1\\u724c\",\"value\":\"\\u6211\\u5927\\u610f\\u4e86\",\"order\":50,\"id\":\"665\",\"text\":\"\\u6211\\u5927\\u610f\\u4e86\"},\"3\":{\"goods_skus_card_id\":\"255\",\"name\":\"\\u989c\\u8272\",\"value\":\"\\u7eff\\u8272\",\"order\":50,\"id\":\"666\",\"text\":\"\\u7eff\\u8272\"}}'),(373,'',0.00,0.00,0.00,0,0,0,'',29,'{\"0\":{\"goods_skus_card_id\":\"252\",\"name\":\"\\u8eab\\u9ad8\",\"value\":\"170\",\"order\":50,\"id\":\"660\",\"text\":\"170\"},\"1\":{\"goods_skus_card_id\":\"253\",\"name\":\"\\u5927\\u5c0f\",\"value\":\"xxl\",\"order\":50,\"id\":\"662\",\"text\":\"xxl\"},\"2\":{\"goods_skus_card_id\":\"254\",\"name\":\"\\u54c1\\u724c\",\"value\":\"\\u6211\\u5927\\u610f\\u4e86\",\"order\":50,\"id\":\"665\",\"text\":\"\\u6211\\u5927\\u610f\\u4e86\"},\"3\":{\"goods_skus_card_id\":\"255\",\"name\":\"\\u989c\\u8272\",\"value\":\"\\u9ec4\\u8272\",\"order\":50,\"id\":\"667\",\"text\":\"\\u9ec4\\u8272\"}}'),(374,'',0.00,0.00,0.00,0,0,0,'',29,'{\"0\":{\"goods_skus_card_id\":\"252\",\"name\":\"\\u8eab\\u9ad8\",\"value\":\"170\",\"order\":50,\"id\":\"660\",\"text\":\"170\"},\"1\":{\"goods_skus_card_id\":\"253\",\"name\":\"\\u5927\\u5c0f\",\"value\":\"xxl\",\"order\":50,\"id\":\"662\",\"text\":\"xxl\"},\"2\":{\"goods_skus_card_id\":\"254\",\"name\":\"\\u54c1\\u724c\",\"value\":\"\\u6211\\u5927\\u610f\\u4e86\",\"order\":50,\"id\":\"665\",\"text\":\"\\u6211\\u5927\\u610f\\u4e86\"},\"3\":{\"goods_skus_card_id\":\"255\",\"name\":\"\\u989c\\u8272\",\"value\":\"\\u767d\\u8272\",\"order\":50,\"id\":\"668\",\"text\":\"\\u767d\\u8272\"}}'),(375,'',0.00,0.00,0.00,0,0,0,'',29,'{\"0\":{\"goods_skus_card_id\":\"252\",\"name\":\"\\u8eab\\u9ad8\",\"value\":\"170\",\"order\":50,\"id\":\"660\",\"text\":\"170\"},\"1\":{\"goods_skus_card_id\":\"253\",\"name\":\"\\u5927\\u5c0f\",\"value\":\"xxxxl\",\"order\":50,\"id\":\"663\",\"text\":\"xxxxl\"},\"2\":{\"goods_skus_card_id\":\"254\",\"name\":\"\\u54c1\\u724c\",\"value\":\"\\u6211\\u5927\\u610f\\u4e86\",\"order\":50,\"id\":\"665\",\"text\":\"\\u6211\\u5927\\u610f\\u4e86\"},\"3\":{\"goods_skus_card_id\":\"255\",\"name\":\"\\u989c\\u8272\",\"value\":\"\\u7eff\\u8272\",\"order\":50,\"id\":\"666\",\"text\":\"\\u7eff\\u8272\"}}'),(376,'',0.00,0.00,0.00,0,0,0,'',29,'{\"0\":{\"goods_skus_card_id\":\"252\",\"name\":\"\\u8eab\\u9ad8\",\"value\":\"170\",\"order\":50,\"id\":\"660\",\"text\":\"170\"},\"1\":{\"goods_skus_card_id\":\"253\",\"name\":\"\\u5927\\u5c0f\",\"value\":\"xxxxl\",\"order\":50,\"id\":\"663\",\"text\":\"xxxxl\"},\"2\":{\"goods_skus_card_id\":\"254\",\"name\":\"\\u54c1\\u724c\",\"value\":\"\\u6211\\u5927\\u610f\\u4e86\",\"order\":50,\"id\":\"665\",\"text\":\"\\u6211\\u5927\\u610f\\u4e86\"},\"3\":{\"goods_skus_card_id\":\"255\",\"name\":\"\\u989c\\u8272\",\"value\":\"\\u9ec4\\u8272\",\"order\":50,\"id\":\"667\",\"text\":\"\\u9ec4\\u8272\"}}'),(377,'',0.00,0.00,0.00,0,0,0,'',29,'{\"0\":{\"goods_skus_card_id\":\"252\",\"name\":\"\\u8eab\\u9ad8\",\"value\":\"170\",\"order\":50,\"id\":\"660\",\"text\":\"170\"},\"1\":{\"goods_skus_card_id\":\"253\",\"name\":\"\\u5927\\u5c0f\",\"value\":\"xxxxl\",\"order\":50,\"id\":\"663\",\"text\":\"xxxxl\"},\"2\":{\"goods_skus_card_id\":\"254\",\"name\":\"\\u54c1\\u724c\",\"value\":\"\\u6211\\u5927\\u610f\\u4e86\",\"order\":50,\"id\":\"665\",\"text\":\"\\u6211\\u5927\\u610f\\u4e86\"},\"3\":{\"goods_skus_card_id\":\"255\",\"name\":\"\\u989c\\u8272\",\"value\":\"\\u767d\\u8272\",\"order\":50,\"id\":\"668\",\"text\":\"\\u767d\\u8272\"}}'),(378,'',0.00,0.00,0.00,0,0,0,'',29,'{\"0\":{\"goods_skus_card_id\":\"252\",\"name\":\"\\u8eab\\u9ad8\",\"value\":\"170\",\"order\":50,\"id\":\"660\",\"text\":\"170\"},\"1\":{\"goods_skus_card_id\":\"253\",\"name\":\"\\u5927\\u5c0f\",\"value\":\"sm\",\"order\":50,\"id\":\"664\",\"text\":\"sm\"},\"2\":{\"goods_skus_card_id\":\"254\",\"name\":\"\\u54c1\\u724c\",\"value\":\"\\u6211\\u5927\\u610f\\u4e86\",\"order\":50,\"id\":\"665\",\"text\":\"\\u6211\\u5927\\u610f\\u4e86\"},\"3\":{\"goods_skus_card_id\":\"255\",\"name\":\"\\u989c\\u8272\",\"value\":\"\\u7eff\\u8272\",\"order\":50,\"id\":\"666\",\"text\":\"\\u7eff\\u8272\"}}'),(379,'',0.00,0.00,0.00,0,0,0,'',29,'{\"0\":{\"goods_skus_card_id\":\"252\",\"name\":\"\\u8eab\\u9ad8\",\"value\":\"170\",\"order\":50,\"id\":\"660\",\"text\":\"170\"},\"1\":{\"goods_skus_card_id\":\"253\",\"name\":\"\\u5927\\u5c0f\",\"value\":\"sm\",\"order\":50,\"id\":\"664\",\"text\":\"sm\"},\"2\":{\"goods_skus_card_id\":\"254\",\"name\":\"\\u54c1\\u724c\",\"value\":\"\\u6211\\u5927\\u610f\\u4e86\",\"order\":50,\"id\":\"665\",\"text\":\"\\u6211\\u5927\\u610f\\u4e86\"},\"3\":{\"goods_skus_card_id\":\"255\",\"name\":\"\\u989c\\u8272\",\"value\":\"\\u9ec4\\u8272\",\"order\":50,\"id\":\"667\",\"text\":\"\\u9ec4\\u8272\"}}'),(380,'',0.00,0.00,0.00,0,0,0,'',29,'{\"0\":{\"goods_skus_card_id\":\"252\",\"name\":\"\\u8eab\\u9ad8\",\"value\":\"170\",\"order\":50,\"id\":\"660\",\"text\":\"170\"},\"1\":{\"goods_skus_card_id\":\"253\",\"name\":\"\\u5927\\u5c0f\",\"value\":\"sm\",\"order\":50,\"id\":\"664\",\"text\":\"sm\"},\"2\":{\"goods_skus_card_id\":\"254\",\"name\":\"\\u54c1\\u724c\",\"value\":\"\\u6211\\u5927\\u610f\\u4e86\",\"order\":50,\"id\":\"665\",\"text\":\"\\u6211\\u5927\\u610f\\u4e86\"},\"3\":{\"goods_skus_card_id\":\"255\",\"name\":\"\\u989c\\u8272\",\"value\":\"\\u767d\\u8272\",\"order\":50,\"id\":\"668\",\"text\":\"\\u767d\\u8272\"}}'),(397,'',1.00,0.00,0.00,0,0,0,'',91,'{\"0\":{\"goods_skus_card_id\":\"265\",\"name\":\"\\u8eab\\u9ad8\",\"value\":\"150\",\"order\":50,\"id\":\"685\",\"text\":\"150\"},\"1\":{\"goods_skus_card_id\":\"266\",\"name\":\"\\u989c\\u8272\",\"value\":\"\\u7eff\\u8272\",\"order\":50,\"id\":\"689\",\"text\":\"\\u7eff\\u8272\"}}'),(398,'',2.00,0.00,0.00,0,0,0,'',91,'{\"0\":{\"goods_skus_card_id\":\"265\",\"name\":\"\\u8eab\\u9ad8\",\"value\":\"150\",\"order\":50,\"id\":\"685\",\"text\":\"150\"},\"1\":{\"goods_skus_card_id\":\"266\",\"name\":\"\\u989c\\u8272\",\"value\":\"\\u9ec4\\u8272\",\"order\":50,\"id\":\"690\",\"text\":\"\\u9ec4\\u8272\"}}'),(399,'',3.00,0.00,0.00,0,0,0,'',91,'{\"0\":{\"goods_skus_card_id\":\"265\",\"name\":\"\\u8eab\\u9ad8\",\"value\":\"160\",\"order\":50,\"id\":\"686\",\"text\":\"160\"},\"1\":{\"goods_skus_card_id\":\"266\",\"name\":\"\\u989c\\u8272\",\"value\":\"\\u7eff\\u8272\",\"order\":50,\"id\":\"689\",\"text\":\"\\u7eff\\u8272\"}}'),(400,'',4.00,0.00,0.00,0,0,0,'',91,'{\"0\":{\"goods_skus_card_id\":\"265\",\"name\":\"\\u8eab\\u9ad8\",\"value\":\"160\",\"order\":50,\"id\":\"686\",\"text\":\"160\"},\"1\":{\"goods_skus_card_id\":\"266\",\"name\":\"\\u989c\\u8272\",\"value\":\"\\u9ec4\\u8272\",\"order\":50,\"id\":\"690\",\"text\":\"\\u9ec4\\u8272\"}}'),(442,'',1.00,0.00,0.00,0,0,0,'',94,'{\"0\":{\"id\":843,\"goods_skus_card_id\":292,\"name\":\"\\u989c\\u8272\",\"value\":\"\\u7eff\\u8272\",\"order\":50,\"text\":\"\\u7eff\\u8272\"},\"1\":{\"id\":828,\"goods_skus_card_id\":291,\"name\":\"\\u8eab\\u9ad8\",\"value\":\"150\",\"order\":50,\"text\":\"150\"}}'),(443,'',3.00,0.00,0.00,0,0,0,'',94,'{\"0\":{\"id\":843,\"goods_skus_card_id\":292,\"name\":\"\\u989c\\u8272\",\"value\":\"\\u7eff\\u8272\",\"order\":50,\"text\":\"\\u7eff\\u8272\"},\"1\":{\"id\":848,\"goods_skus_card_id\":291,\"name\":\"\\u8eab\\u9ad8\",\"value\":\"170\",\"order\":50,\"text\":\"170\"}}'),(444,'',2.00,0.00,0.00,0,0,0,'',94,'{\"0\":{\"id\":844,\"goods_skus_card_id\":292,\"name\":\"\\u989c\\u8272\",\"value\":\"\\u9ec4\\u8272\",\"order\":50,\"text\":\"\\u9ec4\\u8272\"},\"1\":{\"id\":828,\"goods_skus_card_id\":291,\"name\":\"\\u8eab\\u9ad8\",\"value\":\"150\",\"order\":50,\"text\":\"150\"}}'),(445,'',6.00,0.00,0.00,0,0,0,'',94,'{\"0\":{\"id\":844,\"goods_skus_card_id\":292,\"name\":\"\\u989c\\u8272\",\"value\":\"\\u9ec4\\u8272\",\"order\":50,\"text\":\"\\u9ec4\\u8272\"},\"1\":{\"id\":848,\"goods_skus_card_id\":291,\"name\":\"\\u8eab\\u9ad8\",\"value\":\"170\",\"order\":50,\"text\":\"170\"}}'),(446,'',0.00,0.00,0.00,0,0,0,'',94,'{\"0\":{\"goods_skus_card_id\":292,\"name\":\"\\u989c\\u8272\",\"order\":50,\"value\":\"\\u8089\\u8272\",\"id\":\"853\",\"text\":\"\\u8089\\u8272\"},\"1\":{\"id\":828,\"goods_skus_card_id\":291,\"name\":\"\\u8eab\\u9ad8\",\"value\":\"150\",\"order\":50,\"text\":\"150\"}}'),(447,'',0.00,0.00,0.00,0,0,0,'',94,'{\"0\":{\"goods_skus_card_id\":292,\"name\":\"\\u989c\\u8272\",\"order\":50,\"value\":\"\\u8089\\u8272\",\"id\":\"853\",\"text\":\"\\u8089\\u8272\"},\"1\":{\"id\":848,\"goods_skus_card_id\":291,\"name\":\"\\u8eab\\u9ad8\",\"value\":\"170\",\"order\":50,\"text\":\"170\"}}'),(448,'',0.00,0.00,0.00,0,0,0,'',108,'{\"0\":{\"goods_skus_card_id\":\"327\",\"name\":\"\\u5c3a\\u5bf8\",\"order\":50,\"value\":\"100g\",\"id\":\"854\",\"text\":\"100g\"},\"1\":{\"goods_skus_card_id\":\"328\",\"name\":\"\\u5bb9\\u91cf\",\"order\":50,\"value\":\"100\\u65a4\",\"id\":\"856\",\"text\":\"100\\u65a4\"}}'),(449,'',0.00,0.00,0.00,0,0,0,'',108,'{\"0\":{\"goods_skus_card_id\":\"327\",\"name\":\"\\u5c3a\\u5bf8\",\"order\":50,\"value\":\"100g\",\"id\":\"854\",\"text\":\"100g\"},\"1\":{\"goods_skus_card_id\":\"328\",\"name\":\"\\u5bb9\\u91cf\",\"order\":50,\"value\":\"200\\u65a4\",\"id\":\"857\",\"text\":\"200\\u65a4\"}}'),(450,'',0.00,0.00,0.00,0,0,0,'',108,'{\"0\":{\"goods_skus_card_id\":\"327\",\"name\":\"\\u5c3a\\u5bf8\",\"order\":50,\"value\":\"200g\",\"id\":\"855\",\"text\":\"200g\"},\"1\":{\"goods_skus_card_id\":\"328\",\"name\":\"\\u5bb9\\u91cf\",\"order\":50,\"value\":\"100\\u65a4\",\"id\":\"856\",\"text\":\"100\\u65a4\"}}'),(451,'',0.00,0.00,0.00,0,0,0,'',108,'{\"0\":{\"goods_skus_card_id\":\"327\",\"name\":\"\\u5c3a\\u5bf8\",\"order\":50,\"value\":\"200g\",\"id\":\"855\",\"text\":\"200g\"},\"1\":{\"goods_skus_card_id\":\"328\",\"name\":\"\\u5bb9\\u91cf\",\"order\":50,\"value\":\"200\\u65a4\",\"id\":\"857\",\"text\":\"200\\u65a4\"}}'),(452,'',4.00,2.00,3.00,3,4,3,'4564646546',118,'{\"0\":{\"goods_skus_card_id\":\"330\",\"name\":\"\\u89c4\\u683c\\u9009\\u9879\",\"order\":50,\"value\":\"55555\",\"id\":\"863\",\"text\":\"55555\"}}'),(453,'',0.00,0.00,0.00,0,0,0,'',129,'{\"0\":{\"goods_skus_card_id\":\"340\",\"name\":\"\\u89c4\\u683c\\u9009\\u9879111\",\"order\":50,\"value\":\"111\",\"id\":\"874\",\"text\":\"111\"}}'),(461,'',0.00,0.00,0.00,0,0,0,'',179,'{\"0\":{\"goods_skus_card_id\":\"372\",\"name\":\"\\u89c4\\u683c\\u540d\\u79f0\",\"order\":50,\"value\":\"1214\",\"id\":\"934\",\"text\":\"1214\"}}'),(462,'',0.00,0.00,0.00,0,0,0,'',28,'{\"0\":{\"goods_skus_card_id\":\"374\",\"name\":\"\\u5185\\u5b58\",\"value\":\"64g\",\"order\":50,\"id\":\"935\",\"text\":\"64g\"},\"1\":{\"goods_skus_card_id\":\"375\",\"name\":\"\\u989c\\u8272\",\"value\":\"\\u7eff\\u8272\",\"order\":50,\"id\":\"938\",\"text\":\"\\u7eff\\u8272\"}}'),(463,'',0.00,0.00,0.00,0,0,0,'',28,'{\"0\":{\"goods_skus_card_id\":\"374\",\"name\":\"\\u5185\\u5b58\",\"value\":\"64g\",\"order\":50,\"id\":\"935\",\"text\":\"64g\"},\"1\":{\"goods_skus_card_id\":\"375\",\"name\":\"\\u989c\\u8272\",\"order\":50,\"value\":\"zise\",\"id\":\"941\",\"text\":\"zise\"}}'),(464,'',0.00,0.00,0.00,0,0,0,'',28,'{\"0\":{\"goods_skus_card_id\":\"374\",\"name\":\"\\u5185\\u5b58\",\"value\":\"128g\",\"order\":50,\"id\":\"936\",\"text\":\"128g\"},\"1\":{\"goods_skus_card_id\":\"375\",\"name\":\"\\u989c\\u8272\",\"value\":\"\\u7eff\\u8272\",\"order\":50,\"id\":\"938\",\"text\":\"\\u7eff\\u8272\"}}'),(465,'',0.00,0.00,0.00,0,0,0,'',28,'{\"0\":{\"goods_skus_card_id\":\"374\",\"name\":\"\\u5185\\u5b58\",\"value\":\"128g\",\"order\":50,\"id\":\"936\",\"text\":\"128g\"},\"1\":{\"goods_skus_card_id\":\"375\",\"name\":\"\\u989c\\u8272\",\"order\":50,\"value\":\"zise\",\"id\":\"941\",\"text\":\"zise\"}}'),(466,'',0.00,0.00,0.00,0,0,0,'',28,'{\"0\":{\"goods_skus_card_id\":\"374\",\"name\":\"\\u5185\\u5b58\",\"value\":\"32g\",\"order\":50,\"id\":\"937\",\"text\":\"32g\"},\"1\":{\"goods_skus_card_id\":\"375\",\"name\":\"\\u989c\\u8272\",\"value\":\"\\u7eff\\u8272\",\"order\":50,\"id\":\"938\",\"text\":\"\\u7eff\\u8272\"}}'),(467,'',0.00,0.00,0.00,0,0,0,'',28,'{\"0\":{\"goods_skus_card_id\":\"374\",\"name\":\"\\u5185\\u5b58\",\"value\":\"32g\",\"order\":50,\"id\":\"937\",\"text\":\"32g\"},\"1\":{\"goods_skus_card_id\":\"375\",\"name\":\"\\u989c\\u8272\",\"order\":50,\"value\":\"zise\",\"id\":\"941\",\"text\":\"zise\"}}'),(516,'',0.00,0.00,0.00,0,0,0,'',168,'{\"0\":{\"id\":959,\"goods_skus_card_id\":389,\"name\":\"\\u5c3a\\u5bf8\",\"value\":\"M\",\"order\":50,\"text\":\"M\"},\"1\":{\"id\":962,\"goods_skus_card_id\":390,\"name\":\"\\u989c\\u8272\",\"value\":\"\\u7ea2\\u8272\",\"order\":50,\"text\":\"\\u7ea2\\u8272\"}}'),(517,'',0.00,0.00,0.00,0,0,0,'1234',168,'{\"0\":{\"id\":959,\"goods_skus_card_id\":389,\"name\":\"\\u5c3a\\u5bf8\",\"value\":\"M\",\"order\":50,\"text\":\"M\"},\"1\":{\"id\":963,\"goods_skus_card_id\":390,\"name\":\"\\u989c\\u8272\",\"value\":\"\\u9ed1\\u8272\",\"order\":50,\"text\":\"\\u9ed1\\u8272\"}}'),(518,'',0.00,0.00,0.00,0,0,0,'',168,'{\"0\":{\"id\":959,\"goods_skus_card_id\":389,\"name\":\"\\u5c3a\\u5bf8\",\"value\":\"M\",\"order\":50,\"text\":\"M\"},\"1\":{\"goods_skus_card_id\":390,\"name\":\"\\u989c\\u8272\",\"order\":50,\"value\":\"\\u84dd\\u8272\",\"id\":\"1099\",\"text\":\"\\u84dd\\u8272\"}}'),(519,'',0.00,0.00,0.00,0,0,0,'',168,'{\"0\":{\"id\":960,\"goods_skus_card_id\":389,\"name\":\"\\u5c3a\\u5bf8\",\"value\":\"L\",\"order\":50,\"text\":\"L\"},\"1\":{\"id\":962,\"goods_skus_card_id\":390,\"name\":\"\\u989c\\u8272\",\"value\":\"\\u7ea2\\u8272\",\"order\":50,\"text\":\"\\u7ea2\\u8272\"}}'),(520,'',0.00,0.00,0.00,0,0,0,'',168,'{\"0\":{\"id\":960,\"goods_skus_card_id\":389,\"name\":\"\\u5c3a\\u5bf8\",\"value\":\"L\",\"order\":50,\"text\":\"L\"},\"1\":{\"id\":963,\"goods_skus_card_id\":390,\"name\":\"\\u989c\\u8272\",\"value\":\"\\u9ed1\\u8272\",\"order\":50,\"text\":\"\\u9ed1\\u8272\"}}'),(521,'',0.00,0.00,0.00,0,0,0,'',168,'{\"0\":{\"id\":960,\"goods_skus_card_id\":389,\"name\":\"\\u5c3a\\u5bf8\",\"value\":\"L\",\"order\":50,\"text\":\"L\"},\"1\":{\"goods_skus_card_id\":390,\"name\":\"\\u989c\\u8272\",\"order\":50,\"value\":\"\\u84dd\\u8272\",\"id\":\"1099\",\"text\":\"\\u84dd\\u8272\"}}'),(522,'',123.00,0.00,0.00,0,0,0,'',168,'{\"0\":{\"goods_skus_card_id\":389,\"name\":\"\\u5c3a\\u5bf8\",\"order\":50,\"value\":\"Xl\",\"id\":\"1098\",\"text\":\"Xl\"},\"1\":{\"id\":962,\"goods_skus_card_id\":390,\"name\":\"\\u989c\\u8272\",\"value\":\"\\u7ea2\\u8272\",\"order\":50,\"text\":\"\\u7ea2\\u8272\"}}'),(523,'',1234.00,0.00,0.00,0,0,0,'',168,'{\"0\":{\"goods_skus_card_id\":389,\"name\":\"\\u5c3a\\u5bf8\",\"order\":50,\"value\":\"Xl\",\"id\":\"1098\",\"text\":\"Xl\"},\"1\":{\"id\":963,\"goods_skus_card_id\":390,\"name\":\"\\u989c\\u8272\",\"value\":\"\\u9ed1\\u8272\",\"order\":50,\"text\":\"\\u9ed1\\u8272\"}}'),(524,'',12345.00,0.00,0.00,0,0,0,'',168,'{\"0\":{\"goods_skus_card_id\":389,\"name\":\"\\u5c3a\\u5bf8\",\"order\":50,\"value\":\"Xl\",\"id\":\"1098\",\"text\":\"Xl\"},\"1\":{\"goods_skus_card_id\":390,\"name\":\"\\u989c\\u8272\",\"order\":50,\"value\":\"\\u84dd\\u8272\",\"id\":\"1099\",\"text\":\"\\u84dd\\u8272\"}}');
/*!40000 ALTER TABLE `goods_skus` ENABLE KEYS */;
UNLOCK TABLES;

--
-- Table structure for table `goods_skus_card`
--

DROP TABLE IF EXISTS `goods_skus_card`;
/*!40101 SET @saved_cs_client     = @@character_set_client */;
/*!40101 SET character_set_client = utf8 */;
CREATE TABLE `goods_skus_card` (
  `id` int(11) NOT NULL AUTO_INCREMENT,
  `goods_id` int(11) DEFAULT NULL,
  `name` varchar(50) DEFAULT NULL COMMENT '商品属性卡片值',
  `type` tinyint(1) DEFAULT '0' COMMENT '商品属性卡片属性类型 0无 1颜色 2图片',
  `order` int(11) DEFAULT '50' COMMENT '排序',
  PRIMARY KEY (`id`),
  KEY `goods_skus_card_ibfk_1` (`goods_id`)
) ENGINE=InnoDB AUTO_INCREMENT=392 DEFAULT CHARSET=utf8;
/*!40101 SET character_set_client = @saved_cs_client */;

--
-- Dumping data for table `goods_skus_card`
--

LOCK TABLES `goods_skus_card` WRITE;
/*!40000 ALTER TABLE `goods_skus_card` DISABLE KEYS */;
INSERT INTO `goods_skus_card` VALUES (36,25,'套餐',0,50),(37,25,'尺寸',0,50),(39,36,'套餐',0,3),(40,26,'尺寸',0,50),(41,32,'颜色',0,50),(56,36,'尺寸',0,1),(58,36,'颜色',0,2),(59,48,'尺寸',0,1),(60,48,'颜色',0,2),(82,25,'规格名称',0,50),(140,26,'规格选项',0,50),(141,26,'规格选项',0,50),(142,26,'规格选项',0,50),(143,26,'规格选项',0,50),(144,26,'规格选项',0,50),(145,26,'规格选项',0,50),(146,26,'规格选项',0,50),(147,26,'规格选项',0,50),(148,26,'规格选项',0,50),(149,26,'规格选项',0,50),(175,0,'规格选项',0,50),(176,0,'规格选项',0,50),(177,0,'yyyyyttt',0,50),(245,38,'规格名称',0,50),(246,38,'规格名称',0,50),(247,38,'规格名称',0,50),(252,29,'身高',0,50),(253,29,'大小',0,50),(254,29,'品牌',0,50),(255,29,'颜色',0,50),(348,39,'小米',0,3),(349,37,'手机',0,50),(350,37,'小米',0,50),(353,39,'颜色',0,2),(357,39,'大小',0,4),(358,39,'规格选项',0,50),(360,173,'规格选项zss',0,1),(367,169,'规格名称',0,50),(369,178,'身高',0,50),(372,179,'规格名称',0,50),(373,179,'规格名称',0,50),(374,28,'内存',0,50),(375,28,'颜色',0,50),(376,179,'规格选项',0,50),(377,173,'内存',0,2),(378,175,'内存',0,50),(379,170,'规格选项',0,50),(380,170,'规格选项',0,50),(381,175,'规格选项',0,50),(383,173,'身高',0,3),(389,168,'尺寸',0,1),(390,168,'颜色',0,2),(391,173,'测试一下',0,50);
/*!40000 ALTER TABLE `goods_skus_card` ENABLE KEYS */;
UNLOCK TABLES;

--
-- Table structure for table `goods_skus_card_value`
--

DROP TABLE IF EXISTS `goods_skus_card_value`;
/*!40101 SET @saved_cs_client     = @@character_set_client */;
/*!40101 SET character_set_client = utf8 */;
CREATE TABLE `goods_skus_card_value` (
  `id` int(11) NOT NULL AUTO_INCREMENT,
  `goods_skus_card_id` int(11) DEFAULT NULL COMMENT '商品规格卡片id',
  `name` varchar(10) DEFAULT NULL COMMENT '值',
  `value` varchar(255) DEFAULT NULL COMMENT '扩展值',
  `order` int(11) DEFAULT '50' COMMENT '排序',
  PRIMARY KEY (`id`),
  KEY `goods_skus_card_id` (`goods_skus_card_id`),
  CONSTRAINT `goods_skus_card_value_ibfk_1` FOREIGN KEY (`goods_skus_card_id`) REFERENCES `goods_skus_card` (`id`) ON DELETE CASCADE ON UPDATE NO ACTION
) ENGINE=InnoDB AUTO_INCREMENT=1100 DEFAULT CHARSET=utf8;
/*!40101 SET character_set_client = @saved_cs_client */;

--
-- Dumping data for table `goods_skus_card_value`
--

LOCK TABLES `goods_skus_card_value` WRITE;
/*!40000 ALTER TABLE `goods_skus_card_value` DISABLE KEYS */;
INSERT INTO `goods_skus_card_value` VALUES (70,36,'套餐','标准套餐',50),(71,36,'套餐','豪华套餐',50),(72,37,'尺寸','L',1),(73,37,'尺寸','M',2),(77,37,'尺寸','S',50),(80,39,'套餐','标准套餐',50),(82,40,'尺寸','XL',50),(84,40,'尺寸','XXL',50),(85,41,'颜色','绿色',50),(86,41,'颜色','黄色',50),(124,56,'尺寸','L',50),(136,58,'颜色','绿色',50),(138,58,'颜色','红色',50),(144,56,'尺寸','M',50),(145,58,'颜色','黄色',50),(146,59,'尺寸','M',50),(147,59,'尺寸','L',50),(188,60,'颜色','绿色',50),(189,60,'颜色','黄色',50),(190,60,'颜色','白色',50),(658,252,'身高','150',50),(659,252,'身高','160',50),(660,252,'身高','170',50),(661,253,'大小','xl',50),(662,253,'大小','xxl',50),(663,253,'大小','xxxxl',50),(664,253,'大小','sm',50),(665,254,'品牌','我大意了',50),(666,255,'颜色','绿色',50),(667,255,'颜色','黄色',50),(668,255,'颜色','白色',50),(902,348,'小米','ds',50),(903,349,'手机','智能手机',50),(904,350,'小米','小米11',50),(906,353,'颜色','黄色',50),(907,353,'颜色','白色',50),(908,353,'颜色','粉色',50),(910,357,'大小','5',50),(911,357,'大小','4',50),(912,357,'大小','3',50),(930,360,'规格选项','123',50),(935,374,'内存','64g',50),(936,374,'内存','128g',50),(937,374,'内存','32g',50),(938,375,'颜色','绿色',50),(941,375,'颜色','zise',50),(942,378,'内存','32g',50),(943,378,'内存','64g',50),(944,378,'内存','128g',50),(947,373,'规格名称','sdsdsd',50),(959,389,'尺寸','M',50),(960,389,'尺寸','L',50),(962,390,'颜色','红色',50),(963,390,'颜色','黑色',50),(979,369,'身高','150',50),(980,369,'身高','160',50),(999,377,'内存','32g',50),(1000,377,'内存','64g',50),(1016,391,'测试一下','kkk',50),(1017,391,'测试一下','lllll',50),(1018,391,'测试一下','sdfsdf',50),(1095,383,'身高','150',50),(1096,383,'身高','160',50),(1098,389,'尺寸','Xl',50),(1099,390,'颜色','蓝色',50);
/*!40000 ALTER TABLE `goods_skus_card_value` ENABLE KEYS */;
UNLOCK TABLES;

--
-- Table structure for table `goods_type`
--

DROP TABLE IF EXISTS `goods_type`;
/*!40101 SET @saved_cs_client     = @@character_set_client */;
/*!40101 SET character_set_client = utf8 */;
CREATE TABLE `goods_type` (
  `id` int(11) NOT NULL AUTO_INCREMENT,
  `name` varchar(20) DEFAULT NULL,
  `order` int(11) DEFAULT '50',
  `status` tinyint(1) DEFAULT '1' COMMENT '状态：0禁用1启用',
  `create_time` int(11) DEFAULT NULL,
  `update_time` int(11) DEFAULT NULL,
  PRIMARY KEY (`id`)
) ENGINE=InnoDB AUTO_INCREMENT=141 DEFAULT CHARSET=utf8;
/*!40101 SET character_set_client = @saved_cs_client */;

--
-- Dumping data for table `goods_type`
--

LOCK TABLES `goods_type` WRITE;
/*!40000 ALTER TABLE `goods_type` DISABLE KEYS */;
INSERT INTO `goods_type` VALUES (140,'手机',50,1,1970,1970);
/*!40000 ALTER TABLE `goods_type` ENABLE KEYS */;
UNLOCK TABLES;

--
-- Table structure for table `goods_type_value`
--

DROP TABLE IF EXISTS `goods_type_value`;
/*!40101 SET @saved_cs_client     = @@character_set_client */;
/*!40101 SET character_set_client = utf8 */;
CREATE TABLE `goods_type_value` (
  `id` int(11) NOT NULL AUTO_INCREMENT,
  `name` varchar(20) DEFAULT NULL COMMENT '商品类型属性名称',
  `order` int(255) DEFAULT '50' COMMENT '排序',
  `type` enum('input','radio','checkbox','') DEFAULT 'input' COMMENT '表单类型',
  `status` tinyint(1) DEFAULT '1' COMMENT '状态：0禁止1开启',
  `default` varchar(255) DEFAULT NULL COMMENT '默认值/选项值',
  `goods_type_id` int(11) DEFAULT NULL COMMENT '商品类型id',
  PRIMARY KEY (`id`),
  KEY `goods_type_id` (`goods_type_id`)
) ENGINE=InnoDB AUTO_INCREMENT=252 DEFAULT CHARSET=utf8;
/*!40101 SET character_set_client = @saved_cs_client */;

--
-- Dumping data for table `goods_type_value`
--

LOCK TABLES `goods_type_value` WRITE;
/*!40000 ALTER TABLE `goods_type_value` DISABLE KEYS */;
INSERT INTO `goods_type_value` VALUES (37,'3333',50,'input',0,NULL,28),(38,'111',50,'radio',0,'111,222,333',29),(39,'444',50,'radio',0,'4444,5555,6666',30),(40,'44',50,'radio',0,'555,555,555',31),(41,'2542',50,'radio',0,'2452,254254',32),(58,'品牌',50,'radio',1,'阿迪,耐克,李宁',36),(59,'材质',50,'input',1,NULL,36),(60,'风格',50,'input',1,NULL,36),(63,'考虑',50,'input',1,NULL,39),(64,'还能',50,'radio',1,'1,2',39),(99,'会员',50,'input',0,NULL,42),(100,'凡人歌',50,'checkbox',0,'5,2,1',42),(110,'222',50,'input',1,NULL,46),(111,'5435435',50,'input',1,NULL,46),(112,'大',50,'input',0,NULL,46),(114,'材料',50,'input',1,NULL,49),(115,'皮质',51,'radio',1,'1,2,3',49),(124,'1',50,'input',0,NULL,55),(125,'2',50,'input',0,NULL,55),(126,'3',50,'input',0,NULL,55),(145,'属性',50,'radio',0,'属性1,属性2,属性3',59),(146,'编号 ',50,'input',0,NULL,59),(147,'1',50,'radio',1,'1,2,3',61),(150,'测试1',50,'radio',1,'1,2,3,4',62),(151,'测试2',50,'checkbox',1,'4,3,2,1',62),(154,'测试1',50,'radio',1,'1,2,3,4',63),(155,'测试2',50,'input',1,NULL,63),(161,'o',50,'input',0,NULL,65),(162,'ppp',50,'input',0,NULL,66),(204,'单选组',50,'radio',1,'组1,组2,组3',69),(205,'文本1',50,'input',1,NULL,69),(217,'颜色',50,'input',1,NULL,137),(218,'尺寸',50,'radio',1,'L,XL,XXL',137),(219,'属性一',50,'input',1,NULL,138),(220,'属性二',50,'radio',1,'1,2,3',138),(241,'品牌',50,'input',1,'',68),(242,'材料',50,'radio',1,'塑料,钢铁',68),(243,'尺寸',50,'radio',1,'X,XL,XXL',68),(244,'颜色',50,'radio',1,'红色,黑色,白色,蓝色',68),(249,'CPU',50,'input',1,NULL,140),(250,'CPU',50,'input',1,NULL,140),(251,'性能',50,'input',1,NULL,140);
/*!40000 ALTER TABLE `goods_type_value` ENABLE KEYS */;
UNLOCK TABLES;

--
-- Table structure for table `image`
--

DROP TABLE IF EXISTS `image`;
/*!40101 SET @saved_cs_client     = @@character_set_client */;
/*!40101 SET character_set_client = utf8 */;
CREATE TABLE `image` (
  `id` int(11) NOT NULL AUTO_INCREMENT,
  `url` varchar(255) DEFAULT NULL,
  `name` varchar(50) DEFAULT NULL,
  `path` varchar(255) DEFAULT NULL,
  `create_time` int(11) DEFAULT NULL,
  `update_time` int(11) DEFAULT NULL,
  `image_class_id` int(11) DEFAULT NULL COMMENT '相册id',
  PRIMARY KEY (`id`)
) ENGINE=InnoDB AUTO_INCREMENT=759 DEFAULT CHARSET=utf8;
/*!40101 SET character_set_client = @saved_cs_client */;

--
-- Dumping data for table `image`
--

LOCK TABLES `image` WRITE;
/*!40000 ALTER TABLE `image` DISABLE KEYS */;
INSERT INTO `image` VALUES (68,'http://tangzhe123-com.oss-cn-shenzhen.aliyuncs.com/public/5e1ea97d97a8e.png','public/5e1ea97d97a8e.png','public/5e1ea97d97a8e.png',1579067776,1579067776,10),(75,'http://tangzhe123-com.oss-cn-shenzhen.aliyuncs.com/public/5e255f059d5c6.jpg','public/5e255f059d5c6.jpg','public/5e255f059d5c6.jpg',1579507461,1579507461,0),(84,'http://tangzhe123-com.oss-cn-shenzhen.aliyuncs.com/public/5e2c62e8c71bd.png','asd','public/5e2c62e8c71bd.png',1579967208,1606900384,3),(91,'http://tangzhe123-com.oss-cn-shenzhen.aliyuncs.com/public/5e351e08dfb9a.jpg','public/5e351e08dfb9a.jpg','public/5e351e08dfb9a.jpg',1580539400,1580539400,19),(92,'http://tangzhe123-com.oss-cn-shenzhen.aliyuncs.com/public/5e351e188687b.jpg','public/5e351e188687b.jpg','public/5e351e188687b.jpg',1580539416,1580539416,19),(128,'http://tangzhe123-com.oss-cn-shenzhen.aliyuncs.com/public/5e3e4ae0d223c.png','public/5e3e4ae0d223c.png','public/5e3e4ae0d223c.png',1581140704,1581140704,0),(134,'http://tangzhe123-com.oss-cn-shenzhen.aliyuncs.com/public/5e42a03a2b19b.jpg','public/5e42a03a2b19b.jpg','public/5e42a03a2b19b.jpg',1581424698,1581424698,44),(135,'http://tangzhe123-com.oss-cn-shenzhen.aliyuncs.com/public/5e42a0482ea7f.jpg','public/5e42a0482ea7f.jpg','public/5e42a0482ea7f.jpg',1581424712,1581424712,44),(136,'http://tangzhe123-com.oss-cn-shenzhen.aliyuncs.com/public/5e42a04f0c8c3.jpg','public/5e42a04f0c8c3.jpg','public/5e42a04f0c8c3.jpg',1581424719,1581424719,44),(137,'http://tangzhe123-com.oss-cn-shenzhen.aliyuncs.com/public/5e42a188d0a10.jpg','public/5e42a188d0a10.jpg','public/5e42a188d0a10.jpg',1581425033,1581425033,44),(167,'http://tangzhe123-com.oss-cn-shenzhen.aliyuncs.com/public/5e48a3399168a.jpg','aaa','public/5e48a3399168a.jpg',1581818681,1581822566,4),(169,'http://tangzhe123-com.oss-cn-shenzhen.aliyuncs.com/public/5e4cecfd2232a.jpg','public/5e4cecfd2232a.jpg','public/5e4cecfd2232a.jpg',1582099709,1582099709,2),(170,'http://tangzhe123-com.oss-cn-shenzhen.aliyuncs.com/public/5e4cef1b1a764.jpg','门','public/5e4cef1b1a764.jpg',1582100252,1582370694,2),(171,'http://tangzhe123-com.oss-cn-shenzhen.aliyuncs.com/public/5e4cef1fd6408.jpg','红色警戒4','public/5e4cef1fd6408.jpg',1582100256,1582521057,2),(173,'http://tangzhe123-com.oss-cn-shenzhen.aliyuncs.com/public/5e4e67226c3b9.jpg','public/5e4e67226c3b9.jpg','public/5e4e67226c3b9.jpg',1582196514,1582196514,4),(174,'http://tangzhe123-com.oss-cn-shenzhen.aliyuncs.com/public/5e5141aac0b2c.jpg','public/5e5141aac0b2c.jpg','public/5e5141aac0b2c.jpg',1582383531,1582383531,69),(175,'http://tangzhe123-com.oss-cn-shenzhen.aliyuncs.com/public/5e5141aae6a99.jpg','public/5e5141aae6a99.jpg','public/5e5141aae6a99.jpg',1582383532,1582383532,69),(176,'http://tangzhe123-com.oss-cn-shenzhen.aliyuncs.com/public/5e5141ab4a8a6.jpg','public/5e5141ab4a8a6.jpg','public/5e5141ab4a8a6.jpg',1582383532,1582383532,69),(177,'http://tangzhe123-com.oss-cn-shenzhen.aliyuncs.com/public/5e5363753e197.png','public/5e5363753e197.png','public/5e5363753e197.png',1582523253,1582523253,2),(178,'http://tangzhe123-com.oss-cn-shenzhen.aliyuncs.com/public/5e5363fa0f1e4.png','public/5e5363fa0f1e4.png','public/5e5363fa0f1e4.png',1582523386,1582523386,2),(179,'http://tangzhe123-com.oss-cn-shenzhen.aliyuncs.com/public/5e53646f8fa4d.png','public/5e53646f8fa4d.png','public/5e53646f8fa4d.png',1582523503,1582523503,2),(180,'http://tangzhe123-com.oss-cn-shenzhen.aliyuncs.com/public/5e53654c53efc.jpg','public/5e53654c53efc.jpg','public/5e53654c53efc.jpg',1582523724,1582523724,2),(181,'http://tangzhe123-com.oss-cn-shenzhen.aliyuncs.com/public/5e53654e72a3a.jpg','public/5e53654e72a3a.jpg','public/5e53654e72a3a.jpg',1582523726,1582523726,2),(182,'http://tangzhe123-com.oss-cn-shenzhen.aliyuncs.com/public/5e53654fe92e5.jpg','public/5e53654fe92e5.jpg','public/5e53654fe92e5.jpg',1582523728,1582523728,2),(183,'http://tangzhe123-com.oss-cn-shenzhen.aliyuncs.com/public/5e5365513a7f3.jpg','public/5e5365513a7f3.jpg','public/5e5365513a7f3.jpg',1582523729,1582523729,2),(184,'http://tangzhe123-com.oss-cn-shenzhen.aliyuncs.com/public/5e5365538d6bd.jpg','public/5e5365538d6bd.jpg','public/5e5365538d6bd.jpg',1582523731,1582523731,2),(185,'http://tangzhe123-com.oss-cn-shenzhen.aliyuncs.com/public/5e5365ae8c45f.png','public/5e5365ae8c45f.png','public/5e5365ae8c45f.png',1582523822,1582523822,2),(186,'http://tangzhe123-com.oss-cn-shenzhen.aliyuncs.com/public/5e5366251a908.jpg','public/5e5366251a908.jpg','public/5e5366251a908.jpg',1582523941,1582523941,2),(187,'http://tangzhe123-com.oss-cn-shenzhen.aliyuncs.com/public/5e5368272db19.png','public/5e5368272db19.png','public/5e5368272db19.png',1582524455,1582524455,2),(189,'http://tangzhe123-com.oss-cn-shenzhen.aliyuncs.com/public/5f50505928e60.jpg','public/5f50505928e60.jpg','public/5f50505928e60.jpg',1599098969,1599098969,70),(190,'http://tangzhe123-com.oss-cn-shenzhen.aliyuncs.com/public/5f50505c34971.jpg','public/5f50505c34971.jpg','public/5f50505c34971.jpg',1599098972,1599098972,70),(196,'http://tangzhe123-com.oss-cn-shenzhen.aliyuncs.com/public/5fc5ba5a5c32d.jpg','public/5fc5ba5a5c32d.jpg','public/5fc5ba5a5c32d.jpg',1606793818,1606793818,70),(197,'http://tangzhe123-com.oss-cn-shenzhen.aliyuncs.com/public/5fc5bb3cb621e.png','public/5fc5bb25656453cb621e.png','public/5fc5bb3cb621e.png',1606794045,1606875046,77),(204,'http://tangzhe123-com.oss-cn-shenzhen.aliyuncs.com/public/5fc5fe2e8b506.jpeg','public/5fc5fe2e8b506.jpeg','public/5fc5fe2e8b506.jpeg',1606811182,1606811182,70),(205,'http://tangzhe123-com.oss-cn-shenzhen.aliyuncs.com/public/5fc5fe31d44f2.jpeg','public/5fc5fe31d44f2.jpeg','public/5fc5fe31d44f2.jpeg',1606811186,1606811186,70),(206,'http://tangzhe123-com.oss-cn-shenzhen.aliyuncs.com/public/5fc5fe34924f6.jpeg','public/5fc5fe34924f6.jpeg','public/5fc5fe34924f6.jpeg',1606811188,1606811188,70),(207,'http://tangzhe123-com.oss-cn-shenzhen.aliyuncs.com/public/5fc5fe3d00771.jpg','public/5fc5fe3d00771.jpg','public/5fc5fe3d00771.jpg',1606811197,1606811197,70),(208,'http://tangzhe123-com.oss-cn-shenzhen.aliyuncs.com/public/5fc5fe4d2a642.jpg','public/5fc5fe4d2a642.jpg','public/5fc5fe4d2a642.jpg',1606811213,1606811213,70),(209,'http://tangzhe123-com.oss-cn-shenzhen.aliyuncs.com/public/5fc5fe66aeea7.jpeg','public/5fc5fe66aeea7.jpeg','public/5fc5fe66aeea7.jpeg',1606811238,1606811238,70),(210,'http://tangzhe123-com.oss-cn-shenzhen.aliyuncs.com/public/5fc5fe6c31996.jpeg','public/5fc5fe6c31996.jpeg','public/5fc5fe6c31996.jpeg',1606811244,1606811244,70),(211,'http://tangzhe123-com.oss-cn-shenzhen.aliyuncs.com/public/5fc5fea79a292.jpeg','public/5fc5fea79a292.jpeg','public/5fc5fea79a292.jpeg',1606811303,1606811303,70),(212,'http://tangzhe123-com.oss-cn-shenzhen.aliyuncs.com/public/5fc5fec2f2f23.png','public/5fc5fec2f2f23.png','public/5fc5fec2f2f23.png',1606811331,1606811331,70),(213,'http://tangzhe123-com.oss-cn-shenzhen.aliyuncs.com/public/5fc5fec973bac.png','public/5fc5fec973bac.png','public/5fc5fec973bac.png',1606811337,1606811337,70),(214,'http://tangzhe123-com.oss-cn-shenzhen.aliyuncs.com/public/5fc5fed6f1c01.png','public/5fc5fed6f1c01.png','public/5fc5fed6f1c01.png',1606811351,1606811351,70),(215,'http://tangzhe123-com.oss-cn-shenzhen.aliyuncs.com/public/5fc5fef4aa46a.png','public/5fc5fef4aa46a.png','public/5fc5fef4aa46a.png',1606811381,1606811381,70),(216,'http://tangzhe123-com.oss-cn-shenzhen.aliyuncs.com/public/5fc5ff2e3fc46.jpg','public/5fc5ff2e3fc46.jpg','public/5fc5ff2e3fc46.jpg',1606811438,1606811438,70),(217,'http://tangzhe123-com.oss-cn-shenzhen.aliyuncs.com/public/5fc5ff356a28c.jpg','public/5fc5ff356a28c.jpg','public/5fc5ff356a28c.jpg',1606811445,1606811445,70),(218,'http://tangzhe123-com.oss-cn-shenzhen.aliyuncs.com/public/5fc5ff390c790.jpg','public/5fc5ff390c790.jpg','public/5fc5ff390c790.jpg',1606811449,1606811449,70),(219,'http://tangzhe123-com.oss-cn-shenzhen.aliyuncs.com/public/5fc5ff391db32.png','public/5fc5ff391db32.png','public/5fc5ff391db32.png',1606811449,1606811449,70),(220,'http://tangzhe123-com.oss-cn-shenzhen.aliyuncs.com/public/5fc602233e5cc.jpeg','public/5fc602233e5cc.jpeg','public/5fc602233e5cc.jpeg',1606812195,1606812195,70),(221,'http://tangzhe123-com.oss-cn-shenzhen.aliyuncs.com/public/5fc60224daf21.jpeg','public/5fc60224daf21.jpeg','public/5fc60224daf21.jpeg',1606812197,1606812197,70),(222,'http://tangzhe123-com.oss-cn-shenzhen.aliyuncs.com/public/5fc60224ee031.jpeg','public/5fc60224ee031.jpeg','public/5fc60224ee031.jpeg',1606812197,1606812197,70),(223,'http://tangzhe123-com.oss-cn-shenzhen.aliyuncs.com/public/5fc6022511fce.jpeg','public/5fc6022511fce.jpeg','public/5fc6022511fce.jpeg',1606812197,1606812197,70),(224,'http://tangzhe123-com.oss-cn-shenzhen.aliyuncs.com/public/5fc6022611a45.jpeg','public/5fc6022611a45.jpeg','public/5fc6022611a45.jpeg',1606812198,1606812198,70),(225,'http://tangzhe123-com.oss-cn-shenzhen.aliyuncs.com/public/5fc602262f32b.jpeg','public/5fc602262f32b.jpeg','public/5fc602262f32b.jpeg',1606812198,1606812198,70),(226,'http://tangzhe123-com.oss-cn-shenzhen.aliyuncs.com/public/5fc602271e275.jpg','public/5fc602271e275.jpg','public/5fc602271e275.jpg',1606812199,1606812199,70),(227,'http://tangzhe123-com.oss-cn-shenzhen.aliyuncs.com/public/5fc602272ad03.jpg','public/5fc602272ad03.jpg','public/5fc602272ad03.jpg',1606812199,1606812199,70),(228,'http://tangzhe123-com.oss-cn-shenzhen.aliyuncs.com/public/5fc602449b76d.png','public/5fc6法大使馆和第三方更好的02449b76d.png','public/5fc602449b76d.png',1606812229,1606875963,70),(230,'http://tangzhe123-com.oss-cn-shenzhen.aliyuncs.com/public/5fc6024691127.png','public/5fc6024691127.png','public/5fc6024691127.png',1606812231,1606812231,70),(231,'http://tangzhe123-com.oss-cn-shenzhen.aliyuncs.com/public/5fc6024c03cce.png','public/5fc6024c03cce.png','public/5fc6024c03cce.png',1606812236,1606812236,70),(232,'http://tangzhe123-com.oss-cn-shenzhen.aliyuncs.com/public/5fc602501c7c1.png','public/5fc602501c7c1.png','public/5fc602501c7c1.png',1606812240,1606812240,70),(233,'http://tangzhe123-com.oss-cn-shenzhen.aliyuncs.com/public/5fc60251a5b48.jpg','public/5fc60251a5b48.jpg','public/5fc60251a5b48.jpg',1606812241,1606812241,70),(237,'http://tangzhe123-com.oss-cn-shenzhen.aliyuncs.com/public/5fc6025a2540a.png','public/5fc6025a2540a.png','public/5fc6025a2540a.png',1606812250,1606812250,70),(242,'http://tangzhe123-com.oss-cn-shenzhen.aliyuncs.com/public/5fc62bff1bf57.jpg','public/5fc62bff1bf57.jpg','public/5fc62bff1bf57.jpg',1606822911,1606822911,85),(250,'http://tangzhe123-com.oss-cn-shenzhen.aliyuncs.com/public/5fc6e742520bd.jpg','public/5fc6e742520bd.jpg','public/5fc6e742520bd.jpg',1606870850,1606870850,70),(251,'http://tangzhe123-com.oss-cn-shenzhen.aliyuncs.com/public/5fc6f68a93992.png','public/5fc6f68a93992.png','public/5fc6f68a93992.png',1606874762,1606874762,85),(252,'http://tangzhe123-com.oss-cn-shenzhen.aliyuncs.com/public/5fc6f69e10f94.jpg','public/5fc6f69e10f94.jpg','public/5fc6f69e10f94.jpg',1606874782,1606874782,85),(260,'http://tangzhe123-com.oss-cn-shenzhen.aliyuncs.com/public/5fc772e141413.jpg','public/5fc772e141413.jpg','public/5fc772e141413.jpg',1606906593,1606906593,108),(261,'http://tangzhe123-com.oss-cn-shenzhen.aliyuncs.com/public/5fc772e1b3db1.jpg','public/5fc772e1b3db1.jpg','public/5fc772e1b3db1.jpg',1606906593,1606906593,108),(262,'http://tangzhe123-com.oss-cn-shenzhen.aliyuncs.com/public/5fc772e1c1d01.jpg','public/5fc772e1c1d01.jpg','public/5fc772e1c1d01.jpg',1606906593,1606906593,108),(263,'http://tangzhe123-com.oss-cn-shenzhen.aliyuncs.com/public/5fc772e1c5b18.jpg','public/5fc772e1c5b18.jpg','public/5fc772e1c5b18.jpg',1606906594,1606906594,108),(266,'http://tangzhe123-com.oss-cn-shenzhen.aliyuncs.com/public/5fc776869f626.jpg','public/5fc776869f626.jpg','public/5fc776869f626.jpg',1606907526,1606907526,108),(267,'http://tangzhe123-com.oss-cn-shenzhen.aliyuncs.com/public/5fc77686a256e.jpg','public/5fc77686a256e.jpg','public/5fc77686a256e.jpg',1606907526,1606907526,108),(268,'http://tangzhe123-com.oss-cn-shenzhen.aliyuncs.com/public/5fc7768728bd9.jpg','public/测试1.jpg','public/5fc7768728bd9.jpg',1606907527,1606966293,108),(272,'http://tangzhe123-com.oss-cn-shenzhen.aliyuncs.com/public/5fc77a28e86d1.jpg','public/5fc77a28e86d1.jpg','public/5fc77a28e86d1.jpg',1606908457,1606908457,114),(273,'http://tangzhe123-com.oss-cn-shenzhen.aliyuncs.com/public/5fc77a28ea5b9.jpg','public/5fc77a28ea5b9.jpg','public/5fc77a28ea5b9.jpg',1606908457,1606908457,114),(274,'http://tangzhe123-com.oss-cn-shenzhen.aliyuncs.com/public/5fc77a2983b93.jpg','public/5fc77a2983b93.jpg','public/5fc77a2983b93.jpg',1606908457,1606908457,114),(275,'http://tangzhe123-com.oss-cn-shenzhen.aliyuncs.com/public/5fc77a29a4dfb.jpg','public/5fc77a29a4dfb.jpg','public/5fc77a29a4dfb.jpg',1606908457,1606908457,114),(276,'http://tangzhe123-com.oss-cn-shenzhen.aliyuncs.com/public/5fc77a2a0eee1.jpg','public/5fc77a2a0eee1.jpg','public/5fc77a2a0eee1.jpg',1606908458,1606908458,114),(277,'http://tangzhe123-com.oss-cn-shenzhen.aliyuncs.com/public/5fc77a2a3ae6b.jpg','public/5fc77a2a3ae6b.jpg','public/5fc77a2a3ae6b.jpg',1606908458,1606908458,114),(278,'http://tangzhe123-com.oss-cn-shenzhen.aliyuncs.com/public/5fc77a2ab8a8f.jpg','public/5fc77a2ab8a8f.jpg','public/5fc77a2ab8a8f.jpg',1606908458,1606908458,114),(279,'http://tangzhe123-com.oss-cn-shenzhen.aliyuncs.com/public/5fc77a2ad42a2.jpg','public/5fc77a2ad42a2.jpg','public/5fc77a2ad42a2.jpg',1606908459,1606908459,114),(280,'http://tangzhe123-com.oss-cn-shenzhen.aliyuncs.com/public/5fc77a2b57d9c.jpg','public/5fc77a2b57d9c.jpg','public/5fc77a2b57d9c.jpg',1606908459,1606908459,114),(281,'http://tangzhe123-com.oss-cn-shenzhen.aliyuncs.com/public/5fc77a2bcbe51.jpg','public/5fc77a2bcbe51.jpg','public/5fc77a2bcbe51.jpg',1606908460,1606908460,114),(282,'http://tangzhe123-com.oss-cn-shenzhen.aliyuncs.com/public/5fc77a2be5dd7.jpg','public/5fc77a2be5dd7.jpg','public/5fc77a2be5dd7.jpg',1606908460,1606908460,114),(283,'http://tangzhe123-com.oss-cn-shenzhen.aliyuncs.com/public/5fc77a2c5f93a.jpg','public/5fc77a2c5f93a.jpg','public/5fc77a2c5f93a.jpg',1606908460,1606908460,114),(284,'http://tangzhe123-com.oss-cn-shenzhen.aliyuncs.com/public/5fc77a79846a4.jpg','public/5fc77a79846a4.jpg','public/5fc77a79846a4.jpg',1606908537,1606908537,114),(285,'http://tangzhe123-com.oss-cn-shenzhen.aliyuncs.com/public/5fc77a79e6bcb.jpg','public/5fc77a79e6bcb.jpg','public/5fc77a79e6bcb.jpg',1606908538,1606908538,114),(286,'http://tangzhe123-com.oss-cn-shenzhen.aliyuncs.com/public/5fc77af5af425.jpg','public/5fc77af5af425.jpg','public/5fc77af5af425.jpg',1606908661,1606908661,114),(287,'http://tangzhe123-com.oss-cn-shenzhen.aliyuncs.com/public/5fc77af5ad739.jpg','public/5fc77af5ad739.jpg','public/5fc77af5ad739.jpg',1606908661,1606908661,114),(288,'http://tangzhe123-com.oss-cn-shenzhen.aliyuncs.com/public/5fc77af6c14bb.jpg','public/5fc77af6c14bb.jpg','public/5fc77af6c14bb.jpg',1606908663,1606908663,114),(289,'http://tangzhe123-com.oss-cn-shenzhen.aliyuncs.com/public/5fc77af6c55fe.jpg','public/5fc77af6c55fe.jpg','public/5fc77af6c55fe.jpg',1606908663,1606908663,114),(290,'http://tangzhe123-com.oss-cn-shenzhen.aliyuncs.com/public/5fc77af6ea0a6.jpg','public/5fc77af6ea0a6.jpg','public/5fc77af6ea0a6.jpg',1606908663,1606908663,114),(292,'http://tangzhe123-com.oss-cn-shenzhen.aliyuncs.com/public/5fc77b93640f4.jpg','public/5fc77b93640f4.jpg','public/5fc77b93640f4.jpg',1606908819,1606908819,114),(294,'http://tangzhe123-com.oss-cn-shenzhen.aliyuncs.com/public/5fc7819e5f69c.jpg','public/5fc7819e5f69c.jpg','public/5fc7819e5f69c.jpg',1606910366,1606910366,70),(295,'http://tangzhe123-com.oss-cn-shenzhen.aliyuncs.com/public/5fc78221748eb.jpg','public/5fc78221748eb.jpg','public/5fc78221748eb.jpg',1606910497,1606910497,70),(326,'http://tangzhe123-com.oss-cn-shenzhen.aliyuncs.com/public/5fc89410c12eb.jpg','public/5fc89410c12eb.jpg','public/5fc89410c12eb.jpg',1606980624,1606980624,123),(329,'http://tangzhe123-com.oss-cn-shenzhen.aliyuncs.com/public/5fc8dea25a993.jpg','public/5fc8dea25a993.jpg','public/5fc8dea25a993.jpg',1606999714,1606999714,127),(330,'http://tangzhe123-com.oss-cn-shenzhen.aliyuncs.com/public/5fc8dec8ae308.jpg','public/5fc8dec8ae308.jpg','public/5fc8dec8ae308.jpg',1606999753,1606999753,127),(331,'http://tangzhe123-com.oss-cn-shenzhen.aliyuncs.com/public/5fc8df0651d37.jpg','public/5fc8df0651d37.jpg','public/5fc8df0651d37.jpg',1606999814,1606999814,124),(340,'http://tangzhe123-com.oss-cn-shenzhen.aliyuncs.com/public/5fc9d4632ba58.png','public/5fc9d4632ba58.png','public/5fc9d4632ba58.png',1607062627,1607062627,145),(346,'http://tangzhe123-com.oss-cn-shenzhen.aliyuncs.com/public/5fca3ac02f877.jpg','public/5fca3ac02f877.jpg','public/5fca3ac02f877.jpg',1607088832,1607088832,0),(347,'http://tangzhe123-com.oss-cn-shenzhen.aliyuncs.com/public/5fca3b6ba161a.jpg','public/5fca3b6ba161a.jpg','public/5fca3b6ba161a.jpg',1607089004,1607089004,0),(348,'http://tangzhe123-com.oss-cn-shenzhen.aliyuncs.com/public/5fca3ba3c647a.jpg','sss','public/5fca3ba3c647a.jpg',1607089060,1623028095,99),(350,'http://tangzhe123-com.oss-cn-shenzhen.aliyuncs.com/public/5fca3bf6d7667.jpg','public/5fca3bf6d7667.jpg','public/5fca3bf6d7667.jpg',1607089143,1607089143,99),(351,'http://tangzhe123-com.oss-cn-shenzhen.aliyuncs.com/public/5fca3c0d89aa8.jpg','public/5fca3c0d89aa8.jpg','public/5fca3c0d89aa8.jpg',1607089165,1607089165,99),(352,'http://tangzhe123-com.oss-cn-shenzhen.aliyuncs.com/public/5fca3c1b62364.jpg','public/5fca3c1b62364.jpg','public/5fca3c1b62364.jpg',1607089179,1607089179,99),(353,'http://tangzhe123-com.oss-cn-shenzhen.aliyuncs.com/public/5fca3c31b4992.jpg','public/5fca3c31b4992.jpg','public/5fca3c31b4992.jpg',1607089202,1607089202,99),(355,'http://tangzhe123-com.oss-cn-shenzhen.aliyuncs.com/public/5fca3c7627864.jpg','public/5fca3c7627864.jpg','public/5fca3c7627864.jpg',1607089270,1607089270,99),(362,'http://tangzhe123-com.oss-cn-shenzhen.aliyuncs.com/public/5fca3faf0774e.jpg','public/5fca3faf0774e.jpg','public/5fca3faf0774e.jpg',1607090095,1607090095,99),(422,'http://tangzhe123-com.oss-cn-shenzhen.aliyuncs.com/public/60029fca47cda.jpg','public/60029fca47cda.jpg','public/60029fca47cda.jpg',1610784714,1610784714,107),(426,'http://tangzhe123-com.oss-cn-shenzhen.aliyuncs.com/public/604f7bad1ca95.jpg','public/604f7bad1ca95.jpg','public/604f7bad1ca95.jpg',1615821741,1615821741,150),(428,'http://tangzhe123-com.oss-cn-shenzhen.aliyuncs.com/public/604f81f10176e.png','public/604f81f10176e.png','public/604f81f10176e.png',1615823345,1615823345,97),(430,'http://tangzhe123-com.oss-cn-shenzhen.aliyuncs.com/public/604f829529821.png','public/604f829529821.png','public/604f829529821.png',1615823509,1615823509,97),(433,'http://tangzhe123-com.oss-cn-shenzhen.aliyuncs.com/public/604f82dd8ae35.png','public/604f82dd8ae35.png','public/604f82dd8ae35.png',1615823582,1615823582,150),(437,'http://tangzhe123-com.oss-cn-shenzhen.aliyuncs.com/public/604f846247b56.png','public/604f846247b56.png','public/604f846247b56.png',1615823971,1615823971,128),(438,'http://tangzhe123-com.oss-cn-shenzhen.aliyuncs.com/public/60bd71736dc9e.jpeg','public/60bd71736dc9e.jpeg','public/60bd71736dc9e.jpeg',1623028083,1623028083,99),(443,'http://tangzhe123-com.oss-cn-shenzhen.aliyuncs.com/public/60bf2a510e681.jpg','小猫喵喵','public/60bf2a510e681.jpg',1623140945,1623147358,126),(445,'http://tangzhe123-com.oss-cn-shenzhen.aliyuncs.com/public/60bf2a5d961f4.jpg','小姐姐姐姐','public/60bf2a5d961f4.jpg',1623140957,1623147335,126),(449,'http://tangzhe123-com.oss-cn-shenzhen.aliyuncs.com/public/60bf2abe4605b.jpg','牛蛙牛蛙','public/60bf2abe4605b.jpg',1623141054,1658831659,133),(455,'http://tangzhe123-com.oss-cn-shenzhen.aliyuncs.com/public/60bf2fe6e9e53.jpg','前端的苦逼生活','public/60bf2fe6e9e53.jpg',1623142375,1623143184,133),(459,'http://tangzhe123-com.oss-cn-shenzhen.aliyuncs.com/public/60bf3143bd1b3.jpg','public/60bf3143bd1b3.jpg','public/60bf3143bd1b3.jpg',1623142724,1623142724,165),(461,'http://tangzhe123-com.oss-cn-shenzhen.aliyuncs.com/public/60c0a209caca3.png','rrrt.png','public/60c0a209caca3.png',1623237129,1658040840,166),(463,'http://tangzhe123-com.oss-cn-shenzhen.aliyuncs.com/public/60c355f33ea91.jpg','fff5','public/60c355f33ea91.jpg',1623414259,1657724782,133),(464,'http://tangzhe123-com.oss-cn-shenzhen.aliyuncs.com/public/61c77390b8d49.png','11111','public/61c77390b8d49.png',1640461200,1658129399,168),(465,'http://tangzhe123-com.oss-cn-shenzhen.aliyuncs.com/public/61c773d716296.png','public/61c773d716296.png','public/61c773d716296.png',1640461271,1640461271,168),(466,'http://tangzhe123-com.oss-cn-shenzhen.aliyuncs.com/public/61c773e91e874.png','public/61c773e91e874.png','public/61c773e91e874.png',1640461289,1640461289,168),(468,'http://tangzhe123-com.oss-cn-shenzhen.aliyuncs.com/public/62ad209e77866.png','public/62ad209e77866.png','public/62ad209e77866.png',1655513246,1655513246,168),(469,'http://tangzhe123-com.oss-cn-shenzhen.aliyuncs.com/public/62ad209e781d0.jpg','public/62ad209e781d0.jpg','public/62ad209e781d0.jpg',1655513246,1655513246,168),(470,'http://tangzhe123-com.oss-cn-shenzhen.aliyuncs.com/public/62ad209e78584.jpg','public/62ad209e78584.jpg','public/62ad209e78584.jpg',1655513246,1655513246,168),(471,'http://tangzhe123-com.oss-cn-shenzhen.aliyuncs.com/public/62ad209e77d3c.png','public/62ad209e77d3c.png','public/62ad209e77d3c.png',1655513246,1655513246,168),(472,'http://tangzhe123-com.oss-cn-shenzhen.aliyuncs.com/public/62ad209e7798f.png','public/62ad209e7798f.png','public/62ad209e7798f.png',1655513246,1655513246,168),(473,'http://tangzhe123-com.oss-cn-shenzhen.aliyuncs.com/public/62ad215c4d571.jpg','public/62ad215c4d571.jpg','public/62ad215c4d571.jpg',1655513436,1655513436,168),(474,'http://tangzhe123-com.oss-cn-shenzhen.aliyuncs.com/public/62ad215c50130.jpg','public/62ad215c50130.jpg','public/62ad215c50130.jpg',1655513436,1655513436,168),(475,'http://tangzhe123-com.oss-cn-shenzhen.aliyuncs.com/public/62ad215c57713.jpg','public/62ad215c57713.jpg','public/62ad215c57713.jpg',1655513436,1655513436,168),(476,'http://tangzhe123-com.oss-cn-shenzhen.aliyuncs.com/public/62ad227becac8.jpg','public/62ad227becac8.jpg','public/62ad227becac8.jpg',1655513724,1655513724,168),(477,'http://tangzhe123-com.oss-cn-shenzhen.aliyuncs.com/public/62ad227c6dfcc.jpg','public/62ad227c6dfcc.jpg','public/62ad227c6dfcc.jpg',1655513724,1658229248,168),(478,'http://tangzhe123-com.oss-cn-shenzhen.aliyuncs.com/public/62ad227c70572.jpg','public/62ad227c70572.jpg','public/62ad227c70572.jpg',1655513724,1655513724,168),(479,'http://tangzhe123-com.oss-cn-shenzhen.aliyuncs.com/public/62ad227c722af.jpg','123','public/62ad227c722af.jpg',1655513724,1658228923,168),(480,'http://tangzhe123-com.oss-cn-shenzhen.aliyuncs.com/public/62ad493f601d2.png','public/62ad493f601d2.png','public/62ad493f601d2.png',1655523647,1655523647,0),(481,'http://tangzhe123-com.oss-cn-shenzhen.aliyuncs.com/public/62ad4b99e5257.png','public/62ad4b99e5257.png','public/62ad4b99e5257.png',1655524250,1655524250,0),(482,'http://tangzhe123-com.oss-cn-shenzhen.aliyuncs.com/public/62ad4c021adbc.png','public/62ad4c021adbc.pngss','public/62ad4c021adbc.png',1655524354,1658251461,168),(483,'http://tangzhe123-com.oss-cn-shenzhen.aliyuncs.com/public/62ad4dbd23558.jpg','public/62ad4dbd23558.jpg','public/62ad4dbd23558.jpg',1655524797,1655524797,171),(484,'http://tangzhe123-com.oss-cn-shenzhen.aliyuncs.com/public/62ad4de2cddbd.jpg','2345','public/62ad4de2cddbd.jpg',1655524834,1659084041,174),(486,'http://tangzhe123-com.oss-cn-shenzhen.aliyuncs.com/public/62ae9f305afbf.jpg','一起啪啪啪','public/62ae9f305afbf.jpg',1655611184,1658565258,168),(487,'http://tangzhe123-com.oss-cn-shenzhen.aliyuncs.com/public/62aeaa73b9041.jpg','一起啪啪啪一起啪啪啪','public/62aeaa73b9041.jpg',1655614068,1658565255,168),(488,'http://tangzhe123-com.oss-cn-shenzhen.aliyuncs.com/public/62af03d1b2aeb.jpg','1122233命','public/62af03d1b2aeb.jpg',1655636945,1658837250,168),(489,'http://tangzhe123-com.oss-cn-shenzhen.aliyuncs.com/public/62af0499e1e43.jpg','public/62af0499e1e43.jpg','public/62af0499e1e43.jpg',1655637146,1655637146,168),(490,'http://tangzhe123-com.oss-cn-shenzhen.aliyuncs.com/public/62af04afa21c1.jpg','public/62af04afa21c1.jpg','public/62af04afa21c1.jpg',1655637167,1655637167,168),(491,'http://tangzhe123-com.oss-cn-shenzhen.aliyuncs.com/public/62af04afda448.jpg','2213','public/62af04afda448.jpg',1655637168,1658837277,168),(492,'http://tangzhe123-com.oss-cn-shenzhen.aliyuncs.com/public/62af04afde812.jpg','public/62af04a','public/62af04afde812.jpg',1655637168,1658366760,168),(493,'http://tangzhe123-com.oss-cn-shenzhen.aliyuncs.com/public/62af04afe39fa.jpg','家的s事实上','public/62af04afe39fa.jpg',1655637168,1658837835,168),(496,'http://tangzhe123-com.oss-cn-shenzhen.aliyuncs.com/public/62afb32f17b07.jpg','public/62afb32f17b07.jpg','public/62afb32f17b07.jpg',1655681839,1655681839,0),(516,'http://tangzhe123-com.oss-cn-shenzhen.aliyuncs.com/public/62b1a5f048cd3.jpg','public/62b1a5f048cd3.jpg','public/62b1a5f048cd3.jpg',1655809520,1655809520,0),(517,'http://tangzhe123-com.oss-cn-shenzhen.aliyuncs.com/public/62b1a628bb1c1.gif','public/62b1a628bb1c1.gif','public/62b1a628bb1c1.gif',1655809576,1655809576,0),(518,'http://tangzhe123-com.oss-cn-shenzhen.aliyuncs.com/public/62b1a631ef3c7.jpg','public/62b1a631ef3c7.jpg','public/62b1a631ef3c7.jpg',1655809586,1655809586,0),(519,'http://tangzhe123-com.oss-cn-shenzhen.aliyuncs.com/public/62b1a6661df8b.png','public/62b1a6661df8b.png','public/62b1a6661df8b.png',1655809638,1655809638,0),(520,'http://tangzhe123-com.oss-cn-shenzhen.aliyuncs.com/public/62b1a6883c524.png','public/62b1a6883c524.png','public/62b1a6883c524.png',1655809672,1655809672,0),(540,'http://tangzhe123-com.oss-cn-shenzhen.aliyuncs.com/public/62b7dea970add.gif','public/62b7dea970add.gif','public/62b7dea970add.gif',1656217257,1656217257,0),(541,'http://tangzhe123-com.oss-cn-shenzhen.aliyuncs.com/public/62b7df31aa7e2.gif','public/62b7df31aa7e2.gif','public/62b7df31aa7e2.gif',1656217393,1656217393,0),(542,'http://tangzhe123-com.oss-cn-shenzhen.aliyuncs.com/public/62b7dfb9b1e0e.gif','public/62b7dfb9b1e0e.gif','public/62b7dfb9b1e0e.gif',1656217529,1656217529,0),(550,'http://tangzhe123-com.oss-cn-shenzhen.aliyuncs.com/public/62b872dbef917.jpg','public/62b872dbef917.jpg','public/62b872dbef917.jpg',1656255196,1656255196,0),(554,'http://tangzhe123-com.oss-cn-shenzhen.aliyuncs.com/public/62b95fe662b8c.jpg','public/62b95fe662b8c.jpg','public/62b95fe662b8c.jpg',1656315878,1656315878,0),(555,'http://tangzhe123-com.oss-cn-shenzhen.aliyuncs.com/public/62b960179864b.jpg','public/62b960179864b.jpg','public/62b960179864b.jpg',1656315927,1656315927,0),(570,'http://tangzhe123-com.oss-cn-shenzhen.aliyuncs.com/public/62b983ed18d43.png','public/62b983ed18d43.png','public/62b983ed18d43.png',1656325101,1656325101,0),(571,'http://tangzhe123-com.oss-cn-shenzhen.aliyuncs.com/public/62b984350fcb0.png','public/62b984350fcb0.png','public/62b984350fcb0.png',1656325173,1656325173,0),(576,'http://tangzhe123-com.oss-cn-shenzhen.aliyuncs.com/public/62bac82510e7e.png','public/62bac82510e7e.png','public/62bac82510e7e.png',1656408101,1656408101,0),(577,'http://tangzhe123-com.oss-cn-shenzhen.aliyuncs.com/public/62bac9d12f5c2.png','public/62bac9d12f5c2.png','public/62bac9d12f5c2.png',1656408529,1656408529,0),(578,'http://tangzhe123-com.oss-cn-shenzhen.aliyuncs.com/public/62bac9ecabfa7.png','public/62bac9ecabfa7.png','public/62bac9ecabfa7.png',1656408556,1656408556,0),(579,'http://tangzhe123-com.oss-cn-shenzhen.aliyuncs.com/public/62baca6aab944.png','public/62baca6aab944.png','public/62baca6aab944.png',1656408682,1656408682,0),(580,'http://tangzhe123-com.oss-cn-shenzhen.aliyuncs.com/public/62bacabc4c629.png','public/62bacabc4c629.png','public/62bacabc4c629.png',1656408764,1656408764,0),(581,'http://tangzhe123-com.oss-cn-shenzhen.aliyuncs.com/public/62bacb976402b.png','public/62bacb976402b.png','public/62bacb976402b.png',1656408983,1656408983,0),(582,'http://tangzhe123-com.oss-cn-shenzhen.aliyuncs.com/public/62bacd6789dff.jpg','public/62bacd6789dff.jpg','public/62bacd6789dff.jpg',1656409447,1656409447,0),(583,'http://tangzhe123-com.oss-cn-shenzhen.aliyuncs.com/public/62bacdc70919c.png','public/62bacdc70919c.png','public/62bacdc70919c.png',1656409543,1656409543,0),(584,'http://tangzhe123-com.oss-cn-shenzhen.aliyuncs.com/public/62bacdcf0ac8d.png','public/62bacdcf0ac8d.png','public/62bacdcf0ac8d.png',1656409551,1656409551,0),(585,'http://tangzhe123-com.oss-cn-shenzhen.aliyuncs.com/public/62bace1f4aec8.jpg','public/62bace1f4aec8.jpg','public/62bace1f4aec8.jpg',1656409631,1656409631,0),(586,'http://tangzhe123-com.oss-cn-shenzhen.aliyuncs.com/public/62bacedfa97b7.png','public/62bacedfa97b7.png','public/62bacedfa97b7.png',1656409823,1656409823,0),(587,'http://tangzhe123-com.oss-cn-shenzhen.aliyuncs.com/public/62bacef5ca9b2.png','public/62bacef5ca9b2.png','public/62bacef5ca9b2.png',1656409845,1656409845,0),(604,'http://tangzhe123-com.oss-cn-shenzhen.aliyuncs.com/public/62bfd95ddf183.jpg','public/62bfd95ddf183.jpg','public/62bfd95ddf183.jpg',1656740190,1656740190,0),(605,'http://tangzhe123-com.oss-cn-shenzhen.aliyuncs.com/public/62bfd970b00d9.jpg','public/62bfd970b00d9.jpg','public/62bfd970b00d9.jpg',1656740209,1656740209,0),(628,'http://tangzhe123-com.oss-cn-shenzhen.aliyuncs.com/public/62cb9d1512ad2.png','public/62cb9d1512ad2.png','public/62cb9d1512ad2.png',1657511189,1657511189,0),(629,'http://tangzhe123-com.oss-cn-shenzhen.aliyuncs.com/public/62cb9d636b444.png','public/62cb9d636b444.png','public/62cb9d636b444.png',1657511267,1657511267,0),(633,'http://tangzhe123-com.oss-cn-shenzhen.aliyuncs.com/public/62cc46726bd2f.jpg','public/62cc46726bd2f.jpg','public/62cc46726bd2f.jpg',1657554546,1657554546,0),(647,'http://tangzhe123-com.oss-cn-shenzhen.aliyuncs.com/public/62d5246114353.JPG','public/62d5246114353.JPG','public/62d5246114353.JPG',1658135649,1658135649,306),(655,'http://tangzhe123-com.oss-cn-shenzhen.aliyuncs.com/public/62d67d7931e52.png','public/62d67d7931e52.pngsds','public/62d67d7931e52.png',1658223993,1658250455,133),(659,'http://tangzhe123-com.oss-cn-shenzhen.aliyuncs.com/public/62d698bdb1e0b.jpg','public/62d698bdb1e0b.jpg','public/62d698bdb1e0b.jpg',1658230973,1658230973,0),(660,'http://tangzhe123-com.oss-cn-shenzhen.aliyuncs.com/public/62d698e752e9a.jpg','public/62d698e752e9a.jpg','public/62d698e752e9a.jpg',1658231015,1658231015,0),(661,'http://tangzhe123-com.oss-cn-shenzhen.aliyuncs.com/public/62d69919735c8.jpg','public/62d69919735c8.jpg','public/62d69919735c8.jpg',1658231065,1658231065,0),(663,'http://tangzhe123-com.oss-cn-shenzhen.aliyuncs.com/public/62d699755201a.PNG','public/62d699755201a.PNG','public/62d699755201a.PNG',1658231161,1658231161,0),(664,'http://tangzhe123-com.oss-cn-shenzhen.aliyuncs.com/public/62d699b1984aa.jpg','public/62d699b1984aa.jpg','public/62d699b1984aa.jpg',1658231217,1658231217,0),(665,'http://tangzhe123-com.oss-cn-shenzhen.aliyuncs.com/public/62d699bbb7f5b.jpg','public/62d699bbb7f5b.jpg','public/62d699bbb7f5b.jpg',1658231227,1658231227,0),(666,'http://tangzhe123-com.oss-cn-shenzhen.aliyuncs.com/public/62d69a2b68468.JPG','public/62d69a2b68468.JPG','public/62d69a2b68468.JPG',1658231339,1658231339,0),(667,'http://tangzhe123-com.oss-cn-shenzhen.aliyuncs.com/public/62d69a8bd6a1e.jpg','public/62d69a8bd6a1e.jpg','public/62d69a8bd6a1e.jpg',1658231435,1658231435,0),(668,'http://tangzhe123-com.oss-cn-shenzhen.aliyuncs.com/public/62d6b432e5052.jpg','public/62d6b432e5052.jpg','public/62d6b432e5052.jpg',1658238003,1658238003,0),(669,'http://tangzhe123-com.oss-cn-shenzhen.aliyuncs.com/public/62d76e0e29017.jpg','public/62d76e0e29017.jpg','public/62d76e0e29017.jpg',1658285582,1658285582,0),(670,'http://tangzhe123-com.oss-cn-shenzhen.aliyuncs.com/public/62d76e1ea2cd0.jpg','public/62d76e1ea2cd0.jpg','public/62d76e1ea2cd0.jpg',1658285598,1658285598,0),(671,'http://tangzhe123-com.oss-cn-shenzhen.aliyuncs.com/public/62d776634fe29.png','public/62d776634fe29.png','public/62d776634fe29.png',1658287715,1658287715,0),(672,'http://tangzhe123-com.oss-cn-shenzhen.aliyuncs.com/public/62d77726cdcb4.png','public/62d77726cdcb4.png','public/62d77726cdcb4.png',1658287910,1658287910,0),(674,'http://tangzhe123-com.oss-cn-shenzhen.aliyuncs.com/public/62d778e44c563.png','232222','public/62d778e44c563.png',1658288356,1658831867,133),(675,'http://tangzhe123-com.oss-cn-shenzhen.aliyuncs.com/public/62d77f233a720.JPG','public/62d77f233a720.JPG','public/62d77f233a720.JPG',1658289962,1658289962,0),(682,'http://tangzhe123-com.oss-cn-shenzhen.aliyuncs.com/public/62d91d2aa7032.jpg','public/62d91d2aa7032.jpg','public/62d91d2aa7032.jpg',1658395946,1658395946,0),(684,'http://tangzhe123-com.oss-cn-shenzhen.aliyuncs.com/public/62d91f06ee22c.png','public/62d91f06ee22c.png','public/62d91f06ee22c.png',1658396423,1658396423,0),(685,'http://tangzhe123-com.oss-cn-shenzhen.aliyuncs.com/public/62d9202aca56a.jpg','public/62d9202aca56a.jpg','public/62d9202aca56a.jpg',1658396714,1658396714,0),(686,'http://tangzhe123-com.oss-cn-shenzhen.aliyuncs.com/public/62d9208e8b623.jpg','public/62d9208e8b623.jpg','public/62d9208e8b623.jpg',1658396814,1658396814,0),(687,'http://tangzhe123-com.oss-cn-shenzhen.aliyuncs.com/public/62d9234c69e4f.jpg','public/62d9234c69e4f.jpg','public/62d9234c69e4f.jpg',1658397516,1658397516,0),(688,'http://tangzhe123-com.oss-cn-shenzhen.aliyuncs.com/public/62d96ad1a1fc2.jpg','public/62d96ad1a1fc2.jpg','public/62d96ad1a1fc2.jpg',1658415827,1658415827,0),(690,'http://tangzhe123-com.oss-cn-shenzhen.aliyuncs.com/public/62da3f7fd9245.png','11111.pngas','public/62da3f7fd9245.png',1658470272,1658499705,168),(693,'http://tangzhe123-com.oss-cn-shenzhen.aliyuncs.com/public/62dbac6f6d689.jpg','public/62dbac6f6d689.jpg','public/62dbac6f6d689.jpg',1658563695,1658563695,128),(697,'http://tangzhe123-com.oss-cn-shenzhen.aliyuncs.com/public/62dd28290fa64.jpg','public/62dd28290fa64.jpg','public/62dd28290fa64.jpg',1658660905,1658660905,168),(701,'http://tangzhe123-com.oss-cn-shenzhen.aliyuncs.com/public/62deba3d4df00.png','public/62deba3d4df00.png','public/62deba3d4df00.png',1658763837,1658763837,0),(702,'http://tangzhe123-com.oss-cn-shenzhen.aliyuncs.com/public/62debc462c3bc.png','public/62debc462c3bc.png','public/62debc462c3bc.png',1658764358,1658764358,0),(703,'http://tangzhe123-com.oss-cn-shenzhen.aliyuncs.com/public/62debc790a1f2.png','211332','public/62debc790a1f2.png',1658764409,1658878698,133),(707,'http://tangzhe123-com.oss-cn-shenzhen.aliyuncs.com/public/62df7d54e9812.jpg','public/62df7d54e9812.jpg','public/62df7d54e9812.jpg',1658813781,1658813781,0),(711,'http://tangzhe123-com.oss-cn-shenzhen.aliyuncs.com/public/62dfe51c468df.jpg','public/62dfe51c468df.jpg','public/62dfe51c468df.jpg',1658840348,1658840348,0),(713,'http://tangzhe123-com.oss-cn-shenzhen.aliyuncs.com/public/62dfe8b25d862.png','public/62dfe8b25d862.png','public/62dfe8b25d862.png',1658841266,1658841266,0),(714,'http://tangzhe123-com.oss-cn-shenzhen.aliyuncs.com/public/62dfe8d9636e3.png','public/62dfe8d9636e3.png','public/62dfe8d9636e3.png',1658841305,1658841305,0),(715,'http://tangzhe123-com.oss-cn-shenzhen.aliyuncs.com/public/62dfe9016a8f0.png','public/62dfe9016a8f0.png','public/62dfe9016a8f0.png',1658841345,1658841345,0),(735,'http://tangzhe123-com.oss-cn-shenzhen.aliyuncs.com/public/62e144ab75c4c.png','public/62e144ab75c4c.png','public/62e144ab75c4c.png',1658930347,1658930347,168),(736,'http://tangzhe123-com.oss-cn-shenzhen.aliyuncs.com/public/62e2085c2813a.jpg','public/622e2085c2813a.jpg','public/62e2085c2813a.jpg',1658980444,1658997693,168),(737,'http://tangzhe123-com.oss-cn-shenzhen.aliyuncs.com/public/62e210d05e08d.jpg','public/62e210d05e08d.jpg','public/62e210d05e08d.jpg',1658982608,1658982608,133),(738,'http://tangzhe123-com.oss-cn-shenzhen.aliyuncs.com/public/62e2597084b0d.jpg','public/62e2597084b0d.jpg','public/62e2597084b0d.jpg',1659001201,1659001201,168),(739,'http://tangzhe123-com.oss-cn-shenzhen.aliyuncs.com/public/62e259aad01d1.jpeg','public/62e259aad01d1.jpeg','public/62e259aad01d1.jpeg',1659001259,1659001259,422),(740,'http://tangzhe123-com.oss-cn-shenzhen.aliyuncs.com/public/62e259aa43513.png','public/62e259aa43513.png','public/62e259aa43513.png',1659001259,1659001259,422),(741,'http://tangzhe123-com.oss-cn-shenzhen.aliyuncs.com/public/62e259aaf16bb.jpg','public/62e259aaf16bb.jpg','public/62e259aaf16bb.jpg',1659001261,1659001261,422),(742,'http://tangzhe123-com.oss-cn-shenzhen.aliyuncs.com/public/62e259aaec5a3.jpg','刘德华叫andy?','public/62e259aaec5a3.jpg',1659001261,1659252702,422),(743,'http://tangzhe123-com.oss-cn-shenzhen.aliyuncs.com/public/62e259ac0188b.jpg','public/62e259ac0188b.jpg','public/62e259ac0188b.jpg',1659001261,1659001261,422),(746,'http://tangzhe123-com.oss-cn-shenzhen.aliyuncs.com/public/62e27a58659a1.jpg','你好哇！.jpg','public/62e27a58659a1.jpg',1659009624,1659009668,409),(747,'http://tangzhe123-com.oss-cn-shenzhen.aliyuncs.com/public/62e369e286467.jpeg','public/62e369e28646','public/62e369e286467.jpeg',1659070946,1659083430,168),(748,'http://tangzhe123-com.oss-cn-shenzhen.aliyuncs.com/public/62e38e791b82f.jpg','public/62e38e791b82f.jpg','public/62e38e791b82f.jpg',1659080314,1659080314,173),(749,'http://tangzhe123-com.oss-cn-shenzhen.aliyuncs.com/public/62e4bb8f1ef6f.png','public/62e4bb8f1ef6f.png','public/62e4bb8f1ef6f.png',1659157397,1659157397,174),(750,'http://tangzhe123-com.oss-cn-shenzhen.aliyuncs.com/public/62e4bbbc60da9.png','public/62e4bbbc60da9.png','public/62e4bbbc60da9.png',1659157436,1659157436,174),(752,'http://tangzhe123-com.oss-cn-shenzhen.aliyuncs.com/public/62e6136fb919b.jpg','public/62e6136fb919b.jpg','public/62e6136fb919b.jpg',1659245428,1659245428,168),(753,'http://tangzhe123-com.oss-cn-shenzhen.aliyuncs.com/public/62e61386d8ac3.jpg','abc','public/62e61386d8ac3.jpg',1659245452,1659252654,168),(757,'http://tangzhe123-com.oss-cn-shenzhen.aliyuncs.com/public/62e676b3501f7.png','public/62e676b3501f7.png','public/62e676b3501f7.png',1659270845,1659270845,409);
/*!40000 ALTER TABLE `image` ENABLE KEYS */;
UNLOCK TABLES;

--
-- Table structure for table `image_class`
--

DROP TABLE IF EXISTS `image_class`;
/*!40101 SET @saved_cs_client     = @@character_set_client */;
/*!40101 SET character_set_client = utf8 */;
CREATE TABLE `image_class` (
  `id` int(11) NOT NULL AUTO_INCREMENT,
  `name` varchar(50) DEFAULT NULL,
  `order` int(11) DEFAULT '50',
  PRIMARY KEY (`id`)
) ENGINE=InnoDB AUTO_INCREMENT=440 DEFAULT CHARSET=utf8;
/*!40101 SET character_set_client = @saved_cs_client */;

--
-- Dumping data for table `image_class`
--

LOCK TABLES `image_class` WRITE;
/*!40000 ALTER TABLE `image_class` DISABLE KEYS */;
INSERT INTO `image_class` VALUES (107,'运动旅行',9),(126,'居家生活',8),(128,'手机数码',1),(133,'智能家电',1001),(166,'个护清洁',4),(168,'化妆品',1001),(169,'健身器材',50),(170,'手表手机',50),(171,'其他品类',50),(172,'毛巾',50),(173,'服装服饰',50),(174,'123',50),(306,'干的漂亮',50),(390,'小明呀',22),(409,'亚洲分区',50),(411,'小黑子，你永远差不多哥哥下的蛋',44),(422,'andy专',888),(426,'显示器分类',0),(430,'0000',1),(432,'添加的2222',1),(433,'测试添加的选项9999',1),(435,'aaaaa',2),(436,'66666',5),(437,'bbbb',0),(438,'ffffff',0),(439,'2222',1);
/*!40000 ALTER TABLE `image_class` ENABLE KEYS */;
UNLOCK TABLES;

--
-- Table structure for table `invoice`
--

DROP TABLE IF EXISTS `invoice`;
/*!40101 SET @saved_cs_client     = @@character_set_client */;
/*!40101 SET character_set_client = utf8 */;
CREATE TABLE `invoice` (
  `id` int(11) NOT NULL AUTO_INCREMENT,
  `name` varchar(255) NOT NULL COMMENT '名称/公司名称',
  `phone` varchar(11) NOT NULL COMMENT '手机',
  `email` varchar(100) NOT NULL COMMENT '邮箱',
  `code` varchar(255) NOT NULL COMMENT '税号',
  `user_id` int(11) NOT NULL COMMENT '用户id',
  `path` varchar(255) NOT NULL COMMENT '单位地址',
  `bankname` varchar(100) NOT NULL COMMENT '开户行',
  `bankno` varchar(100) NOT NULL COMMENT '银行账号',
  `create_time` int(11) NOT NULL COMMENT '创建时间',
  `update_time` int(11) NOT NULL COMMENT '更新时间',
  `order_id` int(11) NOT NULL COMMENT '订单id',
  `status` tinyint(1) NOT NULL DEFAULT '0' COMMENT '状态：0未开票1已开票',
  `type` tinyint(1) NOT NULL DEFAULT '0' COMMENT '类型：0个人1企业',
  PRIMARY KEY (`id`)
) ENGINE=InnoDB AUTO_INCREMENT=8 DEFAULT CHARSET=utf8mb4 COMMENT='发票';
/*!40101 SET character_set_client = @saved_cs_client */;

--
-- Dumping data for table `invoice`
--

LOCK TABLES `invoice` WRITE;
/*!40000 ALTER TABLE `invoice` DISABLE KEYS */;
INSERT INTO `invoice` VALUES (3,'小明','15988615311','453695357@qq.com','',3,'','','',1579001385,1579001385,336,0,0),(4,'XXX有限公司','15988615311','15988615311@163.com','XXXXXXXXXXXXXXXX',3,'广东省广州市天河区XXX街道','中国银行','XXXXXXXXXXXXXXXX',1579001385,1623499850,336,1,1),(5,'X222XX有限公司','15988615311','15988615311@163.com','XXXXXXXXXXXXXXXX',4,'','','',1623601977,1623601977,352,0,1),(6,'来了','13654785884','542481851@qq.com','',4,'','','',1623917858,1623917858,358,0,0),(7,'摸摸','13092565561','2595018681@qq.com','',4,'','','',1633365872,1633365872,536,0,0);
/*!40000 ALTER TABLE `invoice` ENABLE KEYS */;
UNLOCK TABLES;

--
-- Table structure for table `manager`
--

DROP TABLE IF EXISTS `manager`;
/*!40101 SET @saved_cs_client     = @@character_set_client */;
/*!40101 SET character_set_client = utf8 */;
CREATE TABLE `manager` (
  `id` int(11) NOT NULL AUTO_INCREMENT COMMENT '主键',
  `status` tinyint(3) unsigned NOT NULL DEFAULT '1' COMMENT '0禁用1启用',
  `create_time` int(11) DEFAULT '0' COMMENT '创建时间',
  `update_time` int(11) DEFAULT '0' COMMENT '更新时间',
  `username` varchar(60) NOT NULL COMMENT '用户名',
  `password` varchar(255) NOT NULL COMMENT '密码',
  `avatar` varchar(255) DEFAULT NULL COMMENT '头像',
  `role_id` int(11) DEFAULT '0' COMMENT '角色id',
  `super` tinyint(1) NOT NULL DEFAULT '0' COMMENT '是否是超级管理员',
  PRIMARY KEY (`id`)
) ENGINE=InnoDB AUTO_INCREMENT=235 DEFAULT CHARSET=utf8;
/*!40101 SET character_set_client = @saved_cs_client */;

--
-- Dumping data for table `manager`
--

LOCK TABLES `manager` WRITE;
/*!40000 ALTER TABLE `manager` DISABLE KEYS */;
INSERT INTO `manager` VALUES (3,1,1564937867,1580835305,'admin','$2y$10$1s8i7cCKKibJzDs78parX.7hctJWaJCv86Tx/12OFVTEk8ksfv8NC','http://tangzhe123-com.oss-cn-shenzhen.aliyuncs.com/public/62af03d1b2aeb.jpg',2,1),(9,1,1564973630,1658562420,'admin22','$2y$10$Ajyg.6AwMaDsLKAlpVSeSeP6GuZnYHqyPhDfmRcbBLrtJmjMKlNqK','http://tangzhe123-com.oss-cn-shenzhen.aliyuncs.com/public/62af03d1b2aeb.jpg',19,0),(18,1,1581186796,1658843449,'admin66','$2y$10$uWQtK0.5PqIqsTkuuDdOveJvnEFR0KPApG4XXIobvOwQq90RYlmca','http://tangzhe123-com.oss-cn-shenzhen.aliyuncs.com/public/5e46b6b6e4474.jpg',9,0),(28,1,1582008825,1658658351,'ceshi','$2y$10$mIbe0ixSqUnb3Jc3eA7KZOmAHVXYWrTOzGUpFIwrpzUcpeDvbtlde','http://tangzhe123-com.oss-cn-shenzhen.aliyuncs.com/public/62af04afda448.jpg',9,0),(29,1,1582202571,1658306211,'21321321312','$2y$10$hwXPYygppJd3moftHg9PauXUVPzYH3Tdx6cKjQsZ4y57cE922MnCi','',36,0),(35,1,1604817156,1658306209,'momo','$2y$10$QLSqKPp12FUfIR1.rHJDse01eNHPzxLLXOiJw27O1m7HqYqWO8Uxi','http://tangzhe123-com.oss-cn-shenzhen.aliyuncs.com/public/5f50505928e60.jpg',21,0),(36,1,1604817201,1658583461,'题目','$2y$10$XbdY3BIKqYxG4axSy7j/Qed7ILd7hBhjVbGomdYMwQ/FMP3DzuSte','http://tangzhe123-com.oss-cn-shenzhen.aliyuncs.com/public/5f50505c34971.jpg',2,0),(40,1,2020,1658843445,'123w','$2y$10$M4fMoaqCpcTrkiz8PoNHFOfv6bCBqgVuTenRyGqcyqqvL3RYxtYgG','http://tangzhe123-com.oss-cn-shenzhen.aliyuncs.com/public/5fcad27e6b1b8.jpg',19,0),(41,1,1604820375,1658845190,'123','$2y$10$bld7TjIpoNfQOekWCp4JeOk/1OBS5NMLI9HG6bvoIsb55FlsKmBBW','http://tangzhe123-com.oss-cn-shenzhen.aliyuncs.com/public/62ad4c021adbc.png',2,0),(42,1,1604820430,1658658356,'ces111','$2y$10$wEM6anA2VguBJ7M4hV4a/e/eDGV28wuTBh8Y.W9FBaXUhpqXbfOfS','http://tangzhe123-com.oss-cn-shenzhen.aliyuncs.com/public/62ad227c722af.jpg',9,0),(43,1,1606714807,1657675940,'admin123','$2y$10$G54UmriFZGtz9yxpBdEljuJoethNj4Fxmhqvfn7oi2UXDHtUgYbjm','http://tangzhe123-com.oss-cn-shenzhen.aliyuncs.com/public/5f50505c34971.jpg',2,0),(44,1,1610555317,1658843444,'ceshi123c','$2y$10$L.68hkDUfkZQ08KgyXAkMOUPXh8.dvvKtVchkC38PWZDXRBKOsKqO','http://tangzhe123-com.oss-cn-shenzhen.aliyuncs.com/public/62b4836b29db7.png',2,0),(45,1,1614044970,1658843443,'admin-zj','$2y$10$kktiXx5Alfi4xciX0Cs/bOIiMfSQTPd.ha2CRunAW9pGKGV/IVaQu','http://tangzhe123-com.oss-cn-shenzhen.aliyuncs.com/public/5fca3c1b62364.jpg',35,0),(46,1,1617238273,1658280172,'zhangsan','$2y$10$9TdmeAmYs.rPaWcqfkZ1..t.nuBKQLOgXwlwLbn.X6LjVnVMF4Sma','http://tangzhe123-com.oss-cn-shenzhen.aliyuncs.com/public/62af04afa21c1.jpg',21,0),(48,1,2021,1658843442,'fansang','$2y$10$PbSzNaTTKPdJNB5157TWwuwzkHo7suOUOIfiqSDiyyJsyeGOys.NS','http://tangzhe123-com.oss-cn-shenzhen.aliyuncs.com/public/60bf2a510e681.jpg',31,0),(49,1,1970,1658405066,'问问群233','$2y$10$E7WT0WEzEuqYkqdFV5s/YehlLt/RrpEQcUnhRdyCJSu.wCLtvPlQa','http://tangzhe123-com.oss-cn-shenzhen.aliyuncs.com/public/62af04afe39fa.jpg',21,0),(50,1,1655540563,1655540563,'1211241241','$2y$10$clSlfHRMdMtCC9MCIsj7QuFDS9m0AfU./DQsT1C5Q8MpVNjHtnd7G','',2,0),(187,1,1658394879,1658456136,'啊实打实的2','$2y$10$OqkzxNHUnJnR4lEHkBmlHOu44z4uJwIS3RpLDiLbvt5FBo0j5kPHm','http://tangzhe123-com.oss-cn-shenzhen.aliyuncs.com/public/62af04afda448.jpg',35,0),(195,1,1658456157,1658583404,'12','$2y$10$GqMyMkmtsarwShNAYuaz2.Tyo8vuj3qOFS31LViRK1dVfcMQtv4ZK','http://tangzhe123-com.oss-cn-shenzhen.aliyuncs.com/public/62af04afda448.jpg',3,0),(200,1,1658577228,1658847195,'test','$2y$10$2KwTi1hd2.uHfBiQGTJmZOsBIEBhlrmaEcuf.5zswzhS8hDZ4KCV6','http://tangzhe123-com.oss-cn-shenzhen.aliyuncs.com/public/62aeaa73b9041.jpg',19,0),(204,1,1658662314,1658712664,'ces','$2y$10$x/kTw9sqO8m3UJwIgdSBP.mPdwhkSCvhUqSzNtQZENfScJOi0Y2ku','http://tangzhe123-com.oss-cn-shenzhen.aliyuncs.com/public/62dd28290fa64.jpg',3,0),(206,1,1658715992,1658745052,'mybrr','$2y$10$RxGUD3JAq6PL0WZHFQu/q.BbwgKCJMiuANKLYOmWjXCLCSljTJW0u','http://tangzhe123-com.oss-cn-shenzhen.aliyuncs.com/public/62d5246114353.JPG',2,0),(211,1,1658757853,1658847064,'aaaa','$2y$10$xI.uQt0z4pqc/ZrWX7RZQumuYOkk01eJDcneBcUbdT7SkY6gGX7Bq','http://tangzhe123-com.oss-cn-shenzhen.aliyuncs.com/public/62da3f7fd9245.png',38,0),(215,0,1658843721,1659174144,'666','$2y$10$cQQKFbLedZc5zr/uBgPqG.HYuYkPGtiYCNWo1/rR0Ju5EO4zDfWCu','http://tangzhe123-com.oss-cn-shenzhen.aliyuncs.com/public/62da3f7fd9245.png',21,0),(219,0,1658933266,1659234516,'sd1','$2y$10$5nVHTdjGK0Xe8vsslbtkuelvktH73QXf9H..qRrCnsVKXFsik6.GK','http://tangzhe123-com.oss-cn-shenzhen.aliyuncs.com/public/62e2085c2813a.jpg',9,0),(223,0,1659178007,1659245725,'awadw','$2y$10$KuvGAfg9PRrsa4GWKkHIzewwAdNTb4cbWgjf4/GOK8XakMXoPNzpu','',35,0),(224,1,1659232484,1659234729,'admin777','$2y$10$zOflO9cGHvrAhAEnEpByLOLSGCjNHCh67UzATIV5uRQUrKolx4u8C','',36,0);
/*!40000 ALTER TABLE `manager` ENABLE KEYS */;
UNLOCK TABLES;

--
-- Table structure for table `notice`
--

DROP TABLE IF EXISTS `notice`;
/*!40101 SET @saved_cs_client     = @@character_set_client */;
/*!40101 SET character_set_client = utf8 */;
CREATE TABLE `notice` (
  `id` int(11) NOT NULL AUTO_INCREMENT,
  `title` varchar(255) NOT NULL COMMENT '公告标题',
  `content` text NOT NULL COMMENT '公告内容',
  `order` int(11) NOT NULL DEFAULT '50',
  `create_time` int(11) NOT NULL COMMENT '创建时间',
  `update_time` int(11) NOT NULL COMMENT '更新时间',
  PRIMARY KEY (`id`)
) ENGINE=InnoDB AUTO_INCREMENT=253 DEFAULT CHARSET=utf8mb4 COMMENT='公告表';
/*!40101 SET character_set_client = @saved_cs_client */;

--
-- Dumping data for table `notice`
--

LOCK TABLES `notice` WRITE;
/*!40000 ALTER TABLE `notice` DISABLE KEYS */;
INSERT INTO `notice` VALUES (2,'第一条公告','第一条公告内容',0,1623426344,1623426344),(198,'测试1','1232sss',0,1658237346,1658298660),(207,'测试22444','测试22',50,1658396955,1658401899),(220,'俺都a','ad323222222222',50,1658456005,1658567062),(233,'2211','222211',50,1658577226,1658590621),(236,'456','4564564564',50,1658662047,1658662047),(241,'2022年7月26日开始学习','2022年7月26日开始学习2022年7月26日开始学习',50,1658819575,1658822296),(245,'2222345','22222222',50,1658846212,1658846327),(250,'滴滴滴','gogogo444566',50,1659096399,1659096913);
/*!40000 ALTER TABLE `notice` ENABLE KEYS */;
UNLOCK TABLES;

--
-- Table structure for table `order`
--

DROP TABLE IF EXISTS `order`;
/*!40101 SET @saved_cs_client     = @@character_set_client */;
/*!40101 SET character_set_client = utf8 */;
CREATE TABLE `order` (
  `id` int(11) NOT NULL AUTO_INCREMENT,
  `no` varchar(255) DEFAULT NULL COMMENT '订单唯一流水号',
  `user_id` int(11) DEFAULT NULL,
  `address` text COMMENT '收货地址',
  `total_price` decimal(10,2) DEFAULT NULL COMMENT '订单总价格',
  `remark` varchar(255) DEFAULT NULL COMMENT '备注',
  `paid_time` int(11) DEFAULT NULL COMMENT '支付时间',
  `payment_method` varchar(255) DEFAULT NULL COMMENT '支付方式',
  `payment_no` varchar(255) DEFAULT NULL COMMENT '支付平台订单号',
  `refund_status` varchar(50) DEFAULT 'pending' COMMENT '退款状态',
  `refund_no` varchar(255) DEFAULT NULL COMMENT '退款单号',
  `closed` tinyint(1) DEFAULT '0' COMMENT '是否关闭',
  `ship_status` varchar(50) DEFAULT 'pending' COMMENT '物流状态',
  `ship_data` text COMMENT '物流数据',
  `extra` text COMMENT '额外数据',
  `create_time` int(11) DEFAULT NULL,
  `update_time` int(11) DEFAULT NULL,
  `reviewed` tinyint(1) DEFAULT '0' COMMENT '是否已评价',
  `coupon_user_id` int(11) DEFAULT '0' COMMENT '使用优惠券id',
  PRIMARY KEY (`id`),
  KEY `user_id` (`user_id`),
  CONSTRAINT `order_ibfk_1` FOREIGN KEY (`user_id`) REFERENCES `user` (`id`) ON DELETE CASCADE ON UPDATE NO ACTION
) ENGINE=InnoDB AUTO_INCREMENT=609 DEFAULT CHARSET=utf8;
/*!40101 SET character_set_client = @saved_cs_client */;

--
-- Dumping data for table `order`
--

LOCK TABLES `order` WRITE;
/*!40000 ALTER TABLE `order` DISABLE KEYS */;
INSERT INTO `order` VALUES (40,'20191211194940843714',3,'{\"id\":3,\"user_id\":3,\"province\":\"\\u5e7f\\u4e1c\\u7701\",\"city\":\"\\u5e7f\\u5dde\\u5e02\",\"district\":\"\\u8354\\u6e7e\\u533a\",\"address\":\"\\u9605\\u6c5f\\u897f\\u8def232\\u53f7\",\"zip\":0,\"name\":\"\\u5e05\\u54e5\\u5c0f\\u7c73\\u624b\\u673affyu\",\"phone\":\"13564568781\",\"last_used_time\":1576064980,\"create_time\":\"1970-01-01 08:32:50\",\"update_time\":\"2019-12-11 19:49:40\"}',5.00,'',NULL,NULL,NULL,'pending',NULL,1,'pending',NULL,NULL,1576064980,1576066780,0,0),(41,'20191211200415824708',3,'{\"id\":3,\"user_id\":3,\"province\":\"\\u5e7f\\u4e1c\\u7701\",\"city\":\"\\u5e7f\\u5dde\\u5e02\",\"district\":\"\\u8354\\u6e7e\\u533a\",\"address\":\"\\u9605\\u6c5f\\u897f\\u8def232\\u53f7\",\"zip\":0,\"name\":\"\\u5e05\\u54e5\\u5c0f\\u7c73\\u624b\\u673affyu\",\"phone\":\"13564568781\",\"last_used_time\":1576065855,\"create_time\":\"1970-01-01 08:32:50\",\"update_time\":\"2019-12-11 20:04:15\"}',1.00,'',NULL,NULL,NULL,'pending',NULL,1,'pending',NULL,NULL,1576065855,1576067656,0,0),(42,'20191211203331751828',3,'{\"id\":3,\"user_id\":3,\"province\":\"\\u5e7f\\u4e1c\\u7701\",\"city\":\"\\u5e7f\\u5dde\\u5e02\",\"district\":\"\\u8354\\u6e7e\\u533a\",\"address\":\"\\u9605\\u6c5f\\u897f\\u8def232\\u53f7\",\"zip\":0,\"name\":\"\\u5e05\\u54e5\\u5c0f\\u7c73\\u624b\\u673affyu\",\"phone\":\"13564568781\",\"last_used_time\":1576067611,\"create_time\":\"1970-01-01 08:32:50\",\"update_time\":\"2019-12-11 20:33:31\"}',5.00,'',NULL,NULL,NULL,'pending',NULL,1,'pending',NULL,NULL,1576067611,1576069412,0,0),(43,'20191211203710744100',3,'{\"id\":3,\"user_id\":3,\"province\":\"\\u5e7f\\u4e1c\\u7701\",\"city\":\"\\u5e7f\\u5dde\\u5e02\",\"district\":\"\\u8354\\u6e7e\\u533a\",\"address\":\"\\u9605\\u6c5f\\u897f\\u8def232\\u53f7\",\"zip\":0,\"name\":\"\\u5e05\\u54e5\\u5c0f\\u7c73\\u624b\\u673affyu\",\"phone\":\"13564568781\",\"last_used_time\":1576067830,\"create_time\":\"1970-01-01 08:32:50\",\"update_time\":\"2019-12-11 20:37:10\"}',7.00,'',NULL,NULL,NULL,'pending',NULL,1,'pending',NULL,NULL,1576067830,1576069631,0,0),(44,'20191211203819409921',3,'{\"id\":3,\"user_id\":3,\"province\":\"\\u5e7f\\u4e1c\\u7701\",\"city\":\"\\u5e7f\\u5dde\\u5e02\",\"district\":\"\\u8354\\u6e7e\\u533a\",\"address\":\"\\u9605\\u6c5f\\u897f\\u8def232\\u53f7\",\"zip\":0,\"name\":\"\\u5e05\\u54e5\\u5c0f\\u7c73\\u624b\\u673affyu\",\"phone\":\"13564568781\",\"last_used_time\":1576067899,\"create_time\":\"1970-01-01 08:32:50\",\"update_time\":\"2019-12-11 20:38:19\"}',7.00,'',NULL,NULL,NULL,'pending',NULL,1,'pending',NULL,NULL,1576067899,1576069700,0,0),(45,'20191211205221867856',3,'{\"id\":3,\"user_id\":3,\"province\":\"\\u5e7f\\u4e1c\\u7701\",\"city\":\"\\u5e7f\\u5dde\\u5e02\",\"district\":\"\\u8354\\u6e7e\\u533a\",\"address\":\"\\u9605\\u6c5f\\u897f\\u8def232\\u53f7\",\"zip\":0,\"name\":\"\\u5e05\\u54e5\\u5c0f\\u7c73\\u624b\\u673affyu\",\"phone\":\"13564568781\",\"last_used_time\":1576068741,\"create_time\":\"1970-01-01 08:32:50\",\"update_time\":\"2019-12-11 20:52:21\"}',7.00,'',NULL,NULL,NULL,'pending',NULL,1,'pending',NULL,NULL,1576068741,1576070543,0,0),(46,'20191211205454858200',3,'{\"id\":3,\"user_id\":3,\"province\":\"\\u5e7f\\u4e1c\\u7701\",\"city\":\"\\u5e7f\\u5dde\\u5e02\",\"district\":\"\\u8354\\u6e7e\\u533a\",\"address\":\"\\u9605\\u6c5f\\u897f\\u8def232\\u53f7\",\"zip\":0,\"name\":\"\\u5e05\\u54e5\\u5c0f\\u7c73\\u624b\\u673affyu\",\"phone\":\"13564568781\",\"last_used_time\":1576068894,\"create_time\":\"1970-01-01 08:32:50\",\"update_time\":\"2019-12-11 20:54:54\"}',7.00,'',NULL,NULL,NULL,'pending',NULL,1,'pending',NULL,NULL,1576068894,1576070696,0,0),(47,'20191211205837176386',3,'{\"id\":3,\"user_id\":3,\"province\":\"\\u5e7f\\u4e1c\\u7701\",\"city\":\"\\u5e7f\\u5dde\\u5e02\",\"district\":\"\\u8354\\u6e7e\\u533a\",\"address\":\"\\u9605\\u6c5f\\u897f\\u8def232\\u53f7\",\"zip\":0,\"name\":\"\\u5e05\\u54e5\\u5c0f\\u7c73\\u624b\\u673affyu\",\"phone\":\"13564568781\",\"last_used_time\":1576069117,\"create_time\":\"1970-01-01 08:32:50\",\"update_time\":\"2019-12-11 20:58:37\"}',1.00,'',NULL,NULL,NULL,'pending',NULL,1,'pending',NULL,NULL,1576069117,1576070919,0,0),(48,'20191211213930409619',3,'{\"id\":3,\"user_id\":3,\"province\":\"\\u5e7f\\u4e1c\\u7701\",\"city\":\"\\u5e7f\\u5dde\\u5e02\",\"district\":\"\\u8354\\u6e7e\\u533a\",\"address\":\"\\u9605\\u6c5f\\u897f\\u8def232\\u53f7\",\"zip\":0,\"name\":\"\\u5e05\\u54e5\\u5c0f\\u7c73\\u624b\\u673affyu\",\"phone\":\"13564568781\",\"last_used_time\":1576071570,\"create_time\":\"1970-01-01 08:32:50\",\"update_time\":\"2019-12-11 21:39:30\"}',5.00,'',NULL,NULL,NULL,'pending',NULL,1,'pending',NULL,NULL,1576071570,1576073370,0,0),(49,'20191211214120973941',3,'{\"id\":3,\"user_id\":3,\"province\":\"\\u5e7f\\u4e1c\\u7701\",\"city\":\"\\u5e7f\\u5dde\\u5e02\",\"district\":\"\\u8354\\u6e7e\\u533a\",\"address\":\"\\u9605\\u6c5f\\u897f\\u8def232\\u53f7\",\"zip\":0,\"name\":\"\\u5e05\\u54e5\\u5c0f\\u7c73\\u624b\\u673affyu\",\"phone\":\"13564568781\",\"last_used_time\":1576071680,\"create_time\":\"1970-01-01 08:32:50\",\"update_time\":\"2019-12-11 21:41:20\"}',14.00,'',NULL,NULL,NULL,'pending',NULL,1,'pending',NULL,NULL,1576071680,1576073481,0,0),(50,'20191211215016177058',3,'{\"id\":3,\"user_id\":3,\"province\":\"\\u5e7f\\u4e1c\\u7701\",\"city\":\"\\u5e7f\\u5dde\\u5e02\",\"district\":\"\\u8354\\u6e7e\\u533a\",\"address\":\"\\u9605\\u6c5f\\u897f\\u8def232\\u53f7\",\"zip\":0,\"name\":\"\\u5e05\\u54e5\\u5c0f\\u7c73\\u624b\\u673affyu\",\"phone\":\"13564568781\",\"last_used_time\":1576072216,\"create_time\":\"1970-01-01 08:32:50\",\"update_time\":\"2019-12-11 21:50:16\"}',7.00,'',NULL,NULL,NULL,'pending',NULL,1,'pending',NULL,NULL,1576072216,1576074016,0,0),(51,'20191211215949431861',3,'{\"id\":3,\"user_id\":3,\"province\":\"\\u5e7f\\u4e1c\\u7701\",\"city\":\"\\u5e7f\\u5dde\\u5e02\",\"district\":\"\\u8354\\u6e7e\\u533a\",\"address\":\"\\u9605\\u6c5f\\u897f\\u8def232\\u53f7\",\"zip\":0,\"name\":\"\\u5e05\\u54e5\\u5c0f\\u7c73\\u624b\\u673affyu\",\"phone\":\"13564568781\",\"last_used_time\":1576072789,\"create_time\":\"1970-01-01 08:32:50\",\"update_time\":\"2019-12-11 21:59:49\"}',7.00,'',NULL,NULL,NULL,'pending',NULL,1,'pending',NULL,NULL,1576072789,1576074589,0,0),(52,'20191211220721649278',3,'{\"id\":3,\"user_id\":3,\"province\":\"\\u5e7f\\u4e1c\\u7701\",\"city\":\"\\u5e7f\\u5dde\\u5e02\",\"district\":\"\\u8354\\u6e7e\\u533a\",\"address\":\"\\u9605\\u6c5f\\u897f\\u8def232\\u53f7\",\"zip\":0,\"name\":\"\\u5e05\\u54e5\\u5c0f\\u7c73\\u624b\\u673affyu\",\"phone\":\"13564568781\",\"last_used_time\":1576073241,\"create_time\":\"1970-01-01 08:32:50\",\"update_time\":\"2019-12-11 22:07:21\"}',1.00,'',NULL,NULL,NULL,'pending',NULL,1,'pending',NULL,NULL,1576073241,1576075042,0,0),(53,'20191211220821229729',3,'{\"id\":3,\"user_id\":3,\"province\":\"\\u5e7f\\u4e1c\\u7701\",\"city\":\"\\u5e7f\\u5dde\\u5e02\",\"district\":\"\\u8354\\u6e7e\\u533a\",\"address\":\"\\u9605\\u6c5f\\u897f\\u8def232\\u53f7\",\"zip\":0,\"name\":\"\\u5e05\\u54e5\\u5c0f\\u7c73\\u624b\\u673affyu\",\"phone\":\"13564568781\",\"last_used_time\":1576073301,\"create_time\":\"1970-01-01 08:32:50\",\"update_time\":\"2019-12-11 22:08:21\"}',1.00,'',NULL,NULL,NULL,'pending',NULL,1,'pending',NULL,NULL,1576073301,1576075102,0,0),(54,'20191211221639632512',3,'{\"id\":3,\"user_id\":3,\"province\":\"\\u5e7f\\u4e1c\\u7701\",\"city\":\"\\u5e7f\\u5dde\\u5e02\",\"district\":\"\\u8354\\u6e7e\\u533a\",\"address\":\"\\u9605\\u6c5f\\u897f\\u8def232\\u53f7\",\"zip\":0,\"name\":\"\\u5e05\\u54e5\\u5c0f\\u7c73\\u624b\\u673affyu\",\"phone\":\"13564568781\",\"last_used_time\":1576073799,\"create_time\":\"1970-01-01 08:32:50\",\"update_time\":\"2019-12-11 22:16:39\"}',5.00,'',NULL,NULL,NULL,'pending',NULL,1,'pending',NULL,NULL,1576073799,1576075600,0,0),(55,'20191211221745222766',3,'{\"id\":3,\"user_id\":3,\"province\":\"\\u5e7f\\u4e1c\\u7701\",\"city\":\"\\u5e7f\\u5dde\\u5e02\",\"district\":\"\\u8354\\u6e7e\\u533a\",\"address\":\"\\u9605\\u6c5f\\u897f\\u8def232\\u53f7\",\"zip\":0,\"name\":\"\\u5e05\\u54e5\\u5c0f\\u7c73\\u624b\\u673affyu\",\"phone\":\"13564568781\",\"last_used_time\":1576073865,\"create_time\":\"1970-01-01 08:32:50\",\"update_time\":\"2019-12-11 22:17:45\"}',1.00,'',NULL,NULL,NULL,'pending',NULL,1,'pending',NULL,NULL,1576073865,1576075666,0,0),(56,'20191211222326810422',3,'{\"id\":3,\"user_id\":3,\"province\":\"\\u5e7f\\u4e1c\\u7701\",\"city\":\"\\u5e7f\\u5dde\\u5e02\",\"district\":\"\\u8354\\u6e7e\\u533a\",\"address\":\"\\u9605\\u6c5f\\u897f\\u8def232\\u53f7\",\"zip\":0,\"name\":\"\\u5e05\\u54e5\\u5c0f\\u7c73\\u624b\\u673affyu\",\"phone\":\"13564568781\",\"last_used_time\":1576074206,\"create_time\":\"1970-01-01 08:32:50\",\"update_time\":\"2019-12-11 22:23:26\"}',1.00,'',NULL,NULL,NULL,'pending',NULL,1,'pending',NULL,NULL,1576074206,1576076008,0,0),(57,'20191211222511409677',3,'{\"id\":3,\"user_id\":3,\"province\":\"\\u5e7f\\u4e1c\\u7701\",\"city\":\"\\u5e7f\\u5dde\\u5e02\",\"district\":\"\\u8354\\u6e7e\\u533a\",\"address\":\"\\u9605\\u6c5f\\u897f\\u8def232\\u53f7\",\"zip\":0,\"name\":\"\\u5e05\\u54e5\\u5c0f\\u7c73\\u624b\\u673affyu\",\"phone\":\"13564568781\",\"last_used_time\":1576074311,\"create_time\":\"1970-01-01 08:32:50\",\"update_time\":\"2019-12-11 22:25:11\"}',1.00,'',NULL,NULL,NULL,'pending',NULL,1,'pending',NULL,NULL,1576074311,1576076113,0,0),(58,'20191212204642118616',3,'{\"id\":2,\"user_id\":3,\"province\":\"\\u5929\\u6d25\\u5e02\",\"city\":\"\\u5e02\\u8f96\\u533a\",\"district\":\"\\u548c\\u5e73\\u533a\",\"address\":\"\\u9605\\u6c5f\\u897f\\u8def222\\u53f7\\u5e7f\\u5dde\\u5854\",\"zip\":0,\"name\":\"\\u9753\\u4ed4\\u54c8\",\"phone\":\"13564568789\",\"last_used_time\":1576154802,\"create_time\":\"1970-01-01 08:32:50\",\"update_time\":\"2019-12-12 20:46:42\"}',0.19,'',NULL,NULL,NULL,'pending',NULL,1,'pending',NULL,NULL,1576154802,1576156602,0,0),(59,'20191212205921806152',3,'{\"id\":2,\"user_id\":3,\"province\":\"\\u5929\\u6d25\\u5e02\",\"city\":\"\\u5e02\\u8f96\\u533a\",\"district\":\"\\u548c\\u5e73\\u533a\",\"address\":\"\\u9605\\u6c5f\\u897f\\u8def222\\u53f7\\u5e7f\\u5dde\\u5854\",\"zip\":0,\"name\":\"\\u9753\\u4ed4\\u54c8\",\"phone\":\"13564568789\",\"last_used_time\":1576155561,\"create_time\":\"1970-01-01 08:32:50\",\"update_time\":\"2019-12-12 20:59:21\"}',0.05,'',NULL,NULL,NULL,'pending',NULL,1,'pending',NULL,NULL,1576155561,1576157361,0,0),(60,'20191212211013963861',3,'{\"id\":2,\"user_id\":3,\"province\":\"\\u5929\\u6d25\\u5e02\",\"city\":\"\\u5e02\\u8f96\\u533a\",\"district\":\"\\u548c\\u5e73\\u533a\",\"address\":\"\\u9605\\u6c5f\\u897f\\u8def222\\u53f7\\u5e7f\\u5dde\\u5854\",\"zip\":0,\"name\":\"\\u9753\\u4ed4\\u54c8\",\"phone\":\"13564568789\",\"last_used_time\":1576156213,\"create_time\":\"1970-01-01 08:32:50\",\"update_time\":\"2019-12-12 21:10:13\"}',0.05,'',NULL,NULL,NULL,'pending',NULL,1,'pending',NULL,NULL,1576156213,1576158015,0,0),(61,'20191212211247217961',3,'{\"id\":2,\"user_id\":3,\"province\":\"\\u5929\\u6d25\\u5e02\",\"city\":\"\\u5e02\\u8f96\\u533a\",\"district\":\"\\u548c\\u5e73\\u533a\",\"address\":\"\\u9605\\u6c5f\\u897f\\u8def222\\u53f7\\u5e7f\\u5dde\\u5854\",\"zip\":0,\"name\":\"\\u9753\\u4ed4\\u54c8\",\"phone\":\"13564568789\",\"last_used_time\":1576156367,\"create_time\":\"1970-01-01 08:32:50\",\"update_time\":\"2019-12-12 21:12:47\"}',0.05,'',NULL,NULL,NULL,'pending',NULL,1,'pending',NULL,NULL,1576156367,1576158168,0,0),(62,'20191212211657997374',3,'{\"id\":2,\"user_id\":3,\"province\":\"\\u5929\\u6d25\\u5e02\",\"city\":\"\\u5e02\\u8f96\\u533a\",\"district\":\"\\u548c\\u5e73\\u533a\",\"address\":\"\\u9605\\u6c5f\\u897f\\u8def222\\u53f7\\u5e7f\\u5dde\\u5854\",\"zip\":0,\"name\":\"\\u9753\\u4ed4\\u54c8\",\"phone\":\"13564568789\",\"last_used_time\":1576156617,\"create_time\":\"1970-01-01 08:32:50\",\"update_time\":\"2019-12-12 21:16:57\"}',0.05,'',NULL,NULL,NULL,'pending',NULL,1,'pending',NULL,NULL,1576156617,1576158417,0,0),(63,'20191212212253964119',3,'{\"id\":2,\"user_id\":3,\"province\":\"\\u5929\\u6d25\\u5e02\",\"city\":\"\\u5e02\\u8f96\\u533a\",\"district\":\"\\u548c\\u5e73\\u533a\",\"address\":\"\\u9605\\u6c5f\\u897f\\u8def222\\u53f7\\u5e7f\\u5dde\\u5854\",\"zip\":0,\"name\":\"\\u9753\\u4ed4\\u54c8\",\"phone\":\"13564568789\",\"last_used_time\":1576156973,\"create_time\":\"1970-01-01 08:32:50\",\"update_time\":\"2019-12-12 21:22:53\"}',0.05,'',NULL,NULL,NULL,'pending',NULL,1,'pending',NULL,NULL,1576156973,1576158774,0,0),(64,'20191212212339342737',3,'{\"id\":2,\"user_id\":3,\"province\":\"\\u5929\\u6d25\\u5e02\",\"city\":\"\\u5e02\\u8f96\\u533a\",\"district\":\"\\u548c\\u5e73\\u533a\",\"address\":\"\\u9605\\u6c5f\\u897f\\u8def222\\u53f7\\u5e7f\\u5dde\\u5854\",\"zip\":0,\"name\":\"\\u9753\\u4ed4\\u54c8\",\"phone\":\"13564568789\",\"last_used_time\":1576157019,\"create_time\":\"1970-01-01 08:32:50\",\"update_time\":\"2019-12-12 21:23:39\"}',0.07,'',NULL,NULL,NULL,'pending',NULL,1,'pending',NULL,NULL,1576157019,1576158819,0,0),(65,'20191212214253057296',3,'{\"id\":2,\"user_id\":3,\"province\":\"\\u5929\\u6d25\\u5e02\",\"city\":\"\\u5e02\\u8f96\\u533a\",\"district\":\"\\u548c\\u5e73\\u533a\",\"address\":\"\\u9605\\u6c5f\\u897f\\u8def222\\u53f7\\u5e7f\\u5dde\\u5854\",\"zip\":0,\"name\":\"\\u9753\\u4ed4\\u54c8\",\"phone\":\"13564568789\",\"last_used_time\":1576158173,\"create_time\":\"1970-01-01 08:32:50\",\"update_time\":\"2019-12-12 21:42:53\"}',0.05,'',NULL,NULL,NULL,'pending',NULL,1,'pending',NULL,NULL,1576158173,1576160536,0,0),(66,'20191212215033013973',3,'{\"id\":2,\"user_id\":3,\"province\":\"\\u5929\\u6d25\\u5e02\",\"city\":\"\\u5e02\\u8f96\\u533a\",\"district\":\"\\u548c\\u5e73\\u533a\",\"address\":\"\\u9605\\u6c5f\\u897f\\u8def222\\u53f7\\u5e7f\\u5dde\\u5854\",\"zip\":0,\"name\":\"\\u9753\\u4ed4\\u54c8\",\"phone\":\"13564568789\",\"last_used_time\":1576158633,\"create_time\":\"1970-01-01 08:32:50\",\"update_time\":\"2019-12-12 21:50:33\"}',0.05,'',NULL,NULL,NULL,'pending',NULL,1,'pending',NULL,NULL,1576158633,1576160536,0,0),(67,'20191212215430237108',3,'{\"id\":2,\"user_id\":3,\"province\":\"\\u5929\\u6d25\\u5e02\",\"city\":\"\\u5e02\\u8f96\\u533a\",\"district\":\"\\u548c\\u5e73\\u533a\",\"address\":\"\\u9605\\u6c5f\\u897f\\u8def222\\u53f7\\u5e7f\\u5dde\\u5854\",\"zip\":0,\"name\":\"\\u9753\\u4ed4\\u54c8\",\"phone\":\"13564568789\",\"last_used_time\":1576158870,\"create_time\":\"1970-01-01 08:32:50\",\"update_time\":\"2019-12-12 21:54:30\"}',0.05,'',NULL,NULL,NULL,'pending',NULL,1,'pending',NULL,NULL,1576158870,1576160671,0,0),(68,'20191212215705538366',3,'{\"id\":2,\"user_id\":3,\"province\":\"\\u5929\\u6d25\\u5e02\",\"city\":\"\\u5e02\\u8f96\\u533a\",\"district\":\"\\u548c\\u5e73\\u533a\",\"address\":\"\\u9605\\u6c5f\\u897f\\u8def222\\u53f7\\u5e7f\\u5dde\\u5854\",\"zip\":0,\"name\":\"\\u9753\\u4ed4\\u54c8\",\"phone\":\"13564568789\",\"last_used_time\":1576159025,\"create_time\":\"1970-01-01 08:32:50\",\"update_time\":\"2019-12-12 21:57:05\"}',0.05,'',NULL,NULL,NULL,'pending',NULL,1,'pending',NULL,NULL,1576159025,1576160827,0,0),(69,'20191212220342799448',3,'{\"id\":2,\"user_id\":3,\"province\":\"\\u5929\\u6d25\\u5e02\",\"city\":\"\\u5e02\\u8f96\\u533a\",\"district\":\"\\u548c\\u5e73\\u533a\",\"address\":\"\\u9605\\u6c5f\\u897f\\u8def222\\u53f7\\u5e7f\\u5dde\\u5854\",\"zip\":0,\"name\":\"\\u9753\\u4ed4\\u54c8\",\"phone\":\"13564568789\",\"last_used_time\":1576159422,\"create_time\":\"1970-01-01 08:32:50\",\"update_time\":\"2019-12-12 22:03:42\"}',0.05,'',NULL,NULL,NULL,'pending',NULL,1,'pending',NULL,NULL,1576159422,1576161223,0,0),(70,'20191212220543789690',3,'{\"id\":2,\"user_id\":3,\"province\":\"\\u5929\\u6d25\\u5e02\",\"city\":\"\\u5e02\\u8f96\\u533a\",\"district\":\"\\u548c\\u5e73\\u533a\",\"address\":\"\\u9605\\u6c5f\\u897f\\u8def222\\u53f7\\u5e7f\\u5dde\\u5854\",\"zip\":0,\"name\":\"\\u9753\\u4ed4\\u54c8\",\"phone\":\"13564568789\",\"last_used_time\":1576159543,\"create_time\":\"1970-01-01 08:32:50\",\"update_time\":\"2019-12-12 22:05:43\"}',0.07,'',NULL,NULL,NULL,'pending',NULL,1,'pending',NULL,NULL,1576159543,1576161343,0,0),(71,'20191212222340389187',3,'{\"id\":2,\"user_id\":3,\"province\":\"\\u5929\\u6d25\\u5e02\",\"city\":\"\\u5e02\\u8f96\\u533a\",\"district\":\"\\u548c\\u5e73\\u533a\",\"address\":\"\\u9605\\u6c5f\\u897f\\u8def222\\u53f7\\u5e7f\\u5dde\\u5854\",\"zip\":0,\"name\":\"\\u9753\\u4ed4\\u54c8\",\"phone\":\"13564568789\",\"last_used_time\":1576160620,\"create_time\":\"1970-01-01 08:32:50\",\"update_time\":\"2019-12-12 22:23:40\"}',0.05,'',NULL,NULL,NULL,'pending',NULL,1,'pending',NULL,NULL,1576160620,1576162420,0,0),(72,'20191212222435321169',3,'{\"id\":2,\"user_id\":3,\"province\":\"\\u5929\\u6d25\\u5e02\",\"city\":\"\\u5e02\\u8f96\\u533a\",\"district\":\"\\u548c\\u5e73\\u533a\",\"address\":\"\\u9605\\u6c5f\\u897f\\u8def222\\u53f7\\u5e7f\\u5dde\\u5854\",\"zip\":0,\"name\":\"\\u9753\\u4ed4\\u54c8\",\"phone\":\"13564568789\",\"last_used_time\":1576160675,\"create_time\":\"1970-01-01 08:32:50\",\"update_time\":\"2019-12-12 22:24:35\"}',0.05,'',NULL,NULL,NULL,'pending',NULL,1,'pending',NULL,NULL,1576160675,1576162477,0,0),(73,'20191212224407027274',3,'{\"id\":2,\"user_id\":3,\"province\":\"\\u5929\\u6d25\\u5e02\",\"city\":\"\\u5e02\\u8f96\\u533a\",\"district\":\"\\u548c\\u5e73\\u533a\",\"address\":\"\\u9605\\u6c5f\\u897f\\u8def222\\u53f7\\u5e7f\\u5dde\\u5854\",\"zip\":0,\"name\":\"\\u9753\\u4ed4\\u54c8\",\"phone\":\"13564568789\",\"last_used_time\":1576161847,\"create_time\":\"1970-01-01 08:32:50\",\"update_time\":\"2019-12-12 22:44:07\"}',0.05,'',NULL,NULL,NULL,'pending',NULL,1,'pending',NULL,NULL,1576161847,1576163648,0,0),(74,'20191212224500968352',3,'{\"id\":2,\"user_id\":3,\"province\":\"\\u5929\\u6d25\\u5e02\",\"city\":\"\\u5e02\\u8f96\\u533a\",\"district\":\"\\u548c\\u5e73\\u533a\",\"address\":\"\\u9605\\u6c5f\\u897f\\u8def222\\u53f7\\u5e7f\\u5dde\\u5854\",\"zip\":0,\"name\":\"\\u9753\\u4ed4\\u54c8\",\"phone\":\"13564568789\",\"last_used_time\":1576161900,\"create_time\":\"1970-01-01 08:32:50\",\"update_time\":\"2019-12-12 22:45:00\"}',0.05,'',NULL,NULL,NULL,'pending',NULL,1,'pending',NULL,NULL,1576161900,1576163702,0,0),(75,'20191213001434218717',3,'{\"id\":2,\"user_id\":3,\"province\":\"\\u5929\\u6d25\\u5e02\",\"city\":\"\\u5e02\\u8f96\\u533a\",\"district\":\"\\u548c\\u5e73\\u533a\",\"address\":\"\\u9605\\u6c5f\\u897f\\u8def222\\u53f7\\u5e7f\\u5dde\\u5854\",\"zip\":0,\"name\":\"\\u9753\\u4ed4\\u54c8\",\"phone\":\"13564568789\",\"last_used_time\":1576167274,\"create_time\":\"1970-01-01 08:32:50\",\"update_time\":\"2019-12-13 00:14:34\"}',0.05,'',NULL,NULL,NULL,'pending',NULL,1,'pending',NULL,NULL,1576167274,1576169076,0,0),(76,'20191213001513785048',3,'{\"id\":2,\"user_id\":3,\"province\":\"\\u5929\\u6d25\\u5e02\",\"city\":\"\\u5e02\\u8f96\\u533a\",\"district\":\"\\u548c\\u5e73\\u533a\",\"address\":\"\\u9605\\u6c5f\\u897f\\u8def222\\u53f7\\u5e7f\\u5dde\\u5854\",\"zip\":0,\"name\":\"\\u9753\\u4ed4\\u54c8\",\"phone\":\"13564568789\",\"last_used_time\":1576167313,\"create_time\":\"1970-01-01 08:32:50\",\"update_time\":\"2019-12-13 00:15:13\"}',0.05,'',NULL,NULL,NULL,'pending',NULL,1,'pending',NULL,NULL,1576167313,1576169115,0,0),(77,'20191213001556091414',3,'{\"id\":2,\"user_id\":3,\"province\":\"\\u5929\\u6d25\\u5e02\",\"city\":\"\\u5e02\\u8f96\\u533a\",\"district\":\"\\u548c\\u5e73\\u533a\",\"address\":\"\\u9605\\u6c5f\\u897f\\u8def222\\u53f7\\u5e7f\\u5dde\\u5854\",\"zip\":0,\"name\":\"\\u9753\\u4ed4\\u54c8\",\"phone\":\"13564568789\",\"last_used_time\":1576167356,\"create_time\":\"1970-01-01 08:32:50\",\"update_time\":\"2019-12-13 00:15:56\"}',0.05,'',NULL,NULL,NULL,'pending',NULL,1,'pending',NULL,NULL,1576167356,1576169157,0,0),(78,'20191213002314912291',3,'{\"id\":2,\"user_id\":3,\"province\":\"\\u5929\\u6d25\\u5e02\",\"city\":\"\\u5e02\\u8f96\\u533a\",\"district\":\"\\u548c\\u5e73\\u533a\",\"address\":\"\\u9605\\u6c5f\\u897f\\u8def222\\u53f7\\u5e7f\\u5dde\\u5854\",\"zip\":0,\"name\":\"\\u9753\\u4ed4\\u54c8\",\"phone\":\"13564568789\",\"last_used_time\":1576167794,\"create_time\":\"1970-01-01 08:32:50\",\"update_time\":\"2019-12-13 00:23:14\"}',0.05,'',NULL,NULL,NULL,'pending',NULL,1,'pending',NULL,NULL,1576167794,1576169596,0,0),(79,'20191213003834124186',3,'{\"id\":2,\"user_id\":3,\"province\":\"\\u5929\\u6d25\\u5e02\",\"city\":\"\\u5e02\\u8f96\\u533a\",\"district\":\"\\u548c\\u5e73\\u533a\",\"address\":\"\\u9605\\u6c5f\\u897f\\u8def222\\u53f7\\u5e7f\\u5dde\\u5854\",\"zip\":0,\"name\":\"\\u9753\\u4ed4\\u54c8\",\"phone\":\"13564568789\",\"last_used_time\":1576168714,\"create_time\":\"1970-01-01 08:32:50\",\"update_time\":\"2019-12-13 00:38:34\"}',0.05,'',1576168722,'alipay','2019121322001423140543146878','applied',NULL,0,'pending',NULL,'{\"refund_reason\":\"\\u4e0d\\u8981\\u4e86\\uff0c\\u9000\\u4e86\"}',1576168714,1577621833,0,0),(80,'20191213004150568237',3,'{\"id\":2,\"user_id\":3,\"province\":\"\\u5929\\u6d25\\u5e02\",\"city\":\"\\u5e02\\u8f96\\u533a\",\"district\":\"\\u548c\\u5e73\\u533a\",\"address\":\"\\u9605\\u6c5f\\u897f\\u8def222\\u53f7\\u5e7f\\u5dde\\u5854\",\"zip\":0,\"name\":\"\\u9753\\u4ed4\\u54c8\",\"phone\":\"13564568789\",\"last_used_time\":1576168910,\"create_time\":\"1970-01-01 08:32:50\",\"update_time\":\"2019-12-13 00:41:50\"}',0.01,'',1576168917,'alipay','2019121322001423140545058554','pending',NULL,0,'pending',NULL,NULL,1576168910,1576168917,0,0),(81,'20191213005218027089',3,'{\"id\":2,\"user_id\":3,\"province\":\"\\u5929\\u6d25\\u5e02\",\"city\":\"\\u5e02\\u8f96\\u533a\",\"district\":\"\\u548c\\u5e73\\u533a\",\"address\":\"\\u9605\\u6c5f\\u897f\\u8def222\\u53f7\\u5e7f\\u5dde\\u5854\",\"zip\":0,\"name\":\"\\u9753\\u4ed4\\u54c8\",\"phone\":\"13564568789\",\"last_used_time\":1576169538,\"create_time\":\"1970-01-01 08:32:50\",\"update_time\":\"2019-12-13 00:52:18\"}',0.05,'',NULL,NULL,NULL,'pending',NULL,1,'pending',NULL,NULL,1576169538,1576171339,0,0),(82,'20191213005442319739',3,'{\"id\":2,\"user_id\":3,\"province\":\"\\u5929\\u6d25\\u5e02\",\"city\":\"\\u5e02\\u8f96\\u533a\",\"district\":\"\\u548c\\u5e73\\u533a\",\"address\":\"\\u9605\\u6c5f\\u897f\\u8def222\\u53f7\\u5e7f\\u5dde\\u5854\",\"zip\":0,\"name\":\"\\u9753\\u4ed4\\u54c8\",\"phone\":\"13564568789\",\"last_used_time\":1576169682,\"create_time\":\"1970-01-01 08:32:50\",\"update_time\":\"2019-12-13 00:54:42\"}',0.05,'',NULL,NULL,NULL,'pending',NULL,1,'pending',NULL,NULL,1576169682,1576171483,0,0),(83,'20191213005718100427',3,'{\"id\":2,\"user_id\":3,\"province\":\"\\u5929\\u6d25\\u5e02\",\"city\":\"\\u5e02\\u8f96\\u533a\",\"district\":\"\\u548c\\u5e73\\u533a\",\"address\":\"\\u9605\\u6c5f\\u897f\\u8def222\\u53f7\\u5e7f\\u5dde\\u5854\",\"zip\":0,\"name\":\"\\u9753\\u4ed4\\u54c8\",\"phone\":\"13564568789\",\"last_used_time\":1576169838,\"create_time\":\"1970-01-01 08:32:50\",\"update_time\":\"2019-12-13 00:57:18\"}',0.05,'',NULL,NULL,NULL,'pending',NULL,1,'pending',NULL,NULL,1576169838,1576171639,0,0),(84,'20191213005902496006',3,'{\"id\":2,\"user_id\":3,\"province\":\"\\u5929\\u6d25\\u5e02\",\"city\":\"\\u5e02\\u8f96\\u533a\",\"district\":\"\\u548c\\u5e73\\u533a\",\"address\":\"\\u9605\\u6c5f\\u897f\\u8def222\\u53f7\\u5e7f\\u5dde\\u5854\",\"zip\":0,\"name\":\"\\u9753\\u4ed4\\u54c8\",\"phone\":\"13564568789\",\"last_used_time\":1576169942,\"create_time\":\"1970-01-01 08:32:50\",\"update_time\":\"2019-12-13 00:59:02\"}',0.01,'',NULL,NULL,NULL,'pending',NULL,1,'pending',NULL,NULL,1576169942,1576171744,0,0),(85,'20191213010153741171',3,'{\"id\":2,\"user_id\":3,\"province\":\"\\u5929\\u6d25\\u5e02\",\"city\":\"\\u5e02\\u8f96\\u533a\",\"district\":\"\\u548c\\u5e73\\u533a\",\"address\":\"\\u9605\\u6c5f\\u897f\\u8def222\\u53f7\\u5e7f\\u5dde\\u5854\",\"zip\":0,\"name\":\"\\u9753\\u4ed4\\u54c8\",\"phone\":\"13564568789\",\"last_used_time\":1576170113,\"create_time\":\"1970-01-01 08:32:50\",\"update_time\":\"2019-12-13 01:01:53\"}',0.05,'',1576170123,'alipay','2019121322001423140543706569','pending',NULL,0,'pending',NULL,NULL,1576170113,1576170123,0,0),(86,'20191213010314795084',3,'{\"id\":2,\"user_id\":3,\"province\":\"\\u5929\\u6d25\\u5e02\",\"city\":\"\\u5e02\\u8f96\\u533a\",\"district\":\"\\u548c\\u5e73\\u533a\",\"address\":\"\\u9605\\u6c5f\\u897f\\u8def222\\u53f7\\u5e7f\\u5dde\\u5854\",\"zip\":0,\"name\":\"\\u9753\\u4ed4\\u54c8\",\"phone\":\"13564568789\",\"last_used_time\":1576170194,\"create_time\":\"1970-01-01 08:32:50\",\"update_time\":\"2019-12-13 01:03:14\"}',0.01,'',NULL,NULL,NULL,'pending',NULL,1,'pending',NULL,NULL,1576170194,1576171994,0,0),(87,'20191213011150307918',3,'{\"id\":2,\"user_id\":3,\"province\":\"\\u5929\\u6d25\\u5e02\",\"city\":\"\\u5e02\\u8f96\\u533a\",\"district\":\"\\u548c\\u5e73\\u533a\",\"address\":\"\\u9605\\u6c5f\\u897f\\u8def222\\u53f7\\u5e7f\\u5dde\\u5854\",\"zip\":0,\"name\":\"\\u9753\\u4ed4\\u54c8\",\"phone\":\"13564568789\",\"last_used_time\":1576170710,\"create_time\":\"1970-01-01 08:32:50\",\"update_time\":\"2019-12-13 01:11:50\"}',0.07,'',NULL,NULL,NULL,'pending',NULL,1,'pending',NULL,NULL,1576170710,1576172510,0,0),(88,'20191213012308087618',3,'{\"id\":2,\"user_id\":3,\"province\":\"\\u5929\\u6d25\\u5e02\",\"city\":\"\\u5e02\\u8f96\\u533a\",\"district\":\"\\u548c\\u5e73\\u533a\",\"address\":\"\\u9605\\u6c5f\\u897f\\u8def222\\u53f7\\u5e7f\\u5dde\\u5854\",\"zip\":0,\"name\":\"\\u9753\\u4ed4\\u54c8\",\"phone\":\"13564568789\",\"last_used_time\":1576171388,\"create_time\":\"1970-01-01 08:32:50\",\"update_time\":\"2019-12-13 01:23:08\"}',0.05,'',NULL,NULL,NULL,'pending',NULL,1,'pending',NULL,NULL,1576171388,1576173188,0,0),(89,'20191213012457055199',3,'{\"id\":2,\"user_id\":3,\"province\":\"\\u5929\\u6d25\\u5e02\",\"city\":\"\\u5e02\\u8f96\\u533a\",\"district\":\"\\u548c\\u5e73\\u533a\",\"address\":\"\\u9605\\u6c5f\\u897f\\u8def222\\u53f7\\u5e7f\\u5dde\\u5854\",\"zip\":0,\"name\":\"\\u9753\\u4ed4\\u54c8\",\"phone\":\"13564568789\",\"last_used_time\":1576171497,\"create_time\":\"1970-01-01 08:32:50\",\"update_time\":\"2019-12-13 01:24:57\"}',0.01,'',NULL,NULL,NULL,'pending',NULL,1,'pending',NULL,NULL,1576171497,1576173299,0,0),(90,'20191213014321343725',3,'{\"id\":2,\"user_id\":3,\"province\":\"\\u5929\\u6d25\\u5e02\",\"city\":\"\\u5e02\\u8f96\\u533a\",\"district\":\"\\u548c\\u5e73\\u533a\",\"address\":\"\\u9605\\u6c5f\\u897f\\u8def222\\u53f7\\u5e7f\\u5dde\\u5854\",\"zip\":0,\"name\":\"\\u9753\\u4ed4\\u54c8\",\"phone\":\"13564568789\",\"last_used_time\":1576172601,\"create_time\":\"1970-01-01 08:32:50\",\"update_time\":\"2019-12-13 01:43:21\"}',0.05,'',NULL,NULL,NULL,'pending',NULL,1,'pending',NULL,NULL,1576172601,1576174403,0,0),(91,'20191213015016424365',3,'{\"id\":2,\"user_id\":3,\"province\":\"\\u5929\\u6d25\\u5e02\",\"city\":\"\\u5e02\\u8f96\\u533a\",\"district\":\"\\u548c\\u5e73\\u533a\",\"address\":\"\\u9605\\u6c5f\\u897f\\u8def222\\u53f7\\u5e7f\\u5dde\\u5854\",\"zip\":0,\"name\":\"\\u9753\\u4ed4\\u54c8\",\"phone\":\"13564568789\",\"last_used_time\":1576173016,\"create_time\":\"1970-01-01 08:32:50\",\"update_time\":\"2019-12-13 01:50:16\"}',0.01,'',NULL,NULL,NULL,'pending',NULL,1,'pending',NULL,NULL,1576173016,1576174817,0,0),(92,'20191213015558665827',3,'{\"id\":2,\"user_id\":3,\"province\":\"\\u5929\\u6d25\\u5e02\",\"city\":\"\\u5e02\\u8f96\\u533a\",\"district\":\"\\u548c\\u5e73\\u533a\",\"address\":\"\\u9605\\u6c5f\\u897f\\u8def222\\u53f7\\u5e7f\\u5dde\\u5854\",\"zip\":0,\"name\":\"\\u9753\\u4ed4\\u54c8\",\"phone\":\"13564568789\",\"last_used_time\":1576173358,\"create_time\":\"1970-01-01 08:32:50\",\"update_time\":\"2019-12-13 01:55:58\"}',0.01,'',NULL,NULL,NULL,'pending',NULL,1,'pending',NULL,NULL,1576173358,1576175160,0,0),(93,'20191213015633017611',3,'{\"id\":2,\"user_id\":3,\"province\":\"\\u5929\\u6d25\\u5e02\",\"city\":\"\\u5e02\\u8f96\\u533a\",\"district\":\"\\u548c\\u5e73\\u533a\",\"address\":\"\\u9605\\u6c5f\\u897f\\u8def222\\u53f7\\u5e7f\\u5dde\\u5854\",\"zip\":0,\"name\":\"\\u9753\\u4ed4\\u54c8\",\"phone\":\"13564568789\",\"last_used_time\":1576173393,\"create_time\":\"1970-01-01 08:32:50\",\"update_time\":\"2019-12-13 01:56:33\"}',0.01,'',NULL,NULL,NULL,'pending',NULL,1,'pending',NULL,NULL,1576173393,1576175193,0,0),(94,'20191213020028672153',3,'{\"id\":2,\"user_id\":3,\"province\":\"\\u5929\\u6d25\\u5e02\",\"city\":\"\\u5e02\\u8f96\\u533a\",\"district\":\"\\u548c\\u5e73\\u533a\",\"address\":\"\\u9605\\u6c5f\\u897f\\u8def222\\u53f7\\u5e7f\\u5dde\\u5854\",\"zip\":0,\"name\":\"\\u9753\\u4ed4\\u54c8\",\"phone\":\"13564568789\",\"last_used_time\":1576173628,\"create_time\":\"1970-01-01 08:32:50\",\"update_time\":\"2019-12-13 02:00:28\"}',0.01,'',NULL,NULL,NULL,'pending',NULL,1,'pending',NULL,NULL,1576173628,1576175430,0,0),(95,'20191213020408865162',3,'{\"id\":2,\"user_id\":3,\"province\":\"\\u5929\\u6d25\\u5e02\",\"city\":\"\\u5e02\\u8f96\\u533a\",\"district\":\"\\u548c\\u5e73\\u533a\",\"address\":\"\\u9605\\u6c5f\\u897f\\u8def222\\u53f7\\u5e7f\\u5dde\\u5854\",\"zip\":0,\"name\":\"\\u9753\\u4ed4\\u54c8\",\"phone\":\"13564568789\",\"last_used_time\":1576173848,\"create_time\":\"1970-01-01 08:32:50\",\"update_time\":\"2019-12-13 02:04:08\"}',0.01,'',1576173868,'alipay','2019121322001423140543286854','pending',NULL,0,'pending',NULL,NULL,1576173848,1576173868,0,0),(96,'20191213021013269609',3,'{\"id\":2,\"user_id\":3,\"province\":\"\\u5929\\u6d25\\u5e02\",\"city\":\"\\u5e02\\u8f96\\u533a\",\"district\":\"\\u548c\\u5e73\\u533a\",\"address\":\"\\u9605\\u6c5f\\u897f\\u8def222\\u53f7\\u5e7f\\u5dde\\u5854\",\"zip\":0,\"name\":\"\\u9753\\u4ed4\\u54c8\",\"phone\":\"13564568789\",\"last_used_time\":1576174213,\"create_time\":\"1970-01-01 08:32:50\",\"update_time\":\"2019-12-13 02:10:13\"}',0.05,'',NULL,NULL,NULL,'pending',NULL,1,'pending',NULL,NULL,1576174213,1576176015,0,0),(97,'20191213021556096369',3,'{\"id\":2,\"user_id\":3,\"province\":\"\\u5929\\u6d25\\u5e02\",\"city\":\"\\u5e02\\u8f96\\u533a\",\"district\":\"\\u548c\\u5e73\\u533a\",\"address\":\"\\u9605\\u6c5f\\u897f\\u8def222\\u53f7\\u5e7f\\u5dde\\u5854\",\"zip\":0,\"name\":\"\\u9753\\u4ed4\\u54c8\",\"phone\":\"13564568789\",\"last_used_time\":1576174556,\"create_time\":\"1970-01-01 08:32:50\",\"update_time\":\"2019-12-13 02:15:56\"}',0.01,'',NULL,NULL,NULL,'pending',NULL,1,'pending',NULL,NULL,1576174556,1576176357,0,0),(98,'20191213022229492752',3,'{\"id\":2,\"user_id\":3,\"province\":\"\\u5929\\u6d25\\u5e02\",\"city\":\"\\u5e02\\u8f96\\u533a\",\"district\":\"\\u548c\\u5e73\\u533a\",\"address\":\"\\u9605\\u6c5f\\u897f\\u8def222\\u53f7\\u5e7f\\u5dde\\u5854\",\"zip\":0,\"name\":\"\\u9753\\u4ed4\\u54c8\",\"phone\":\"13564568789\",\"last_used_time\":1576174949,\"create_time\":\"1970-01-01 08:32:50\",\"update_time\":\"2019-12-13 02:22:29\"}',0.01,'',NULL,NULL,NULL,'pending',NULL,1,'pending',NULL,NULL,1576174949,1576176750,0,0),(99,'20191213022345031509',3,'{\"id\":2,\"user_id\":3,\"province\":\"\\u5929\\u6d25\\u5e02\",\"city\":\"\\u5e02\\u8f96\\u533a\",\"district\":\"\\u548c\\u5e73\\u533a\",\"address\":\"\\u9605\\u6c5f\\u897f\\u8def222\\u53f7\\u5e7f\\u5dde\\u5854\",\"zip\":0,\"name\":\"\\u9753\\u4ed4\\u54c8\",\"phone\":\"13564568789\",\"last_used_time\":1576175025,\"create_time\":\"1970-01-01 08:32:50\",\"update_time\":\"2019-12-13 02:23:45\"}',0.05,'',NULL,NULL,NULL,'pending',NULL,1,'pending',NULL,NULL,1576175025,1576176825,0,0),(100,'20191213023049118931',3,'{\"id\":2,\"user_id\":3,\"province\":\"\\u5929\\u6d25\\u5e02\",\"city\":\"\\u5e02\\u8f96\\u533a\",\"district\":\"\\u548c\\u5e73\\u533a\",\"address\":\"\\u9605\\u6c5f\\u897f\\u8def222\\u53f7\\u5e7f\\u5dde\\u5854\",\"zip\":0,\"name\":\"\\u9753\\u4ed4\\u54c8\",\"phone\":\"13564568789\",\"last_used_time\":1576175449,\"create_time\":\"1970-01-01 08:32:50\",\"update_time\":\"2019-12-13 02:30:49\"}',0.01,'',NULL,NULL,NULL,'pending',NULL,1,'pending',NULL,NULL,1576175449,1576177251,0,0),(101,'20191213125414726695',3,'{\"id\":2,\"user_id\":3,\"province\":\"\\u5929\\u6d25\\u5e02\",\"city\":\"\\u5e02\\u8f96\\u533a\",\"district\":\"\\u548c\\u5e73\\u533a\",\"address\":\"\\u9605\\u6c5f\\u897f\\u8def222\\u53f7\\u5e7f\\u5dde\\u5854\",\"zip\":0,\"name\":\"\\u9753\\u4ed4\\u54c8\",\"phone\":\"13564568789\",\"last_used_time\":1576212854,\"create_time\":\"1970-01-01 08:32:50\",\"update_time\":\"2019-12-13 12:54:14\"}',0.05,'',NULL,NULL,NULL,'pending',NULL,1,'pending',NULL,NULL,1576212854,1576214655,0,0),(102,'20191213160151042447',3,'{\"id\":2,\"user_id\":3,\"province\":\"\\u5929\\u6d25\\u5e02\",\"city\":\"\\u5e02\\u8f96\\u533a\",\"district\":\"\\u548c\\u5e73\\u533a\",\"address\":\"\\u9605\\u6c5f\\u897f\\u8def222\\u53f7\\u5e7f\\u5dde\\u5854\",\"zip\":0,\"name\":\"\\u9753\\u4ed4\\u54c8\",\"phone\":\"13564568789\",\"last_used_time\":1576224111,\"create_time\":\"1970-01-01 08:32:50\",\"update_time\":\"2019-12-13 16:01:51\"}',0.01,'',NULL,NULL,NULL,'pending',NULL,1,'pending',NULL,NULL,1576224111,1576225912,0,0),(103,'20191213160746356562',3,'{\"id\":2,\"user_id\":3,\"province\":\"\\u5929\\u6d25\\u5e02\",\"city\":\"\\u5e02\\u8f96\\u533a\",\"district\":\"\\u548c\\u5e73\\u533a\",\"address\":\"\\u9605\\u6c5f\\u897f\\u8def222\\u53f7\\u5e7f\\u5dde\\u5854\",\"zip\":0,\"name\":\"\\u9753\\u4ed4\\u54c8\",\"phone\":\"13564568789\",\"last_used_time\":1576224466,\"create_time\":\"1970-01-01 08:32:50\",\"update_time\":\"2019-12-13 16:07:46\"}',0.07,'',NULL,NULL,NULL,'pending',NULL,1,'pending',NULL,NULL,1576224466,1576226266,0,0),(104,'20191213160901322292',3,'{\"id\":2,\"user_id\":3,\"province\":\"\\u5929\\u6d25\\u5e02\",\"city\":\"\\u5e02\\u8f96\\u533a\",\"district\":\"\\u548c\\u5e73\\u533a\",\"address\":\"\\u9605\\u6c5f\\u897f\\u8def222\\u53f7\\u5e7f\\u5dde\\u5854\",\"zip\":0,\"name\":\"\\u9753\\u4ed4\\u54c8\",\"phone\":\"13564568789\",\"last_used_time\":1576224541,\"create_time\":\"1970-01-01 08:32:50\",\"update_time\":\"2019-12-13 16:09:01\"}',0.01,'',NULL,NULL,NULL,'pending',NULL,1,'pending',NULL,NULL,1576224541,1576226341,0,0),(105,'20191213161835363879',3,'{\"id\":2,\"user_id\":3,\"province\":\"\\u5929\\u6d25\\u5e02\",\"city\":\"\\u5e02\\u8f96\\u533a\",\"district\":\"\\u548c\\u5e73\\u533a\",\"address\":\"\\u9605\\u6c5f\\u897f\\u8def222\\u53f7\\u5e7f\\u5dde\\u5854\",\"zip\":0,\"name\":\"\\u9753\\u4ed4\\u54c8\",\"phone\":\"13564568789\",\"last_used_time\":1576225115,\"create_time\":\"1970-01-01 08:32:50\",\"update_time\":\"2019-12-13 16:18:35\"}',0.02,'',NULL,NULL,NULL,'pending',NULL,1,'pending',NULL,NULL,1576225115,1576226917,0,0),(106,'20191213162625392269',3,'{\"id\":2,\"user_id\":3,\"province\":\"\\u5929\\u6d25\\u5e02\",\"city\":\"\\u5e02\\u8f96\\u533a\",\"district\":\"\\u548c\\u5e73\\u533a\",\"address\":\"\\u9605\\u6c5f\\u897f\\u8def222\\u53f7\\u5e7f\\u5dde\\u5854\",\"zip\":0,\"name\":\"\\u9753\\u4ed4\\u54c8\",\"phone\":\"13564568789\",\"last_used_time\":1576225585,\"create_time\":\"1970-01-01 08:32:50\",\"update_time\":\"2019-12-13 16:26:25\"}',0.02,'',NULL,NULL,NULL,'pending',NULL,1,'pending',NULL,NULL,1576225585,1576227385,0,0),(107,'20191213162705161527',3,'{\"id\":2,\"user_id\":3,\"province\":\"\\u5929\\u6d25\\u5e02\",\"city\":\"\\u5e02\\u8f96\\u533a\",\"district\":\"\\u548c\\u5e73\\u533a\",\"address\":\"\\u9605\\u6c5f\\u897f\\u8def222\\u53f7\\u5e7f\\u5dde\\u5854\",\"zip\":0,\"name\":\"\\u9753\\u4ed4\\u54c8\",\"phone\":\"13564568789\",\"last_used_time\":1576225625,\"create_time\":\"1970-01-01 08:32:50\",\"update_time\":\"2019-12-13 16:27:05\"}',0.01,'',NULL,NULL,NULL,'pending',NULL,1,'pending',NULL,NULL,1576225625,1576227427,0,0),(108,'20191213162847208662',3,'{\"id\":2,\"user_id\":3,\"province\":\"\\u5929\\u6d25\\u5e02\",\"city\":\"\\u5e02\\u8f96\\u533a\",\"district\":\"\\u548c\\u5e73\\u533a\",\"address\":\"\\u9605\\u6c5f\\u897f\\u8def222\\u53f7\\u5e7f\\u5dde\\u5854\",\"zip\":0,\"name\":\"\\u9753\\u4ed4\\u54c8\",\"phone\":\"13564568789\",\"last_used_time\":1576225727,\"create_time\":\"1970-01-01 08:32:50\",\"update_time\":\"2019-12-13 16:28:47\"}',0.01,'',NULL,NULL,NULL,'pending',NULL,1,'pending',NULL,NULL,1576225727,1576227529,0,0),(109,'20191214021506032900',3,'{\"id\":2,\"user_id\":3,\"province\":\"\\u5929\\u6d25\\u5e02\",\"city\":\"\\u5e02\\u8f96\\u533a\",\"district\":\"\\u548c\\u5e73\\u533a\",\"address\":\"\\u9605\\u6c5f\\u897f\\u8def222\\u53f7\\u5e7f\\u5dde\\u5854\",\"zip\":0,\"name\":\"\\u9753\\u4ed4\\u54c8\",\"phone\":\"13564568789\",\"last_used_time\":1576260906,\"create_time\":\"1970-01-01 08:32:50\",\"update_time\":\"2019-12-14 02:15:06\"}',0.20,'',NULL,NULL,NULL,'pending',NULL,1,'pending',NULL,NULL,1576260906,1576262707,0,0),(110,'20191214021644761054',3,'{\"id\":2,\"user_id\":3,\"province\":\"\\u5929\\u6d25\\u5e02\",\"city\":\"\\u5e02\\u8f96\\u533a\",\"district\":\"\\u548c\\u5e73\\u533a\",\"address\":\"\\u9605\\u6c5f\\u897f\\u8def222\\u53f7\\u5e7f\\u5dde\\u5854\",\"zip\":0,\"name\":\"\\u9753\\u4ed4\\u54c8\",\"phone\":\"13564568789\",\"last_used_time\":1576261004,\"create_time\":\"1970-01-01 08:32:50\",\"update_time\":\"2019-12-14 02:16:44\"}',0.01,'',1576261012,'alipay','2019121422001423140546478959','pending',NULL,0,'pending',NULL,NULL,1576261004,1576261012,0,0),(111,'20191214022103816966',3,'{\"id\":2,\"user_id\":3,\"province\":\"\\u5929\\u6d25\\u5e02\",\"city\":\"\\u5e02\\u8f96\\u533a\",\"district\":\"\\u548c\\u5e73\\u533a\",\"address\":\"\\u9605\\u6c5f\\u897f\\u8def222\\u53f7\\u5e7f\\u5dde\\u5854\",\"zip\":0,\"name\":\"\\u9753\\u4ed4\\u54c8\",\"phone\":\"13564568789\",\"last_used_time\":1576261263,\"create_time\":\"1970-01-01 08:32:50\",\"update_time\":\"2019-12-14 02:21:03\"}',30.00,'',NULL,NULL,NULL,'pending',NULL,1,'pending',NULL,NULL,1576261263,1576263064,0,0),(112,'20191214022134378563',3,'{\"id\":2,\"user_id\":3,\"province\":\"\\u5929\\u6d25\\u5e02\",\"city\":\"\\u5e02\\u8f96\\u533a\",\"district\":\"\\u548c\\u5e73\\u533a\",\"address\":\"\\u9605\\u6c5f\\u897f\\u8def222\\u53f7\\u5e7f\\u5dde\\u5854\",\"zip\":0,\"name\":\"\\u9753\\u4ed4\\u54c8\",\"phone\":\"13564568789\",\"last_used_time\":1576261294,\"create_time\":\"1970-01-01 08:32:50\",\"update_time\":\"2019-12-14 02:21:34\"}',0.01,'',NULL,NULL,NULL,'pending',NULL,1,'pending',NULL,NULL,1576261294,1576263094,0,0),(113,'20191214022220540058',3,'{\"id\":2,\"user_id\":3,\"province\":\"\\u5929\\u6d25\\u5e02\",\"city\":\"\\u5e02\\u8f96\\u533a\",\"district\":\"\\u548c\\u5e73\\u533a\",\"address\":\"\\u9605\\u6c5f\\u897f\\u8def222\\u53f7\\u5e7f\\u5dde\\u5854\",\"zip\":0,\"name\":\"\\u9753\\u4ed4\\u54c8\",\"phone\":\"13564568789\",\"last_used_time\":1576261340,\"create_time\":\"1970-01-01 08:32:50\",\"update_time\":\"2019-12-14 02:22:20\"}',0.01,'',NULL,NULL,NULL,'pending',NULL,1,'pending',NULL,NULL,1576261340,1576263142,0,0),(114,'20191214022817332428',3,'{\"id\":2,\"user_id\":3,\"province\":\"\\u5929\\u6d25\\u5e02\",\"city\":\"\\u5e02\\u8f96\\u533a\",\"district\":\"\\u548c\\u5e73\\u533a\",\"address\":\"\\u9605\\u6c5f\\u897f\\u8def222\\u53f7\\u5e7f\\u5dde\\u5854\",\"zip\":0,\"name\":\"\\u9753\\u4ed4\\u54c8\",\"phone\":\"13564568789\",\"last_used_time\":1576261697,\"create_time\":\"1970-01-01 08:32:50\",\"update_time\":\"2019-12-14 02:28:17\"}',0.05,'',NULL,NULL,NULL,'pending',NULL,1,'pending',NULL,NULL,1576261697,1576263499,0,0),(115,'20191214023004406708',3,'{\"id\":2,\"user_id\":3,\"province\":\"\\u5929\\u6d25\\u5e02\",\"city\":\"\\u5e02\\u8f96\\u533a\",\"district\":\"\\u548c\\u5e73\\u533a\",\"address\":\"\\u9605\\u6c5f\\u897f\\u8def222\\u53f7\\u5e7f\\u5dde\\u5854\",\"zip\":0,\"name\":\"\\u9753\\u4ed4\\u54c8\",\"phone\":\"13564568789\",\"last_used_time\":1576261804,\"create_time\":\"1970-01-01 08:32:50\",\"update_time\":\"2019-12-14 02:30:04\"}',0.05,'',NULL,NULL,NULL,'pending',NULL,1,'pending',NULL,NULL,1576261804,1576263604,0,0),(116,'20191214023207899281',3,'{\"id\":2,\"user_id\":3,\"province\":\"\\u5929\\u6d25\\u5e02\",\"city\":\"\\u5e02\\u8f96\\u533a\",\"district\":\"\\u548c\\u5e73\\u533a\",\"address\":\"\\u9605\\u6c5f\\u897f\\u8def222\\u53f7\\u5e7f\\u5dde\\u5854\",\"zip\":0,\"name\":\"\\u9753\\u4ed4\\u54c8\",\"phone\":\"13564568789\",\"last_used_time\":1576261927,\"create_time\":\"1970-01-01 08:32:50\",\"update_time\":\"2019-12-14 02:32:07\"}',0.05,'',NULL,NULL,NULL,'pending',NULL,1,'pending',NULL,NULL,1576261927,1576263727,0,0),(117,'20191214162918969246',3,'{\"id\":2,\"user_id\":3,\"province\":\"\\u5929\\u6d25\\u5e02\",\"city\":\"\\u5e02\\u8f96\\u533a\",\"district\":\"\\u548c\\u5e73\\u533a\",\"address\":\"\\u9605\\u6c5f\\u897f\\u8def222\\u53f7\\u5e7f\\u5dde\\u5854\",\"zip\":0,\"name\":\"\\u9753\\u4ed4\\u54c8\",\"phone\":\"13564568789\",\"last_used_time\":1576312158,\"create_time\":\"1970-01-01 08:32:50\",\"update_time\":\"2019-12-14 16:29:18\"}',0.05,'',NULL,NULL,NULL,'pending',NULL,1,'pending',NULL,NULL,1576312158,1576313960,0,0),(118,'20191214164345697797',3,'{\"id\":2,\"user_id\":3,\"province\":\"\\u5929\\u6d25\\u5e02\",\"city\":\"\\u5e02\\u8f96\\u533a\",\"district\":\"\\u548c\\u5e73\\u533a\",\"address\":\"\\u9605\\u6c5f\\u897f\\u8def222\\u53f7\\u5e7f\\u5dde\\u5854\",\"zip\":0,\"name\":\"\\u9753\\u4ed4\\u54c8\",\"phone\":\"13564568789\",\"last_used_time\":1576313025,\"create_time\":\"1970-01-01 08:32:50\",\"update_time\":\"2019-12-14 16:43:45\"}',0.05,'',NULL,NULL,NULL,'pending',NULL,1,'pending',NULL,NULL,1576313025,1576314827,0,0),(119,'20191214164520892937',3,'{\"id\":2,\"user_id\":3,\"province\":\"\\u5929\\u6d25\\u5e02\",\"city\":\"\\u5e02\\u8f96\\u533a\",\"district\":\"\\u548c\\u5e73\\u533a\",\"address\":\"\\u9605\\u6c5f\\u897f\\u8def222\\u53f7\\u5e7f\\u5dde\\u5854\",\"zip\":0,\"name\":\"\\u9753\\u4ed4\\u54c8\",\"phone\":\"13564568789\",\"last_used_time\":1576313120,\"create_time\":\"1970-01-01 08:32:50\",\"update_time\":\"2019-12-14 16:45:20\"}',0.03,'',1576313134,'alipay','2019121422001423140548939791','pending',NULL,0,'pending',NULL,NULL,1576313120,1576313134,0,9),(120,'20191214164843658450',3,'{\"id\":2,\"user_id\":3,\"province\":\"\\u5929\\u6d25\\u5e02\",\"city\":\"\\u5e02\\u8f96\\u533a\",\"district\":\"\\u548c\\u5e73\\u533a\",\"address\":\"\\u9605\\u6c5f\\u897f\\u8def222\\u53f7\\u5e7f\\u5dde\\u5854\",\"zip\":0,\"name\":\"\\u9753\\u4ed4\\u54c8\",\"phone\":\"13564568789\",\"last_used_time\":1576313323,\"create_time\":\"1970-01-01 08:32:50\",\"update_time\":\"2019-12-14 16:48:43\"}',0.01,'',NULL,NULL,NULL,'pending',NULL,1,'pending',NULL,NULL,1576313323,1576315124,0,0),(124,'20191214165943467042',3,'{\"id\":2,\"user_id\":3,\"province\":\"\\u5929\\u6d25\\u5e02\",\"city\":\"\\u5e02\\u8f96\\u533a\",\"district\":\"\\u548c\\u5e73\\u533a\",\"address\":\"\\u9605\\u6c5f\\u897f\\u8def222\\u53f7\\u5e7f\\u5dde\\u5854\",\"zip\":0,\"name\":\"\\u9753\\u4ed4\\u54c8\",\"phone\":\"13564568789\",\"last_used_time\":1576313983,\"create_time\":\"1970-01-01 08:32:50\",\"update_time\":\"2019-12-14 16:59:43\"}',0.50,'',NULL,NULL,NULL,'pending',NULL,1,'pending',NULL,NULL,1576313983,1576315784,0,0),(125,'20191214165957322059',3,'{\"id\":2,\"user_id\":3,\"province\":\"\\u5929\\u6d25\\u5e02\",\"city\":\"\\u5e02\\u8f96\\u533a\",\"district\":\"\\u548c\\u5e73\\u533a\",\"address\":\"\\u9605\\u6c5f\\u897f\\u8def222\\u53f7\\u5e7f\\u5dde\\u5854\",\"zip\":0,\"name\":\"\\u9753\\u4ed4\\u54c8\",\"phone\":\"13564568789\",\"last_used_time\":1576313997,\"create_time\":\"1970-01-01 08:32:50\",\"update_time\":\"2019-12-14 16:59:57\"}',0.25,'',1576314004,'alipay','2019121422001423140546692408','pending',NULL,0,'pending',NULL,NULL,1576313997,1576314004,0,10),(126,'20191214210221451447',3,'{\"id\":2,\"user_id\":3,\"province\":\"\\u5929\\u6d25\\u5e02\",\"city\":\"\\u5e02\\u8f96\\u533a\",\"district\":\"\\u548c\\u5e73\\u533a\",\"address\":\"\\u9605\\u6c5f\\u897f\\u8def222\\u53f7\\u5e7f\\u5dde\\u5854\",\"zip\":0,\"name\":\"\\u9753\\u4ed4\\u54c8\",\"phone\":\"13564568789\",\"last_used_time\":1576328541,\"create_time\":\"1970-01-01 08:32:50\",\"update_time\":\"2019-12-14 21:02:21\"}',0.01,'',NULL,NULL,NULL,'pending',NULL,1,'pending',NULL,NULL,1576328541,1576330342,0,0),(127,'20191215014428219548',3,'{\"id\":2,\"user_id\":3,\"province\":\"\\u5929\\u6d25\\u5e02\",\"city\":\"\\u5e02\\u8f96\\u533a\",\"district\":\"\\u548c\\u5e73\\u533a\",\"address\":\"\\u9605\\u6c5f\\u897f\\u8def222\\u53f7\\u5e7f\\u5dde\\u5854\",\"zip\":0,\"name\":\"\\u9753\\u4ed4\\u54c8\",\"phone\":\"13564568789\",\"last_used_time\":1576345468,\"create_time\":\"1970-01-01 08:32:50\",\"update_time\":\"2019-12-15 01:44:28\"}',0.01,'',NULL,NULL,NULL,'pending',NULL,1,'pending',NULL,NULL,1576345468,1576347270,0,0),(128,'20191215015858217113',3,'{\"id\":2,\"user_id\":3,\"province\":\"\\u5929\\u6d25\\u5e02\",\"city\":\"\\u5e02\\u8f96\\u533a\",\"district\":\"\\u548c\\u5e73\\u533a\",\"address\":\"\\u9605\\u6c5f\\u897f\\u8def222\\u53f7\\u5e7f\\u5dde\\u5854\",\"zip\":0,\"name\":\"\\u9753\\u4ed4\\u54c8\",\"phone\":\"13564568789\",\"last_used_time\":1576346338,\"create_time\":\"1970-01-01 08:32:50\",\"update_time\":\"2019-12-15 01:58:58\"}',0.07,'',NULL,NULL,NULL,'pending',NULL,1,'pending',NULL,NULL,1576346338,1576348140,0,0),(129,'20191215020815450799',3,'{\"id\":2,\"user_id\":3,\"province\":\"\\u5929\\u6d25\\u5e02\",\"city\":\"\\u5e02\\u8f96\\u533a\",\"district\":\"\\u548c\\u5e73\\u533a\",\"address\":\"\\u9605\\u6c5f\\u897f\\u8def222\\u53f7\\u5e7f\\u5dde\\u5854\",\"zip\":0,\"name\":\"\\u9753\\u4ed4\\u54c8\",\"phone\":\"13564568789\",\"last_used_time\":1576346895,\"create_time\":\"1970-01-01 08:32:50\",\"update_time\":\"2019-12-15 02:08:15\"}',0.50,'',NULL,NULL,NULL,'pending',NULL,1,'pending',NULL,NULL,1576346895,1576348696,0,0),(130,'20191215022159144574',3,'{\"id\":2,\"user_id\":3,\"province\":\"\\u5929\\u6d25\\u5e02\",\"city\":\"\\u5e02\\u8f96\\u533a\",\"district\":\"\\u548c\\u5e73\\u533a\",\"address\":\"\\u9605\\u6c5f\\u897f\\u8def222\\u53f7\\u5e7f\\u5dde\\u5854\",\"zip\":0,\"name\":\"\\u9753\\u4ed4\\u54c8\",\"phone\":\"13564568789\",\"last_used_time\":1576347719,\"create_time\":\"1970-01-01 08:32:50\",\"update_time\":\"2019-12-15 02:21:59\"}',0.01,'',NULL,NULL,NULL,'pending',NULL,1,'pending',NULL,NULL,1576347719,1576349521,0,0),(131,'20191215022555844604',3,'{\"id\":2,\"user_id\":3,\"province\":\"\\u5929\\u6d25\\u5e02\",\"city\":\"\\u5e02\\u8f96\\u533a\",\"district\":\"\\u548c\\u5e73\\u533a\",\"address\":\"\\u9605\\u6c5f\\u897f\\u8def222\\u53f7\\u5e7f\\u5dde\\u5854\",\"zip\":0,\"name\":\"\\u9753\\u4ed4\\u54c8\",\"phone\":\"13564568789\",\"last_used_time\":1576347955,\"create_time\":\"1970-01-01 08:32:50\",\"update_time\":\"2019-12-15 02:25:55\"}',0.01,'',1576347977,'alipay','2019121522001423140549522210','pending',NULL,0,'pending',NULL,NULL,1576347955,1576347977,0,0),(132,'20191216100519957290',3,'{\"id\":2,\"user_id\":3,\"province\":\"\\u5929\\u6d25\\u5e02\",\"city\":\"\\u5e02\\u8f96\\u533a\",\"district\":\"\\u548c\\u5e73\\u533a\",\"address\":\"\\u9605\\u6c5f\\u897f\\u8def222\\u53f7\\u5e7f\\u5dde\\u5854\",\"zip\":0,\"name\":\"\\u9753\\u4ed4\\u54c8\",\"phone\":\"13564568789\",\"last_used_time\":1576461919,\"create_time\":\"1970-01-01 08:32:50\",\"update_time\":\"2019-12-16 10:05:19\"}',0.01,'',NULL,NULL,NULL,'pending',NULL,1,'pending',NULL,NULL,1576461919,1576463722,0,0),(133,'20191216101756321584',3,'{\"id\":2,\"user_id\":3,\"province\":\"\\u5929\\u6d25\\u5e02\",\"city\":\"\\u5e02\\u8f96\\u533a\",\"district\":\"\\u548c\\u5e73\\u533a\",\"address\":\"\\u9605\\u6c5f\\u897f\\u8def222\\u53f7\\u5e7f\\u5dde\\u5854\",\"zip\":0,\"name\":\"\\u9753\\u4ed4\\u54c8\",\"phone\":\"13564568789\",\"last_used_time\":1576462676,\"create_time\":\"1970-01-01 08:32:50\",\"update_time\":\"2019-12-16 10:17:56\"}',0.50,'',NULL,NULL,NULL,'pending',NULL,1,'pending',NULL,NULL,1576462676,1576464478,0,9),(134,'20191216110126512196',3,'{\"id\":3,\"user_id\":3,\"province\":\"\\u5e7f\\u4e1c\\u7701\",\"city\":\"\\u5e7f\\u5dde\\u5e02\",\"district\":\"\\u8354\\u6e7e\\u533a\",\"address\":\"\\u9605\\u6c5f\\u897f\\u8def232\\u53f7\",\"zip\":0,\"name\":\"\\u5e05\\u54e5\\u5c0f\\u7c73\\u624b\\u673affyu\",\"phone\":\"13564568781\",\"last_used_time\":1576465286,\"create_time\":\"1970-01-01 08:32:50\",\"update_time\":\"2019-12-16 11:01:26\"}',0.50,'',NULL,NULL,NULL,'pending',NULL,1,'pending',NULL,NULL,1576465286,1576467086,0,9),(135,'20191217091707277426',3,'{\"id\":35,\"user_id\":3,\"province\":\"\\u6cb3\\u5317\\u7701\",\"city\":\"\\u77f3\\u5bb6\\u5e84\\u5e02\",\"district\":\"\\u957f\\u5b89\\u533a\",\"address\":\"213123213\",\"zip\":231,\"name\":\"\\u4e24\\u682a\\u7ea2\\u989c\",\"phone\":\"13395080821\",\"last_used_time\":1576545427,\"create_time\":\"1970-01-01 08:32:50\",\"update_time\":\"2019-12-17 09:17:07\"}',0.40,'',NULL,NULL,NULL,'pending',NULL,1,'pending',NULL,NULL,1576545427,1576547229,0,0),(136,'20191217101829075932',3,'{\"id\":44,\"user_id\":3,\"province\":\"\\u5317\\u4eac\\u5e02\",\"city\":\"\\u5e02\\u8f96\\u533a\",\"district\":\"\\u897f\\u57ce\\u533a\",\"address\":\"54645\",\"zip\":22233,\"name\":\"sss\",\"phone\":\"15757409856\",\"last_used_time\":1576549109,\"create_time\":\"1970-01-01 08:33:39\",\"update_time\":\"2019-12-17 10:18:29\"}',0.01,'',NULL,NULL,NULL,'pending',NULL,1,'pending',NULL,NULL,1576549109,1576550911,0,0),(137,'20191217103644588828',3,'{\"id\":44,\"user_id\":3,\"province\":\"\\u5317\\u4eac\\u5e02\",\"city\":\"\\u5e02\\u8f96\\u533a\",\"district\":\"\\u897f\\u57ce\\u533a\",\"address\":\"54645\",\"zip\":22233,\"name\":\"sss\",\"phone\":\"15757409856\",\"last_used_time\":1576550204,\"create_time\":\"1970-01-01 08:33:39\",\"update_time\":\"2019-12-17 10:36:44\"}',0.07,'',NULL,NULL,NULL,'pending',NULL,1,'pending',NULL,NULL,1576550204,1576552006,0,0),(138,'20191217104119484085',3,'{\"id\":44,\"user_id\":3,\"province\":\"\\u5317\\u4eac\\u5e02\",\"city\":\"\\u5e02\\u8f96\\u533a\",\"district\":\"\\u897f\\u57ce\\u533a\",\"address\":\"54645\",\"zip\":22233,\"name\":\"sss\",\"phone\":\"15757409856\",\"last_used_time\":1576550479,\"create_time\":\"1970-01-01 08:33:39\",\"update_time\":\"2019-12-17 10:41:19\"}',0.50,'',NULL,NULL,NULL,'pending',NULL,1,'pending',NULL,NULL,1576550479,1576552279,0,0),(139,'20191217104257587342',3,'{\"id\":44,\"user_id\":3,\"province\":\"\\u5317\\u4eac\\u5e02\",\"city\":\"\\u5e02\\u8f96\\u533a\",\"district\":\"\\u897f\\u57ce\\u533a\",\"address\":\"54645\",\"zip\":22233,\"name\":\"sss\",\"phone\":\"15757409856\",\"last_used_time\":1576550577,\"create_time\":\"1970-01-01 08:33:39\",\"update_time\":\"2019-12-17 10:42:57\"}',0.01,'',NULL,NULL,NULL,'pending',NULL,1,'pending',NULL,NULL,1576550577,1576552378,0,0),(140,'20191217135848341142',3,'{\"id\":44,\"user_id\":3,\"province\":\"\\u5317\\u4eac\\u5e02\",\"city\":\"\\u5e02\\u8f96\\u533a\",\"district\":\"\\u897f\\u57ce\\u533a\",\"address\":\"54645\",\"zip\":22233,\"name\":\"sss\",\"phone\":\"15757409856\",\"last_used_time\":1576562328,\"create_time\":\"1970-01-01 08:33:39\",\"update_time\":\"2019-12-17 13:58:48\"}',0.01,'',NULL,NULL,NULL,'pending',NULL,1,'pending',NULL,NULL,1576562328,1576564130,0,0),(141,'20191217140554222360',3,'{\"id\":44,\"user_id\":3,\"province\":\"\\u5317\\u4eac\\u5e02\",\"city\":\"\\u5e02\\u8f96\\u533a\",\"district\":\"\\u897f\\u57ce\\u533a\",\"address\":\"54645\",\"zip\":22233,\"name\":\"sss\",\"phone\":\"15757409856\",\"last_used_time\":1576562754,\"create_time\":\"1970-01-01 08:33:39\",\"update_time\":\"2019-12-17 14:05:54\"}',0.50,'',NULL,NULL,NULL,'pending',NULL,1,'pending',NULL,NULL,1576562754,1576564556,0,0),(142,'20191217141507574621',3,'{\"id\":44,\"user_id\":3,\"province\":\"\\u5317\\u4eac\\u5e02\",\"city\":\"\\u5e02\\u8f96\\u533a\",\"district\":\"\\u897f\\u57ce\\u533a\",\"address\":\"54645\",\"zip\":22233,\"name\":\"sss\",\"phone\":\"15757409856\",\"last_used_time\":1576563307,\"create_time\":\"1970-01-01 08:33:39\",\"update_time\":\"2019-12-17 14:15:07\"}',0.50,'',NULL,NULL,NULL,'pending',NULL,1,'pending',NULL,NULL,1576563307,1576565108,0,0),(143,'20191217142738100096',3,'{\"id\":44,\"user_id\":3,\"province\":\"\\u5317\\u4eac\\u5e02\",\"city\":\"\\u5e02\\u8f96\\u533a\",\"district\":\"\\u897f\\u57ce\\u533a\",\"address\":\"54645\",\"zip\":22233,\"name\":\"sss\",\"phone\":\"15757409856\",\"last_used_time\":1576564058,\"create_time\":\"1970-01-01 08:33:39\",\"update_time\":\"2019-12-17 14:27:38\"}',0.50,'',NULL,NULL,NULL,'pending',NULL,1,'pending',NULL,NULL,1576564058,1576565858,0,0),(144,'20191217143732524061',3,'{\"id\":44,\"user_id\":3,\"province\":\"\\u5317\\u4eac\\u5e02\",\"city\":\"\\u5e02\\u8f96\\u533a\",\"district\":\"\\u897f\\u57ce\\u533a\",\"address\":\"54645\",\"zip\":22233,\"name\":\"sss\",\"phone\":\"15757409856\",\"last_used_time\":1576564652,\"create_time\":\"1970-01-01 08:33:39\",\"update_time\":\"2019-12-17 14:37:32\"}',0.01,'',1576564769,'alipay','2019121722001493930536496613','pending',NULL,0,'pending',NULL,NULL,1576564652,1576564769,0,0),(145,'20191217144305912063',3,'{\"id\":44,\"user_id\":3,\"province\":\"\\u5317\\u4eac\\u5e02\",\"city\":\"\\u5e02\\u8f96\\u533a\",\"district\":\"\\u897f\\u57ce\\u533a\",\"address\":\"54645\",\"zip\":22233,\"name\":\"sss\",\"phone\":\"15757409856\",\"last_used_time\":1576564985,\"create_time\":\"1970-01-01 08:33:39\",\"update_time\":\"2019-12-17 14:43:05\"}',0.01,'',1576565008,'alipay','2019121722001493930535981662','pending',NULL,0,'pending',NULL,NULL,1576564985,1576565008,0,0),(146,'20191217150317509162',3,'{\"id\":44,\"user_id\":3,\"province\":\"\\u5317\\u4eac\\u5e02\",\"city\":\"\\u5e02\\u8f96\\u533a\",\"district\":\"\\u897f\\u57ce\\u533a\",\"address\":\"54645\",\"zip\":22233,\"name\":\"sss\",\"phone\":\"15757409856\",\"last_used_time\":1576566197,\"create_time\":\"1970-01-01 08:33:39\",\"update_time\":\"2019-12-17 15:03:17\"}',0.50,'',NULL,NULL,NULL,'pending',NULL,1,'pending',NULL,NULL,1576566197,1576567998,0,0),(147,'20191217150459500512',3,'{\"id\":44,\"user_id\":3,\"province\":\"\\u5317\\u4eac\\u5e02\",\"city\":\"\\u5e02\\u8f96\\u533a\",\"district\":\"\\u897f\\u57ce\\u533a\",\"address\":\"54645\",\"zip\":22233,\"name\":\"sss\",\"phone\":\"15757409856\",\"last_used_time\":1576566299,\"create_time\":\"1970-01-01 08:33:39\",\"update_time\":\"2019-12-17 15:04:59\"}',0.50,'',NULL,NULL,NULL,'pending',NULL,1,'pending',NULL,NULL,1576566299,1576568100,0,0),(148,'20191217153913889275',3,'{\"id\":44,\"user_id\":3,\"province\":\"\\u5317\\u4eac\\u5e02\",\"city\":\"\\u5e02\\u8f96\\u533a\",\"district\":\"\\u897f\\u57ce\\u533a\",\"address\":\"54645\",\"zip\":22233,\"name\":\"sss\",\"phone\":\"15757409856\",\"last_used_time\":1576568353,\"create_time\":\"1970-01-01 08:33:39\",\"update_time\":\"2019-12-17 15:39:13\"}',0.01,'',1576568366,'alipay','2019121722001493930543090110','applied',NULL,0,'pending',NULL,'{\"refund_reason\":\"\\u54c8\\u54c8\"}',1576568353,1576590511,0,0),(149,'20191217154306201194',3,'{\"id\":44,\"user_id\":3,\"province\":\"\\u5317\\u4eac\\u5e02\",\"city\":\"\\u5e02\\u8f96\\u533a\",\"district\":\"\\u897f\\u57ce\\u533a\",\"address\":\"54645\",\"zip\":22233,\"name\":\"sss\",\"phone\":\"15757409856\",\"last_used_time\":1576568586,\"create_time\":\"1970-01-01 08:33:39\",\"update_time\":\"2019-12-17 15:43:06\"}',0.01,'',1576568599,'alipay','2019121722001493930537544078','applied',NULL,0,'pending',NULL,'{\"refund_reason\":\"\\u9000\\u6b3e\"}',1576568586,1576588031,0,0),(150,'20191217163818619710',3,'{\"id\":44,\"user_id\":3,\"province\":\"\\u5317\\u4eac\\u5e02\",\"city\":\"\\u5e02\\u8f96\\u533a\",\"district\":\"\\u897f\\u57ce\\u533a\",\"address\":\"54645\",\"zip\":22233,\"name\":\"sss\",\"phone\":\"15757409856\",\"last_used_time\":1576571898,\"create_time\":\"1970-01-01 08:33:39\",\"update_time\":\"2019-12-17 16:38:18\"}',0.01,'',1576571938,'alipay','2019121722001423140558879724','success','refund20191217174226190265',0,'pending',NULL,'{\"refund_reason\":\"\\u518d\\u6765\\u4e00\\u6b21\"}',1576571898,1576585494,0,0),(151,'20191217182201569703',3,'{\"id\":44,\"user_id\":3,\"province\":\"\\u5317\\u4eac\\u5e02\",\"city\":\"\\u5e02\\u8f96\\u533a\",\"district\":\"\\u897f\\u57ce\\u533a\",\"address\":\"54645\",\"zip\":22233,\"name\":\"sss\",\"phone\":\"15757409856\",\"last_used_time\":1576578121,\"create_time\":\"1970-01-01 08:33:39\",\"update_time\":\"2019-12-17 18:22:01\"}',0.01,'',NULL,NULL,NULL,'pending',NULL,1,'pending',NULL,NULL,1576578121,1576579921,0,0),(152,'20191217202951273494',3,'{\"id\":44,\"user_id\":3,\"province\":\"\\u5317\\u4eac\\u5e02\",\"city\":\"\\u5e02\\u8f96\\u533a\",\"district\":\"\\u897f\\u57ce\\u533a\",\"address\":\"54645\",\"zip\":22233,\"name\":\"sss\",\"phone\":\"15757409856\",\"last_used_time\":1576585791,\"create_time\":\"1970-01-01 08:33:39\",\"update_time\":\"2019-12-17 20:29:51\"}',0.01,'',1576585799,'alipay','2019121722001423140562410526','pending',NULL,0,'delivered','{\"express_company\":\"韵达快运\",\"express_no\":\"432447792412564\",\"express_time\":1576588942}',NULL,1576585791,1576589551,0,0),(153,'20191217214859755293',3,'{\"id\":44,\"user_id\":3,\"province\":\"\\u5317\\u4eac\\u5e02\",\"city\":\"\\u5e02\\u8f96\\u533a\",\"district\":\"\\u897f\\u57ce\\u533a\",\"address\":\"54645\",\"zip\":22233,\"name\":\"sss\",\"phone\":\"15757409856\",\"last_used_time\":1576590539,\"create_time\":\"1970-01-01 08:33:39\",\"update_time\":\"2019-12-17 21:48:59\"}',0.01,'',NULL,NULL,NULL,'pending',NULL,1,'pending',NULL,NULL,1576590539,1576592339,0,0),(154,'20191217215212272569',3,'{\"id\":44,\"user_id\":3,\"province\":\"\\u5317\\u4eac\\u5e02\",\"city\":\"\\u5e02\\u8f96\\u533a\",\"district\":\"\\u897f\\u57ce\\u533a\",\"address\":\"54645\",\"zip\":22233,\"name\":\"sss\",\"phone\":\"15757409856\",\"last_used_time\":1576590732,\"create_time\":\"1970-01-01 08:33:39\",\"update_time\":\"2019-12-17 21:52:12\"}',0.01,'',1576590746,'alipay','2019121722001423140567731056','pending',NULL,0,'received','{\"express_company\":\"\\u767e\\u4e16\\u5feb\\u9012\",\"express_no\":\"70303808964270\",\"express_time\":1576590808}',NULL,1576590732,1576590834,0,0),(155,'20191217220207547581',3,'{\"id\":44,\"user_id\":3,\"province\":\"\\u5317\\u4eac\\u5e02\",\"city\":\"\\u5e02\\u8f96\\u533a\",\"district\":\"\\u897f\\u57ce\\u533a\",\"address\":\"54645\",\"zip\":22233,\"name\":\"sss\",\"phone\":\"15757409856\",\"last_used_time\":1576591327,\"create_time\":\"1970-01-01 08:33:39\",\"update_time\":\"2019-12-17 22:02:07\"}',0.01,'',1576595181,'wechat','20191217220207547581','pending',NULL,1,'pending',NULL,NULL,1576591327,1576595181,0,0),(156,'20191217221351031761',3,'{\"id\":44,\"user_id\":3,\"province\":\"\\u5317\\u4eac\\u5e02\",\"city\":\"\\u5e02\\u8f96\\u533a\",\"district\":\"\\u897f\\u57ce\\u533a\",\"address\":\"54645\",\"zip\":22233,\"name\":\"sss\",\"phone\":\"15757409856\",\"last_used_time\":1576592031,\"create_time\":\"1970-01-01 08:33:39\",\"update_time\":\"2019-12-17 22:13:51\"}',0.01,'',1576595885,'wechat','20191217221351031761','pending',NULL,1,'pending',NULL,NULL,1576592031,1576595885,0,0),(157,'20191217221816068977',3,'{\"id\":44,\"user_id\":3,\"province\":\"\\u5317\\u4eac\\u5e02\",\"city\":\"\\u5e02\\u8f96\\u533a\",\"district\":\"\\u897f\\u57ce\\u533a\",\"address\":\"54645\",\"zip\":22233,\"name\":\"sss\",\"phone\":\"15757409856\",\"last_used_time\":1576592296,\"create_time\":\"1970-01-01 08:33:39\",\"update_time\":\"2019-12-17 22:18:16\"}',0.01,'',1576594361,'wechat','20191217221816068977','pending',NULL,1,'pending',NULL,NULL,1576592296,1576594361,0,0),(158,'20191217222052263802',3,'{\"id\":44,\"user_id\":3,\"province\":\"\\u5317\\u4eac\\u5e02\",\"city\":\"\\u5e02\\u8f96\\u533a\",\"district\":\"\\u897f\\u57ce\\u533a\",\"address\":\"54645\",\"zip\":22233,\"name\":\"sss\",\"phone\":\"15757409856\",\"last_used_time\":1576592452,\"create_time\":\"1970-01-01 08:33:39\",\"update_time\":\"2019-12-17 22:20:52\"}',0.01,'',1576594504,'wechat','20191217222052263802','pending',NULL,1,'pending',NULL,NULL,1576592452,1576594504,0,0),(159,'20191217222309662839',3,'{\"id\":44,\"user_id\":3,\"province\":\"\\u5317\\u4eac\\u5e02\",\"city\":\"\\u5e02\\u8f96\\u533a\",\"district\":\"\\u897f\\u57ce\\u533a\",\"address\":\"54645\",\"zip\":22233,\"name\":\"sss\",\"phone\":\"15757409856\",\"last_used_time\":1576592589,\"create_time\":\"1970-01-01 08:33:39\",\"update_time\":\"2019-12-17 22:23:09\"}',0.01,'',1576594641,'wechat','20191217222309662839','pending',NULL,1,'pending',NULL,NULL,1576592589,1576594641,0,0),(160,'20191217223410092466',3,'{\"id\":44,\"user_id\":3,\"province\":\"\\u5317\\u4eac\\u5e02\",\"city\":\"\\u5e02\\u8f96\\u533a\",\"district\":\"\\u897f\\u57ce\\u533a\",\"address\":\"54645\",\"zip\":22233,\"name\":\"sss\",\"phone\":\"15757409856\",\"last_used_time\":1576593250,\"create_time\":\"1970-01-01 08:33:39\",\"update_time\":\"2019-12-17 22:34:10\"}',0.01,'',1576595304,'wechat','20191217223410092466','pending',NULL,1,'pending',NULL,NULL,1576593250,1576595304,0,0),(161,'20191217223858158865',3,'{\"id\":44,\"user_id\":3,\"province\":\"\\u5317\\u4eac\\u5e02\",\"city\":\"\\u5e02\\u8f96\\u533a\",\"district\":\"\\u897f\\u57ce\\u533a\",\"address\":\"54645\",\"zip\":22233,\"name\":\"sss\",\"phone\":\"15757409856\",\"last_used_time\":1576593538,\"create_time\":\"1970-01-01 08:33:39\",\"update_time\":\"2019-12-17 22:38:58\"}',0.01,'',1576594391,'wechat','20191217223858158865','pending',NULL,0,'pending',NULL,NULL,1576593538,1576594391,0,0),(162,'20191217224041656160',3,'{\"id\":44,\"user_id\":3,\"province\":\"\\u5317\\u4eac\\u5e02\",\"city\":\"\\u5e02\\u8f96\\u533a\",\"district\":\"\\u897f\\u57ce\\u533a\",\"address\":\"54645\",\"zip\":22233,\"name\":\"sss\",\"phone\":\"15757409856\",\"last_used_time\":1576593641,\"create_time\":\"1970-01-01 08:33:39\",\"update_time\":\"2019-12-17 22:40:41\"}',0.01,'',1576594491,'wechat','20191217224041656160','pending',NULL,0,'pending',NULL,NULL,1576593641,1576594491,0,0),(163,'20191217224257022620',3,'{\"id\":44,\"user_id\":3,\"province\":\"\\u5317\\u4eac\\u5e02\",\"city\":\"\\u5e02\\u8f96\\u533a\",\"district\":\"\\u897f\\u57ce\\u533a\",\"address\":\"54645\",\"zip\":22233,\"name\":\"sss\",\"phone\":\"15757409856\",\"last_used_time\":1576593777,\"create_time\":\"1970-01-01 08:33:39\",\"update_time\":\"2019-12-17 22:42:57\"}',0.01,'',1576594629,'wechat','20191217224257022620','pending',NULL,0,'pending',NULL,NULL,1576593777,1576594629,0,0),(164,'20191217224340832328',3,'{\"id\":44,\"user_id\":3,\"province\":\"\\u5317\\u4eac\\u5e02\",\"city\":\"\\u5e02\\u8f96\\u533a\",\"district\":\"\\u897f\\u57ce\\u533a\",\"address\":\"54645\",\"zip\":22233,\"name\":\"sss\",\"phone\":\"15757409856\",\"last_used_time\":1576593820,\"create_time\":\"1970-01-01 08:33:39\",\"update_time\":\"2019-12-17 22:43:40\"}',0.01,'',1576594683,'wechat','20191217224340832328','pending',NULL,0,'pending',NULL,NULL,1576593820,1576594683,0,0),(165,'20191217224506965716',3,'{\"id\":44,\"user_id\":3,\"province\":\"\\u5317\\u4eac\\u5e02\",\"city\":\"\\u5e02\\u8f96\\u533a\",\"district\":\"\\u897f\\u57ce\\u533a\",\"address\":\"54645\",\"zip\":22233,\"name\":\"sss\",\"phone\":\"15757409856\",\"last_used_time\":1576593906,\"create_time\":\"1970-01-01 08:33:39\",\"update_time\":\"2019-12-17 22:45:06\"}',0.50,'',1576594758,'wechat','20191217224506965716','pending',NULL,0,'received','{\"express_company\":\"韵达快运\",\"express_no\":\"432447792412564\",\"express_time\":1577019590}',NULL,1576593906,1577157217,0,0),(166,'20191217224643362047',3,'{\"id\":44,\"user_id\":3,\"province\":\"\\u5317\\u4eac\\u5e02\",\"city\":\"\\u5e02\\u8f96\\u533a\",\"district\":\"\\u897f\\u57ce\\u533a\",\"address\":\"54645\",\"zip\":22233,\"name\":\"sss\",\"phone\":\"15757409856\",\"last_used_time\":1576594003,\"create_time\":\"1970-01-01 08:33:39\",\"update_time\":\"2019-12-17 22:46:43\"}',0.01,'',1576594254,'wechat','20191217224643362047','pending',NULL,0,'received','{\"express_company\":\"韵达快运\",\"express_no\":\"432447792412564\",\"express_time\":1577019590}',NULL,1576594003,1577016912,0,0),(167,'20191217225055755683',3,'{\"id\":44,\"user_id\":3,\"province\":\"\\u5317\\u4eac\\u5e02\",\"city\":\"\\u5e02\\u8f96\\u533a\",\"district\":\"\\u897f\\u57ce\\u533a\",\"address\":\"54645\",\"zip\":22233,\"name\":\"sss\",\"phone\":\"15757409856\",\"last_used_time\":1576594255,\"create_time\":\"1970-01-01 08:33:39\",\"update_time\":\"2019-12-17 22:50:55\"}',0.01,'',1576594264,'wechat','20191217225055755683','success','refund20191217231044802543',0,'pending',NULL,'{\"refund_reason\":\"\\u4e0b\\u9519\\u5355\\u4e86\"}',1576594255,1576595445,0,0),(169,'20191218101314151611',3,'{\"id\":35,\"user_id\":3,\"province\":\"\\u6cb3\\u5317\\u7701\",\"city\":\"\\u77f3\\u5bb6\\u5e84\\u5e02\",\"district\":\"\\u957f\\u5b89\\u533a\",\"address\":\"213123213\",\"zip\":231,\"name\":\"\\u4e24\\u682a\\u7ea2\\u989c\",\"phone\":\"13395080821\",\"last_used_time\":1576635194,\"create_time\":\"1970-01-01 08:32:50\",\"update_time\":\"2019-12-18 10:13:14\"}',0.01,'',NULL,NULL,NULL,'pending',NULL,1,'pending',NULL,NULL,1576635194,1576636996,0,0),(170,'20191219134643322757',3,'{\"id\":2,\"user_id\":3,\"province\":\"\\u5929\\u6d25\\u5e02\",\"city\":\"\\u5e02\\u8f96\\u533a\",\"district\":\"\\u548c\\u5e73\\u533a\",\"address\":\"\\u9605\\u6c5f\\u897f\\u8def222\\u53f7\\u5e7f\\u5dde\\u5854\",\"zip\":0,\"name\":\"\\u9753\\u4ed4\\u54c8\",\"phone\":\"13564568789\",\"last_used_time\":1576734403,\"create_time\":\"1970-01-01 08:32:50\",\"update_time\":\"2019-12-19 13:46:43\"}',0.14,'',NULL,NULL,NULL,'pending',NULL,1,'pending',NULL,NULL,1576734403,1576736204,0,0),(171,'20191219135612942425',3,'{\"id\":2,\"user_id\":3,\"province\":\"\\u5929\\u6d25\\u5e02\",\"city\":\"\\u5e02\\u8f96\\u533a\",\"district\":\"\\u548c\\u5e73\\u533a\",\"address\":\"\\u9605\\u6c5f\\u897f\\u8def222\\u53f7\\u5e7f\\u5dde\\u5854\",\"zip\":0,\"name\":\"\\u9753\\u4ed4\\u54c8\",\"phone\":\"13564568789\",\"last_used_time\":1576734972,\"create_time\":\"1970-01-01 08:32:50\",\"update_time\":\"2019-12-19 13:56:12\"}',0.04,'',NULL,NULL,NULL,'pending',NULL,1,'pending',NULL,NULL,1576734972,1576736774,0,10),(172,'20191219154211928938',3,'{\"id\":3,\"user_id\":3,\"province\":\"\\u5e7f\\u4e1c\\u7701\",\"city\":\"\\u5e7f\\u5dde\\u5e02\",\"district\":\"\\u8354\\u6e7e\\u533a\",\"address\":\"\\u9605\\u6c5f\\u897f\\u8def232\\u53f7\",\"zip\":0,\"name\":\"\\u5e05\\u54e5\\u5c0f\\u7c73\\u624b\\u673affyu\",\"phone\":\"13564568781\",\"last_used_time\":1576741331,\"create_time\":\"1970-01-01 08:32:50\",\"update_time\":\"2019-12-19 15:42:11\"}',0.62,'',NULL,NULL,NULL,'pending',NULL,1,'pending',NULL,NULL,1576741331,1576743133,0,0),(173,'20191219160021595661',3,'{\"id\":3,\"user_id\":3,\"province\":\"\\u5e7f\\u4e1c\\u7701\",\"city\":\"\\u5e7f\\u5dde\\u5e02\",\"district\":\"\\u8354\\u6e7e\\u533a\",\"address\":\"\\u9605\\u6c5f\\u897f\\u8def232\\u53f7\",\"zip\":0,\"name\":\"\\u5e05\\u54e5\\u5c0f\\u7c73\\u624b\\u673affyu\",\"phone\":\"13564568781\",\"last_used_time\":1576742421,\"create_time\":\"1970-01-01 08:32:50\",\"update_time\":\"2019-12-19 16:00:21\"}',0.50,'',NULL,NULL,NULL,'pending',NULL,1,'pending',NULL,NULL,1576742421,1576744222,0,10),(174,'20191219161635471403',3,'{\"id\":3,\"user_id\":3,\"province\":\"\\u5e7f\\u4e1c\\u7701\",\"city\":\"\\u5e7f\\u5dde\\u5e02\",\"district\":\"\\u8354\\u6e7e\\u533a\",\"address\":\"\\u9605\\u6c5f\\u897f\\u8def232\\u53f7\",\"zip\":0,\"name\":\"\\u5e05\\u54e5\\u5c0f\\u7c73\\u624b\\u673affyu\",\"phone\":\"13564568781\",\"last_used_time\":1576743395,\"create_time\":\"1970-01-01 08:32:50\",\"update_time\":\"2019-12-19 16:16:35\"}',0.51,'',NULL,NULL,NULL,'pending',NULL,1,'pending',NULL,NULL,1576743395,1576745195,0,9),(175,'20191219164927004253',3,'{\"id\":35,\"user_id\":3,\"province\":\"\\u8fbd\\u5b81\\u7701\",\"city\":\"\\u6c88\\u9633\\u5e02\",\"district\":\"\\u548c\\u5e73\\u533a\",\"address\":\"213123213\",\"zip\":231,\"name\":\"\\u4e24\\u682a\\u7ea21\\u989c\",\"phone\":\"13395080823\",\"last_used_time\":1576745367,\"create_time\":\"1970-01-01 08:32:50\",\"update_time\":\"2019-12-19 16:49:27\"}',7.51,'',NULL,NULL,NULL,'pending',NULL,1,'pending',NULL,NULL,1576745367,1576747169,0,10),(176,'20191219212041835832',3,'{\"id\":35,\"user_id\":3,\"province\":\"\\u8fbd\\u5b81\\u7701\",\"city\":\"\\u6c88\\u9633\\u5e02\",\"district\":\"\\u548c\\u5e73\\u533a\",\"address\":\"213123213\",\"zip\":231,\"name\":\"\\u4e24\\u682a\\u7ea21\\u989c\",\"phone\":\"13395080823\",\"last_used_time\":1576761641,\"create_time\":\"1970-01-01 08:32:50\",\"update_time\":\"2019-12-19 21:20:41\"}',0.57,'',NULL,NULL,NULL,'pending',NULL,1,'pending',NULL,NULL,1576761641,1576763443,0,9),(177,'20191219220310861096',3,'{\"id\":2,\"user_id\":3,\"province\":\"\\u5929\\u6d25\\u5e02\",\"city\":\"\\u5e02\\u8f96\\u533a\",\"district\":\"\\u548c\\u5e73\\u533a\",\"address\":\"\\u9605\\u6c5f\\u897f\\u8def222\\u53f7\\u5e7f\\u5dde\\u5854\",\"zip\":0,\"name\":\"\\u9753\\u4ed4\\u54c8\",\"phone\":\"13564568789\",\"last_used_time\":1576764190,\"create_time\":\"1970-01-01 08:32:50\",\"update_time\":\"2019-12-19 22:03:10\"}',1.01,'',NULL,NULL,NULL,'pending',NULL,1,'pending',NULL,NULL,1576764190,1576765991,0,9),(178,'20191220082511918437',3,'{\"id\":2,\"user_id\":3,\"province\":\"\\u5929\\u6d25\\u5e02\",\"city\":\"\\u5e02\\u8f96\\u533a\",\"district\":\"\\u548c\\u5e73\\u533a\",\"address\":\"\\u9605\\u6c5f\\u897f\\u8def222\\u53f7\\u5e7f\\u5dde\\u5854\",\"zip\":0,\"name\":\"\\u9753\\u4ed4\\u54c8\",\"phone\":\"13564568789\",\"last_used_time\":1576801511,\"create_time\":\"1970-01-01 08:32:50\",\"update_time\":\"2019-12-20 08:25:11\"}',0.50,'',NULL,NULL,NULL,'pending',NULL,1,'pending',NULL,NULL,1576801511,1576803313,0,0),(179,'20191220103849164343',3,'{\"id\":2,\"user_id\":3,\"province\":\"\\u5929\\u6d25\\u5e02\",\"city\":\"\\u5e02\\u8f96\\u533a\",\"district\":\"\\u548c\\u5e73\\u533a\",\"address\":\"\\u9605\\u6c5f\\u897f\\u8def222\\u53f7\\u5e7f\\u5dde\\u5854\",\"zip\":0,\"name\":\"\\u9753\\u4ed4\\u54c8\",\"phone\":\"13564568789\",\"last_used_time\":1576809529,\"create_time\":\"1970-01-01 08:32:50\",\"update_time\":\"2019-12-20 10:38:49\"}',0.10,'',NULL,NULL,NULL,'pending',NULL,1,'pending',NULL,NULL,1576809529,1576811329,0,10),(180,'20191220104724062831',3,'{\"id\":35,\"user_id\":3,\"province\":\"\\u8fbd\\u5b81\\u7701\",\"city\":\"\\u6c88\\u9633\\u5e02\",\"district\":\"\\u548c\\u5e73\\u533a\",\"address\":\"213123213\",\"zip\":231,\"name\":\"\\u4e24\\u682a\\u7ea21\\u989c\",\"phone\":\"13395080823\",\"last_used_time\":1576810044,\"create_time\":\"1970-01-01 08:32:50\",\"update_time\":\"2019-12-20 10:47:24\"}',0.50,'',NULL,NULL,NULL,'pending',NULL,1,'pending',NULL,NULL,1576810044,1576811845,0,0),(181,'20191220105300143659',3,'{\"id\":2,\"user_id\":3,\"province\":\"\\u5929\\u6d25\\u5e02\",\"city\":\"\\u5e02\\u8f96\\u533a\",\"district\":\"\\u548c\\u5e73\\u533a\",\"address\":\"\\u9605\\u6c5f\\u897f\\u8def222\\u53f7\\u5e7f\\u5dde\\u5854\",\"zip\":0,\"name\":\"\\u9753\\u4ed4\\u54c8\",\"phone\":\"13564568789\",\"last_used_time\":1576810380,\"create_time\":\"1970-01-01 08:32:50\",\"update_time\":\"2019-12-20 10:53:00\"}',0.01,'',NULL,NULL,NULL,'pending',NULL,1,'pending',NULL,NULL,1576810380,1576812181,0,0),(182,'20191220112529903402',3,'{\"id\":2,\"user_id\":3,\"province\":\"\\u5929\\u6d25\\u5e02\",\"city\":\"\\u5e02\\u8f96\\u533a\",\"district\":\"\\u548c\\u5e73\\u533a\",\"address\":\"\\u9605\\u6c5f\\u897f\\u8def222\\u53f7\\u5e7f\\u5dde\\u5854\",\"zip\":0,\"name\":\"\\u9753\\u4ed4\\u54c8\",\"phone\":\"13564568789\",\"last_used_time\":1576812329,\"create_time\":\"1970-01-01 08:32:50\",\"update_time\":\"2019-12-20 11:25:29\"}',0.25,'',NULL,NULL,NULL,'pending',NULL,1,'pending',NULL,NULL,1576812329,1576814129,0,10),(183,'20191220145504806016',3,'{\"id\":35,\"user_id\":3,\"province\":\"\\u8fbd\\u5b81\\u7701\",\"city\":\"\\u6c88\\u9633\\u5e02\",\"district\":\"\\u548c\\u5e73\\u533a\",\"address\":\"213123213\",\"zip\":231,\"name\":\"\\u4e24\\u682a\\u7ea21\\u989c\",\"phone\":\"13395080823\",\"last_used_time\":1576824904,\"create_time\":\"1970-01-01 08:32:50\",\"update_time\":\"2019-12-20 14:55:04\"}',1.04,'',NULL,NULL,NULL,'pending',NULL,1,'pending',NULL,NULL,1576824904,1576826706,0,9),(184,'20191220162632147775',3,'{\"id\":43,\"user_id\":3,\"province\":\"\\u6cb3\\u5317\\u7701\",\"city\":\"\\u77f3\\u5bb6\\u5e84\\u5e02\",\"district\":\"\\u65b0\\u534e\\u533a\",\"address\":\"dssss\",\"zip\":12223,\"name\":\"oppo\",\"phone\":\"15757956985\",\"last_used_time\":1576830392,\"create_time\":\"2019-12-17 10:09:02\",\"update_time\":\"2019-12-20 16:26:32\"}',0.51,'',NULL,NULL,NULL,'pending',NULL,1,'pending',NULL,NULL,1576830392,1576832194,0,0),(185,'20191220162850598239',3,'{\"id\":35,\"user_id\":3,\"province\":\"\\u8fbd\\u5b81\\u7701\",\"city\":\"\\u6c88\\u9633\\u5e02\",\"district\":\"\\u548c\\u5e73\\u533a\",\"address\":\"213123213\",\"zip\":231,\"name\":\"\\u4e24\\u682a\\u7ea21\\u989c\",\"phone\":\"13395080823\",\"last_used_time\":1576830530,\"create_time\":\"1970-01-01 08:32:50\",\"update_time\":\"2019-12-20 16:28:50\"}',0.01,'',NULL,NULL,NULL,'pending',NULL,1,'pending',NULL,NULL,1576830530,1576832332,0,0),(186,'20191220164234455876',3,'{\"id\":35,\"user_id\":3,\"province\":\"\\u8fbd\\u5b81\\u7701\",\"city\":\"\\u6c88\\u9633\\u5e02\",\"district\":\"\\u548c\\u5e73\\u533a\",\"address\":\"213123213\",\"zip\":231,\"name\":\"\\u4e24\\u682a\\u7ea21\\u989c\",\"phone\":\"13395080823\",\"last_used_time\":1576831354,\"create_time\":\"1970-01-01 08:32:50\",\"update_time\":\"2019-12-20 16:42:34\"}',0.01,'',1576831360,'alipay','2019122022001480181401207024','applied',NULL,0,'pending',NULL,'{\"refund_reason\":\"\\u6d4b\\u8bd5\"}',1576831354,1576831394,0,0),(187,'20191220165114404728',3,'{\"id\":35,\"user_id\":3,\"province\":\"\\u8fbd\\u5b81\\u7701\",\"city\":\"\\u6c88\\u9633\\u5e02\",\"district\":\"\\u548c\\u5e73\\u533a\",\"address\":\"213123213\",\"zip\":231,\"name\":\"\\u4e24\\u682a\\u7ea21\\u989c\",\"phone\":\"13395080823\",\"last_used_time\":1576831874,\"create_time\":\"1970-01-01 08:32:50\",\"update_time\":\"2019-12-20 16:51:14\"}',0.14,'',NULL,NULL,NULL,'pending',NULL,1,'pending',NULL,NULL,1576831874,1576833674,0,10),(188,'20191220170634868929',3,'{\"id\":35,\"user_id\":3,\"province\":\"\\u8fbd\\u5b81\\u7701\",\"city\":\"\\u6c88\\u9633\\u5e02\",\"district\":\"\\u548c\\u5e73\\u533a\",\"address\":\"213123213\",\"zip\":231,\"name\":\"\\u4e24\\u682a\\u7ea21\\u989c\",\"phone\":\"13395080823\",\"last_used_time\":1576832794,\"create_time\":\"1970-01-01 08:32:50\",\"update_time\":\"2019-12-20 17:06:34\"}',0.02,'',NULL,NULL,NULL,'pending',NULL,1,'pending',NULL,NULL,1576832794,1576834595,0,0),(189,'20191220173434780483',3,'{\"id\":35,\"user_id\":3,\"province\":\"\\u8fbd\\u5b81\\u7701\",\"city\":\"\\u6c88\\u9633\\u5e02\",\"district\":\"\\u548c\\u5e73\\u533a\",\"address\":\"213123213\",\"zip\":231,\"name\":\"\\u4e24\\u682a\\u7ea21\\u989c\",\"phone\":\"13395080823\",\"last_used_time\":1576834474,\"create_time\":\"1970-01-01 08:32:50\",\"update_time\":\"2019-12-20 17:34:34\"}',0.03,'',NULL,NULL,NULL,'pending',NULL,1,'pending',NULL,NULL,1576834474,1576836276,0,0),(190,'20191220174119716856',3,'{\"id\":35,\"user_id\":3,\"province\":\"\\u8fbd\\u5b81\\u7701\",\"city\":\"\\u6c88\\u9633\\u5e02\",\"district\":\"\\u548c\\u5e73\\u533a\",\"address\":\"213123213\",\"zip\":231,\"name\":\"\\u4e24\\u682a\\u7ea21\\u989c\",\"phone\":\"13395080823\",\"last_used_time\":1576834879,\"create_time\":\"1970-01-01 08:32:50\",\"update_time\":\"2019-12-20 17:41:19\"}',0.03,'',NULL,NULL,NULL,'pending',NULL,1,'pending',NULL,NULL,1576834879,1576836681,0,10),(191,'20191220175340963265',3,'{\"id\":35,\"user_id\":3,\"province\":\"\\u8fbd\\u5b81\\u7701\",\"city\":\"\\u6c88\\u9633\\u5e02\",\"district\":\"\\u548c\\u5e73\\u533a\",\"address\":\"213123213\",\"zip\":231,\"name\":\"\\u4e24\\u682a\\u7ea21\\u989c\",\"phone\":\"13395080823\",\"last_used_time\":1576835620,\"create_time\":\"1970-01-01 08:32:50\",\"update_time\":\"2019-12-20 17:53:40\"}',59.90,'',NULL,NULL,NULL,'pending',NULL,1,'pending',NULL,NULL,1576835620,1576837422,0,9),(192,'20191220183442438219',3,'{\"id\":35,\"user_id\":3,\"province\":\"\\u8fbd\\u5b81\\u7701\",\"city\":\"\\u6c88\\u9633\\u5e02\",\"district\":\"\\u548c\\u5e73\\u533a\",\"address\":\"213123213\",\"zip\":231,\"name\":\"\\u4e24\\u682a\\u7ea21\\u989c\",\"phone\":\"13395080823\",\"last_used_time\":1576838082,\"create_time\":\"1970-01-01 08:32:50\",\"update_time\":\"2019-12-20 18:34:42\"}',0.13,'',NULL,NULL,NULL,'pending',NULL,1,'pending',NULL,NULL,1576838082,1576839883,0,10),(193,'20191220183524477369',3,'{\"id\":35,\"user_id\":3,\"province\":\"\\u8fbd\\u5b81\\u7701\",\"city\":\"\\u6c88\\u9633\\u5e02\",\"district\":\"\\u548c\\u5e73\\u533a\",\"address\":\"213123213\",\"zip\":231,\"name\":\"\\u4e24\\u682a\\u7ea21\\u989c\",\"phone\":\"13395080823\",\"last_used_time\":1576838124,\"create_time\":\"1970-01-01 08:32:50\",\"update_time\":\"2019-12-20 18:35:24\"}',30.00,'',NULL,NULL,NULL,'pending',NULL,1,'pending',NULL,NULL,1576838124,1576839925,0,0),(194,'20191220183857865095',3,'{\"id\":35,\"user_id\":3,\"province\":\"\\u8fbd\\u5b81\\u7701\",\"city\":\"\\u6c88\\u9633\\u5e02\",\"district\":\"\\u548c\\u5e73\\u533a\",\"address\":\"213123213\",\"zip\":231,\"name\":\"\\u4e24\\u682a\\u7ea21\\u989c\",\"phone\":\"13395080823\",\"last_used_time\":1576838337,\"create_time\":\"1970-01-01 08:32:50\",\"update_time\":\"2019-12-20 18:38:57\"}',59.77,'',NULL,NULL,NULL,'pending',NULL,1,'pending',NULL,NULL,1576838337,1576840138,0,9),(195,'20191220201721208340',3,'{\"id\":44,\"user_id\":3,\"province\":\"\\u5185\\u8499\\u53e4\\u81ea\\u6cbb\\u533a\",\"city\":\"\\u8d64\\u5cf0\\u5e02\",\"district\":\"\\u7ea2\\u5c71\\u533a\",\"address\":\"5445\",\"zip\":222,\"name\":\"bbb\",\"phone\":\"15757409877\",\"last_used_time\":1576844241,\"create_time\":\"1970-01-01 08:32:50\",\"update_time\":\"2019-12-20 20:17:21\"}',1.00,'',NULL,NULL,NULL,'pending',NULL,1,'pending',NULL,NULL,1576844241,1576846041,0,10),(196,'20191220203150949576',3,'{\"id\":44,\"user_id\":3,\"province\":\"\\u5185\\u8499\\u53e4\\u81ea\\u6cbb\\u533a\",\"city\":\"\\u8d64\\u5cf0\\u5e02\",\"district\":\"\\u7ea2\\u5c71\\u533a\",\"address\":\"5445\",\"zip\":222,\"name\":\"bbb\",\"phone\":\"15757409877\",\"last_used_time\":1576845110,\"create_time\":\"1970-01-01 08:32:50\",\"update_time\":\"2019-12-20 20:31:50\"}',0.50,'',NULL,NULL,NULL,'pending',NULL,1,'pending',NULL,NULL,1576845110,1576846911,0,9),(197,'20191220211531812259',3,'{\"id\":35,\"user_id\":3,\"province\":\"\\u8fbd\\u5b81\\u7701\",\"city\":\"\\u6c88\\u9633\\u5e02\",\"district\":\"\\u548c\\u5e73\\u533a\",\"address\":\"213123213\",\"zip\":231,\"name\":\"\\u4e24\\u682a\\u7ea21\\u989c\",\"phone\":\"13395080823\",\"last_used_time\":1576847731,\"create_time\":\"1970-01-01 08:32:50\",\"update_time\":\"2019-12-20 21:15:31\"}',0.50,'',NULL,NULL,NULL,'pending',NULL,1,'pending',NULL,NULL,1576847731,1576849531,0,0),(198,'20191220211747011737',3,'{\"id\":44,\"user_id\":3,\"province\":\"\\u5185\\u8499\\u53e4\\u81ea\\u6cbb\\u533a\",\"city\":\"\\u8d64\\u5cf0\\u5e02\",\"district\":\"\\u7ea2\\u5c71\\u533a\",\"address\":\"5445\",\"zip\":222,\"name\":\"bbb\",\"phone\":\"15757409877\",\"last_used_time\":1576847867,\"create_time\":\"1970-01-01 08:32:50\",\"update_time\":\"2019-12-20 21:17:47\"}',0.50,'',NULL,NULL,NULL,'pending',NULL,1,'pending',NULL,NULL,1576847867,1576849669,0,0),(199,'20191220212259211998',3,'{\"id\":35,\"user_id\":3,\"province\":\"\\u8fbd\\u5b81\\u7701\",\"city\":\"\\u6c88\\u9633\\u5e02\",\"district\":\"\\u548c\\u5e73\\u533a\",\"address\":\"213123213\",\"zip\":231,\"name\":\"\\u4e24\\u682a\\u7ea21\\u989c\",\"phone\":\"13395080823\",\"last_used_time\":1576848179,\"create_time\":\"1970-01-01 08:32:50\",\"update_time\":\"2019-12-20 21:22:59\"}',0.50,'',NULL,NULL,NULL,'pending',NULL,1,'pending',NULL,NULL,1576848179,1576849981,0,0),(200,'20191220212519529319',3,'{\"id\":44,\"user_id\":3,\"province\":\"\\u5185\\u8499\\u53e4\\u81ea\\u6cbb\\u533a\",\"city\":\"\\u8d64\\u5cf0\\u5e02\",\"district\":\"\\u7ea2\\u5c71\\u533a\",\"address\":\"5445\",\"zip\":222,\"name\":\"bbb\",\"phone\":\"15757409877\",\"last_used_time\":1576848319,\"create_time\":\"1970-01-01 08:32:50\",\"update_time\":\"2019-12-20 21:25:19\"}',0.07,'',NULL,NULL,NULL,'pending',NULL,1,'pending',NULL,NULL,1576848319,1576850119,0,0),(201,'20191220214629388945',3,'{\"id\":35,\"user_id\":3,\"province\":\"\\u8fbd\\u5b81\\u7701\",\"city\":\"\\u6c88\\u9633\\u5e02\",\"district\":\"\\u548c\\u5e73\\u533a\",\"address\":\"213123213\",\"zip\":231,\"name\":\"\\u4e24\\u682a\\u7ea21\\u989c\",\"phone\":\"13395080823\",\"last_used_time\":1576849589,\"create_time\":\"1970-01-01 08:32:50\",\"update_time\":\"2019-12-20 21:46:29\"}',0.50,'',NULL,NULL,NULL,'pending',NULL,1,'pending',NULL,NULL,1576849589,1576851389,0,0),(202,'20191220220318029572',3,'{\"id\":44,\"user_id\":3,\"province\":\"\\u5185\\u8499\\u53e4\\u81ea\\u6cbb\\u533a\",\"city\":\"\\u8d64\\u5cf0\\u5e02\",\"district\":\"\\u7ea2\\u5c71\\u533a\",\"address\":\"5445\",\"zip\":222,\"name\":\"bbb\",\"phone\":\"15757409877\",\"last_used_time\":1576850598,\"create_time\":\"1970-01-01 08:32:50\",\"update_time\":\"2019-12-20 22:03:18\"}',0.50,'',NULL,NULL,NULL,'pending',NULL,1,'pending',NULL,NULL,1576850598,1576852400,0,0),(203,'20191221102825818158',3,'{\"id\":44,\"user_id\":3,\"province\":\"\\u5185\\u8499\\u53e4\\u81ea\\u6cbb\\u533a\",\"city\":\"\\u8d64\\u5cf0\\u5e02\",\"district\":\"\\u7ea2\\u5c71\\u533a\",\"address\":\"5445\",\"zip\":222,\"name\":\"bbb\",\"phone\":\"15757409877\",\"last_used_time\":1576895305,\"create_time\":\"1970-01-01 08:32:50\",\"update_time\":\"2019-12-21 10:28:25\"}',59.84,'',NULL,NULL,NULL,'pending',NULL,1,'pending',NULL,NULL,1576895305,1576897107,0,9),(204,'20191221193058383197',3,'{\"id\":35,\"user_id\":3,\"province\":\"\\u8fbd\\u5b81\\u7701\",\"city\":\"\\u6c88\\u9633\\u5e02\",\"district\":\"\\u548c\\u5e73\\u533a\",\"address\":\"213123213\",\"zip\":231,\"name\":\"\\u4e24\\u682a\\u7ea21\\u989c\",\"phone\":\"13395080823\",\"last_used_time\":1576927858,\"create_time\":\"1970-01-01 08:32:50\",\"update_time\":\"2019-12-21 19:30:58\"}',0.06,'',NULL,NULL,NULL,'pending',NULL,1,'pending',NULL,NULL,1576927858,1576929658,0,0),(205,'20191221193627443769',3,'{\"id\":43,\"user_id\":3,\"province\":\"\\u6cb3\\u5317\\u7701\",\"city\":\"\\u77f3\\u5bb6\\u5e84\\u5e02\",\"district\":\"\\u65b0\\u534e\\u533a\",\"address\":\"dssss\",\"zip\":12223,\"name\":\"oppo\",\"phone\":\"15757956985\",\"last_used_time\":1576928187,\"create_time\":\"2019-12-17 10:09:02\",\"update_time\":\"2019-12-21 19:36:27\"}',0.06,'',NULL,NULL,NULL,'pending',NULL,1,'pending',NULL,NULL,1576928187,1576929988,0,0),(206,'20191222130810460384',3,'{\"id\":35,\"user_id\":3,\"province\":\"\\u8fbd\\u5b81\\u7701\",\"city\":\"\\u6c88\\u9633\\u5e02\",\"district\":\"\\u548c\\u5e73\\u533a\",\"address\":\"213123213\",\"zip\":231,\"name\":\"\\u4e24\\u682a\\u7ea21\\u989c\",\"phone\":\"13395080823\",\"last_used_time\":1576991290,\"create_time\":\"1970-01-01 08:32:50\",\"update_time\":\"2019-12-22 13:08:10\"}',0.01,'',NULL,NULL,NULL,'pending',NULL,1,'pending',NULL,NULL,1576991290,1576993092,0,0),(207,'20191222192818828169',3,'{\"id\":35,\"user_id\":3,\"province\":\"\\u8fbd\\u5b81\\u7701\",\"city\":\"\\u6c88\\u9633\\u5e02\",\"district\":\"\\u548c\\u5e73\\u533a\",\"address\":\"213123213\",\"zip\":231,\"name\":\"\\u4e24\\u682a\\u7ea21\\u989c\",\"phone\":\"13395080823\",\"last_used_time\":1577014098,\"create_time\":\"1970-01-01 08:32:50\",\"update_time\":\"2019-12-22 19:28:18\"}',0.50,'',1577014366,'alipay','2019122222001423141402419518','success','refund20191222195333958368',0,'pending',NULL,'{\"refund_reason\":\"\\u5c3a\\u7801\\u592a\\u5927\"}',1577014098,1577015614,0,0),(208,'20191222193617272886',3,'{\"id\":35,\"user_id\":3,\"province\":\"\\u8fbd\\u5b81\\u7701\",\"city\":\"\\u6c88\\u9633\\u5e02\",\"district\":\"\\u548c\\u5e73\\u533a\",\"address\":\"213123213\",\"zip\":231,\"name\":\"\\u4e24\\u682a\\u7ea21\\u989c\",\"phone\":\"13395080823\",\"last_used_time\":1577014577,\"create_time\":\"1970-01-01 08:32:50\",\"update_time\":\"2019-12-22 19:36:17\"}',0.01,'',NULL,NULL,NULL,'pending',NULL,1,'pending',NULL,NULL,1577014577,1577016379,0,0),(209,'20191222201106743994',3,'{\"id\":43,\"user_id\":3,\"province\":\"\\u6cb3\\u5317\\u7701\",\"city\":\"\\u77f3\\u5bb6\\u5e84\\u5e02\",\"district\":\"\\u65b0\\u534e\\u533a\",\"address\":\"dssss\",\"zip\":12223,\"name\":\"oppo\",\"phone\":\"15757956985\",\"last_used_time\":1577016666,\"create_time\":\"2019-12-17 10:09:02\",\"update_time\":\"2019-12-22 20:11:06\"}',0.25,'',NULL,NULL,NULL,'pending',NULL,1,'pending',NULL,NULL,1577016666,1577018468,0,10),(210,'20191222201143154721',3,'{\"id\":35,\"user_id\":3,\"province\":\"\\u8fbd\\u5b81\\u7701\",\"city\":\"\\u6c88\\u9633\\u5e02\",\"district\":\"\\u548c\\u5e73\\u533a\",\"address\":\"213123213\",\"zip\":231,\"name\":\"\\u4e24\\u682a\\u7ea21\\u989c\",\"phone\":\"13395080823\",\"last_used_time\":1577016703,\"create_time\":\"1970-01-01 08:32:50\",\"update_time\":\"2019-12-22 20:11:43\"}',0.07,'',NULL,NULL,NULL,'pending',NULL,1,'pending',NULL,NULL,1577016703,1577018504,0,0),(211,'20191222204354760409',3,'{\"id\":35,\"user_id\":3,\"province\":\"\\u8fbd\\u5b81\\u7701\",\"city\":\"\\u6c88\\u9633\\u5e02\",\"district\":\"\\u548c\\u5e73\\u533a\",\"address\":\"213123213\",\"zip\":231,\"name\":\"\\u4e24\\u682a\\u7ea21\\u989c\",\"phone\":\"13395080823\",\"last_used_time\":1577018634,\"create_time\":\"1970-01-01 08:32:50\",\"update_time\":\"2019-12-22 20:43:54\"}',0.01,'',NULL,NULL,NULL,'pending',NULL,1,'pending',NULL,NULL,1577018634,1577020436,0,0),(212,'20191222210408428658',3,'{\"id\":35,\"user_id\":3,\"province\":\"\\u8fbd\\u5b81\\u7701\",\"city\":\"\\u6c88\\u9633\\u5e02\",\"district\":\"\\u548c\\u5e73\\u533a\",\"address\":\"213123213\",\"zip\":231,\"name\":\"\\u4e24\\u682a\\u7ea21\\u989c\",\"phone\":\"13395080823\",\"last_used_time\":1577019848,\"create_time\":\"1970-01-01 08:32:50\",\"update_time\":\"2019-12-22 21:04:08\"}',0.50,'',NULL,NULL,NULL,'pending',NULL,1,'pending',NULL,NULL,1577019848,1577021649,0,9),(213,'20191222210511928016',3,'{\"id\":35,\"user_id\":3,\"province\":\"\\u8fbd\\u5b81\\u7701\",\"city\":\"\\u6c88\\u9633\\u5e02\",\"district\":\"\\u548c\\u5e73\\u533a\",\"address\":\"213123213\",\"zip\":231,\"name\":\"\\u4e24\\u682a\\u7ea21\\u989c\",\"phone\":\"13395080823\",\"last_used_time\":1577019911,\"create_time\":\"1970-01-01 08:32:50\",\"update_time\":\"2019-12-22 21:05:11\"}',0.25,'',NULL,NULL,NULL,'pending',NULL,1,'pending',NULL,NULL,1577019911,1577021712,0,10),(214,'20191222231617777738',3,'{\"id\":35,\"user_id\":3,\"province\":\"\\u8fbd\\u5b81\\u7701\",\"city\":\"\\u6c88\\u9633\\u5e02\",\"district\":\"\\u548c\\u5e73\\u533a\",\"address\":\"213123213\",\"zip\":231,\"name\":\"\\u4e24\\u682a\\u7ea21\\u989c\",\"phone\":\"13395080823\",\"last_used_time\":1577027777,\"create_time\":\"1970-01-01 08:32:50\",\"update_time\":\"2019-12-22 23:16:17\"}',0.10,'',NULL,NULL,NULL,'pending',NULL,1,'pending',NULL,NULL,1577027777,1577029577,0,9),(219,'20191222232324416974',3,'{\"id\":35,\"user_id\":3,\"province\":\"\\u8fbd\\u5b81\\u7701\",\"city\":\"\\u6c88\\u9633\\u5e02\",\"district\":\"\\u548c\\u5e73\\u533a\",\"address\":\"213123213\",\"zip\":231,\"name\":\"\\u4e24\\u682a\\u7ea21\\u989c\",\"phone\":\"13395080823\",\"last_used_time\":1577028204,\"create_time\":\"1970-01-01 08:32:50\",\"update_time\":\"2019-12-22 23:23:24\"}',0.50,'',NULL,NULL,NULL,'pending',NULL,1,'pending',NULL,NULL,1577028204,1577030004,0,9),(220,'20191222232524402585',3,'{\"id\":35,\"user_id\":3,\"province\":\"\\u8fbd\\u5b81\\u7701\",\"city\":\"\\u6c88\\u9633\\u5e02\",\"district\":\"\\u548c\\u5e73\\u533a\",\"address\":\"213123213\",\"zip\":231,\"name\":\"\\u4e24\\u682a\\u7ea21\\u989c\",\"phone\":\"13395080823\",\"last_used_time\":1577028324,\"create_time\":\"1970-01-01 08:32:50\",\"update_time\":\"2019-12-22 23:25:24\"}',0.50,'',NULL,NULL,NULL,'pending',NULL,1,'pending',NULL,NULL,1577028324,1577030124,0,9),(221,'20191222232834232043',3,'{\"id\":35,\"user_id\":3,\"province\":\"\\u8fbd\\u5b81\\u7701\",\"city\":\"\\u6c88\\u9633\\u5e02\",\"district\":\"\\u548c\\u5e73\\u533a\",\"address\":\"213123213\",\"zip\":231,\"name\":\"\\u4e24\\u682a\\u7ea21\\u989c\",\"phone\":\"13395080823\",\"last_used_time\":1577028514,\"create_time\":\"1970-01-01 08:32:50\",\"update_time\":\"2019-12-22 23:28:34\"}',0.48,'',1577028530,'alipay','2019122222001423141402356489','applied',NULL,0,'pending',NULL,'{\"refund_reason\":\"\\u5bf9\\u5bf9\\u5bf9\"}',1577028514,1577157160,0,9),(222,'20191223111908603809',3,'{\"id\":43,\"user_id\":3,\"province\":\"\\u6cb3\\u5317\\u7701\",\"city\":\"\\u77f3\\u5bb6\\u5e84\\u5e02\",\"district\":\"\\u65b0\\u534e\\u533a\",\"address\":\"dssss\",\"zip\":12223,\"name\":\"oppo\",\"phone\":\"15757956985\",\"last_used_time\":1577071148,\"create_time\":\"2019-12-17 10:09:02\",\"update_time\":\"2019-12-23 11:19:08\"}',0.01,'',1577071258,'alipay','2019122322001448081402231288','applied',NULL,0,'pending',NULL,'{\"refund_reason\":\"\\u554a\\u554a\\u554a\\u554a\\u554a\\u554a\\u554a\"}',1577071148,1577156370,0,0),(223,'20191223115212421616',3,'{\"id\":43,\"user_id\":3,\"province\":\"\\u6cb3\\u5317\\u7701\",\"city\":\"\\u77f3\\u5bb6\\u5e84\\u5e02\",\"district\":\"\\u65b0\\u534e\\u533a\",\"address\":\"dssss\",\"zip\":12223,\"name\":\"oppo\",\"phone\":\"15757956985\",\"last_used_time\":1577073132,\"create_time\":\"2019-12-17 10:09:02\",\"update_time\":\"2019-12-23 11:52:12\"}',0.25,'',NULL,NULL,NULL,'pending',NULL,1,'pending',NULL,NULL,1577073132,1577074933,0,10),(224,'20191223120020997459',3,'{\"id\":43,\"user_id\":3,\"province\":\"\\u6cb3\\u5317\\u7701\",\"city\":\"\\u77f3\\u5bb6\\u5e84\\u5e02\",\"district\":\"\\u65b0\\u534e\\u533a\",\"address\":\"dssss\",\"zip\":12223,\"name\":\"oppo\",\"phone\":\"15757956985\",\"last_used_time\":1577073620,\"create_time\":\"2019-12-17 10:09:02\",\"update_time\":\"2019-12-23 12:00:20\"}',30.54,'',NULL,NULL,NULL,'pending',NULL,1,'pending',NULL,NULL,1577073620,1577075422,0,0),(225,'20191223181055374689',3,'{\"id\":43,\"user_id\":3,\"province\":\"\\u6cb3\\u5317\\u7701\",\"city\":\"\\u77f3\\u5bb6\\u5e84\\u5e02\",\"district\":\"\\u65b0\\u534e\\u533a\",\"address\":\"dssss\",\"zip\":12223,\"name\":\"oppo\",\"phone\":\"15757956985\",\"last_used_time\":1577095855,\"create_time\":\"2019-12-17 10:09:02\",\"update_time\":\"2019-12-23 18:10:55\"}',1.01,'',NULL,NULL,NULL,'pending',NULL,1,'pending',NULL,NULL,1577095855,1577097656,0,0),(226,'20191223181610891487',3,'{\"id\":43,\"user_id\":3,\"province\":\"\\u6cb3\\u5317\\u7701\",\"city\":\"\\u77f3\\u5bb6\\u5e84\\u5e02\",\"district\":\"\\u65b0\\u534e\\u533a\",\"address\":\"dssss\",\"zip\":12223,\"name\":\"oppo\",\"phone\":\"15757956985\",\"last_used_time\":1577096170,\"create_time\":\"2019-12-17 10:09:02\",\"update_time\":\"2019-12-23 18:16:10\"}',0.21,'',NULL,NULL,NULL,'pending',NULL,1,'pending',NULL,NULL,1577096170,1577097971,0,0),(227,'20191223182209297399',3,'{\"id\":43,\"user_id\":3,\"province\":\"\\u6cb3\\u5317\\u7701\",\"city\":\"\\u77f3\\u5bb6\\u5e84\\u5e02\",\"district\":\"\\u65b0\\u534e\\u533a\",\"address\":\"dssss\",\"zip\":12223,\"name\":\"oppo\",\"phone\":\"15757956985\",\"last_used_time\":1577096529,\"create_time\":\"2019-12-17 10:09:02\",\"update_time\":\"2019-12-23 18:22:09\"}',0.01,'',NULL,NULL,NULL,'pending',NULL,1,'pending',NULL,NULL,1577096529,1577098331,0,0),(228,'20191223182641714959',3,'{\"id\":43,\"user_id\":3,\"province\":\"\\u6cb3\\u5317\\u7701\",\"city\":\"\\u77f3\\u5bb6\\u5e84\\u5e02\",\"district\":\"\\u65b0\\u534e\\u533a\",\"address\":\"dssss\",\"zip\":12223,\"name\":\"oppo\",\"phone\":\"15757956985\",\"last_used_time\":1577096801,\"create_time\":\"2019-12-17 10:09:02\",\"update_time\":\"2019-12-23 18:26:41\"}',0.03,'',NULL,NULL,NULL,'pending',NULL,1,'pending',NULL,NULL,1577096801,1577098601,0,0),(229,'20191223203614611854',3,'{\"id\":43,\"user_id\":3,\"province\":\"\\u6cb3\\u5317\\u7701\",\"city\":\"\\u77f3\\u5bb6\\u5e84\\u5e02\",\"district\":\"\\u65b0\\u534e\\u533a\",\"address\":\"dssss\",\"zip\":12223,\"name\":\"oppo\",\"phone\":\"15757956985\",\"last_used_time\":1577104574,\"create_time\":\"2019-12-17 10:09:02\",\"update_time\":\"2019-12-23 20:36:14\"}',1.50,'',NULL,NULL,NULL,'pending',NULL,1,'pending',NULL,NULL,1577104574,1577106374,0,0),(230,'20191224093434835198',3,'{\"id\":43,\"user_id\":3,\"province\":\"\\u6cb3\\u5317\\u7701\",\"city\":\"\\u77f3\\u5bb6\\u5e84\\u5e02\",\"district\":\"\\u65b0\\u534e\\u533a\",\"address\":\"dssss\",\"zip\":12223,\"name\":\"oppo\",\"phone\":\"15757956985\",\"last_used_time\":1577151274,\"create_time\":\"2019-12-17 10:09:02\",\"update_time\":\"2019-12-24 09:34:34\"}',0.48,'',NULL,NULL,NULL,'pending',NULL,1,'pending',NULL,NULL,1577151274,1577153074,0,9),(231,'20191224101910246828',3,'{\"id\":35,\"user_id\":3,\"province\":\"\\u8fbd\\u5b81\\u7701\",\"city\":\"\\u6c88\\u9633\\u5e02\",\"district\":\"\\u548c\\u5e73\\u533a\",\"address\":\"213123213\",\"zip\":231,\"name\":\"\\u4e24\\u682a\\u7ea21\\u989c\",\"phone\":\"13395080823\",\"last_used_time\":1577153950,\"create_time\":\"1970-01-01 08:32:50\",\"update_time\":\"2019-12-24 10:19:10\"}',0.31,'',NULL,NULL,NULL,'pending',NULL,1,'pending',NULL,NULL,1577153950,1577155751,0,0),(232,'20191224104133538369',3,'{\"id\":35,\"user_id\":3,\"province\":\"\\u8fbd\\u5b81\\u7701\",\"city\":\"\\u6c88\\u9633\\u5e02\",\"district\":\"\\u548c\\u5e73\\u533a\",\"address\":\"213123213\",\"zip\":231,\"name\":\"\\u4e24\\u682a\\u7ea21\\u989c\",\"phone\":\"13395080823\",\"last_used_time\":1577155293,\"create_time\":\"1970-01-01 08:32:50\",\"update_time\":\"2019-12-24 10:41:33\"}',0.01,'',NULL,NULL,NULL,'pending',NULL,1,'pending',NULL,NULL,1577155293,1577157095,0,0),(233,'20191224114148509711',3,'{\"id\":43,\"user_id\":3,\"province\":\"\\u6cb3\\u5317\\u7701\",\"city\":\"\\u77f3\\u5bb6\\u5e84\\u5e02\",\"district\":\"\\u65b0\\u534e\\u533a\",\"address\":\"dssss\",\"zip\":12223,\"name\":\"oppo\",\"phone\":\"15757956985\",\"last_used_time\":1577158908,\"create_time\":\"2019-12-17 10:09:02\",\"update_time\":\"2019-12-24 11:41:48\"}',1.19,'',NULL,NULL,NULL,'pending',NULL,1,'pending',NULL,NULL,1577158908,1577160708,0,10),(234,'20191224150258128848',3,'{\"id\":43,\"user_id\":3,\"province\":\"\\u6cb3\\u5317\\u7701\",\"city\":\"\\u77f3\\u5bb6\\u5e84\\u5e02\",\"district\":\"\\u65b0\\u534e\\u533a\",\"address\":\"dssss\",\"zip\":12223,\"name\":\"oppo\",\"phone\":\"15757956985\",\"last_used_time\":1577170978,\"create_time\":\"2019-12-17 10:09:02\",\"update_time\":\"2019-12-24 15:02:58\"}',0.51,'',NULL,NULL,NULL,'pending',NULL,1,'pending',NULL,NULL,1577170978,1577172778,0,10),(235,'20191224151509717812',3,'{\"id\":2,\"user_id\":3,\"province\":\"\\u5929\\u6d25\\u5e02\",\"city\":\"\\u5e02\\u8f96\\u533a\",\"district\":\"\\u548c\\u5e73\\u533a\",\"address\":\"\\u9605\\u6c5f\\u897f\\u8def222\\u53f7\\u5e7f\\u5dde\\u5854\",\"zip\":0,\"name\":\"\\u9753\\u4ed4\\u54c8\",\"phone\":\"13564568789\",\"last_used_time\":1577171709,\"create_time\":\"1970-01-01 08:32:50\",\"update_time\":\"2019-12-24 15:15:09\"}',30.14,'',NULL,NULL,NULL,'pending',NULL,1,'pending',NULL,NULL,1577171709,1577173510,0,0),(236,'20191224180041585825',3,'{\"id\":2,\"user_id\":3,\"province\":\"\\u5929\\u6d25\\u5e02\",\"city\":\"\\u5e02\\u8f96\\u533a\",\"district\":\"\\u548c\\u5e73\\u533a\",\"address\":\"\\u9605\\u6c5f\\u897f\\u8def222\\u53f7\\u5e7f\\u5dde\\u5854\",\"zip\":0,\"name\":\"\\u9753\\u4ed4\\u54c8\",\"phone\":\"13564568789\",\"last_used_time\":1577181641,\"create_time\":\"1970-01-01 08:32:50\",\"update_time\":\"2019-12-24 18:00:41\"}',0.02,'',1577181660,'alipay','2019122422001488661402837527','applied',NULL,0,'pending',NULL,'{\"refund_reason\":\"\\u4e0b\\u9519\\u5355\\u4e86\"}',1577181641,1577181878,0,10),(237,'20191224180246762673',3,'{\"id\":2,\"user_id\":3,\"province\":\"\\u5929\\u6d25\\u5e02\",\"city\":\"\\u5e02\\u8f96\\u533a\",\"district\":\"\\u548c\\u5e73\\u533a\",\"address\":\"\\u9605\\u6c5f\\u897f\\u8def222\\u53f7\\u5e7f\\u5dde\\u5854\",\"zip\":0,\"name\":\"\\u9753\\u4ed4\\u54c8\",\"phone\":\"13564568789\",\"last_used_time\":1577181766,\"create_time\":\"1970-01-01 08:32:50\",\"update_time\":\"2019-12-24 18:02:46\"}',1.01,'',NULL,NULL,NULL,'pending',NULL,1,'pending',NULL,NULL,1577181766,1577183566,0,0),(238,'20191225142306459188',3,'{\"id\":43,\"user_id\":3,\"province\":\"\\u6cb3\\u5317\\u7701\",\"city\":\"\\u77f3\\u5bb6\\u5e84\\u5e02\",\"district\":\"\\u65b0\\u534e\\u533a\",\"address\":\"dssss\",\"zip\":12223,\"name\":\"oppo123\",\"phone\":\"15757956985\",\"last_used_time\":1577254986,\"create_time\":\"1970-01-01 08:33:39\",\"update_time\":\"2019-12-25 14:23:06\"}',0.64,'',NULL,NULL,NULL,'pending',NULL,1,'pending',NULL,NULL,1577254986,1577256786,0,0),(239,'20191225142606877015',3,'{\"id\":43,\"user_id\":3,\"province\":\"\\u6cb3\\u5317\\u7701\",\"city\":\"\\u77f3\\u5bb6\\u5e84\\u5e02\",\"district\":\"\\u65b0\\u534e\\u533a\",\"address\":\"dssss\",\"zip\":12223,\"name\":\"oppo123\",\"phone\":\"15757956985\",\"last_used_time\":1577255166,\"create_time\":\"1970-01-01 08:33:39\",\"update_time\":\"2019-12-25 14:26:06\"}',0.50,'',NULL,NULL,NULL,'pending',NULL,1,'pending',NULL,NULL,1577255166,1577256966,0,0),(240,'20191225160901028856',3,'{\"id\":43,\"user_id\":3,\"province\":\"\\u6cb3\\u5317\\u7701\",\"city\":\"\\u77f3\\u5bb6\\u5e84\\u5e02\",\"district\":\"\\u65b0\\u534e\\u533a\",\"address\":\"dssss\",\"zip\":12223,\"name\":\"oppo123\",\"phone\":\"15757956985\",\"last_used_time\":1577261341,\"create_time\":\"1970-01-01 08:33:39\",\"update_time\":\"2019-12-25 16:09:01\"}',0.06,'',NULL,NULL,NULL,'pending',NULL,1,'pending',NULL,NULL,1577261341,1577263142,0,0),(241,'20191225161055168766',3,'{\"id\":43,\"user_id\":3,\"province\":\"\\u6cb3\\u5317\\u7701\",\"city\":\"\\u77f3\\u5bb6\\u5e84\\u5e02\",\"district\":\"\\u65b0\\u534e\\u533a\",\"address\":\"dssss\",\"zip\":12223,\"name\":\"oppo123\",\"phone\":\"15757956985\",\"last_used_time\":1577261455,\"create_time\":\"1970-01-01 08:33:39\",\"update_time\":\"2019-12-25 16:10:55\"}',1.00,'',NULL,NULL,NULL,'pending',NULL,1,'pending',NULL,NULL,1577261455,1577263256,0,0),(242,'20191225171819865474',3,'{\"id\":2,\"user_id\":3,\"province\":\"\\u5929\\u6d25\\u5e02\",\"city\":\"\\u5e02\\u8f96\\u533a\",\"district\":\"\\u548c\\u5e73\\u533a\",\"address\":\"\\u9605\\u6c5f\\u897f\\u8def222\\u53f7\\u5e7f\\u5dde\\u5854\",\"zip\":0,\"name\":\"\\u9753\\u4ed4\\u54c8\",\"phone\":\"13564568789\",\"last_used_time\":1577265499,\"create_time\":\"1970-01-01 08:32:50\",\"update_time\":\"2019-12-25 17:18:19\"}',0.50,'',NULL,NULL,NULL,'pending',NULL,1,'pending',NULL,NULL,1577265499,1577267301,0,0),(243,'20191225173322626715',3,'{\"id\":2,\"user_id\":3,\"province\":\"\\u5929\\u6d25\\u5e02\",\"city\":\"\\u5e02\\u8f96\\u533a\",\"district\":\"\\u548c\\u5e73\\u533a\",\"address\":\"\\u9605\\u6c5f\\u897f\\u8def222\\u53f7\\u5e7f\\u5dde\\u5854\",\"zip\":0,\"name\":\"\\u9753\\u4ed4\\u54c8\",\"phone\":\"13564568789\",\"last_used_time\":1577266402,\"create_time\":\"1970-01-01 08:32:50\",\"update_time\":\"2019-12-25 17:33:22\"}',120.00,'',NULL,NULL,NULL,'pending',NULL,1,'pending',NULL,NULL,1577266402,1577268204,0,0),(244,'20191225173457714354',3,'{\"id\":2,\"user_id\":3,\"province\":\"\\u5929\\u6d25\\u5e02\",\"city\":\"\\u5e02\\u8f96\\u533a\",\"district\":\"\\u548c\\u5e73\\u533a\",\"address\":\"\\u9605\\u6c5f\\u897f\\u8def222\\u53f7\\u5e7f\\u5dde\\u5854\",\"zip\":0,\"name\":\"\\u9753\\u4ed4\\u54c8\",\"phone\":\"13564568789\",\"last_used_time\":1577266497,\"create_time\":\"1970-01-01 08:32:50\",\"update_time\":\"2019-12-25 17:34:57\"}',0.50,'',1577266517,'alipay','2019122522001476991403504982','applied',NULL,0,'pending',NULL,'{\"refund_reason\":\"\\u8bb0\\u5f55\"}',1577266497,1577358685,0,0),(245,'20191225173752951296',3,'{\"id\":2,\"user_id\":3,\"province\":\"\\u5929\\u6d25\\u5e02\",\"city\":\"\\u5e02\\u8f96\\u533a\",\"district\":\"\\u548c\\u5e73\\u533a\",\"address\":\"\\u9605\\u6c5f\\u897f\\u8def222\\u53f7\\u5e7f\\u5dde\\u5854\",\"zip\":0,\"name\":\"\\u9753\\u4ed4\\u54c8\",\"phone\":\"13564568789\",\"last_used_time\":1577266672,\"create_time\":\"1970-01-01 08:32:50\",\"update_time\":\"2019-12-25 17:37:52\"}',0.26,'',1577266680,'alipay','2019122522001476991403541055','applied',NULL,0,'pending',NULL,'{\"refund_reason\":\"\\u5c31\\u60f3\\u9000\\u6b3e\"}',1577266672,1577346587,0,9),(246,'20191225174555319747',3,'{\"id\":2,\"user_id\":3,\"province\":\"\\u5929\\u6d25\\u5e02\",\"city\":\"\\u5e02\\u8f96\\u533a\",\"district\":\"\\u548c\\u5e73\\u533a\",\"address\":\"\\u9605\\u6c5f\\u897f\\u8def222\\u53f7\\u5e7f\\u5dde\\u5854\",\"zip\":0,\"name\":\"\\u9753\\u4ed4\\u54c8\",\"phone\":\"13564568789\",\"last_used_time\":1577267155,\"create_time\":\"1970-01-01 08:32:50\",\"update_time\":\"2019-12-25 17:45:55\"}',0.50,'',NULL,NULL,NULL,'pending',NULL,1,'pending',NULL,NULL,1577267155,1577268955,0,0),(251,'20191226111832443851',3,'{\"id\":2,\"user_id\":3,\"province\":\"\\u5929\\u6d25\\u5e02\",\"city\":\"\\u5e02\\u8f96\\u533a\",\"district\":\"\\u548c\\u5e73\\u533a\",\"address\":\"\\u9605\\u6c5f\\u897f\\u8def222\\u53f7\\u5e7f\\u5dde\\u5854\",\"zip\":0,\"name\":\"\\u9753\\u4ed4\\u54c8\",\"phone\":\"13564568789\",\"last_used_time\":1577330312,\"create_time\":\"1970-01-01 08:32:50\",\"update_time\":\"2019-12-26 11:18:32\"}',0.06,'',NULL,NULL,NULL,'pending',NULL,1,'pending',NULL,NULL,1577330312,1577332112,0,0),(252,'20191226113251810106',3,'{\"id\":43,\"user_id\":3,\"province\":\"\\u6cb3\\u5317\\u7701\",\"city\":\"\\u77f3\\u5bb6\\u5e84\\u5e02\",\"district\":\"\\u65b0\\u534e\\u533a\",\"address\":\"dssss\",\"zip\":12223,\"name\":\"oppo123\",\"phone\":\"15757956985\",\"last_used_time\":1577331171,\"create_time\":\"1970-01-01 08:33:39\",\"update_time\":\"2019-12-26 11:32:51\"}',0.07,'',NULL,NULL,NULL,'pending',NULL,1,'pending',NULL,NULL,1577331171,1577332971,0,0),(253,'20191226114351973069',3,'{\"id\":43,\"user_id\":3,\"province\":\"\\u6cb3\\u5317\\u7701\",\"city\":\"\\u77f3\\u5bb6\\u5e84\\u5e02\",\"district\":\"\\u65b0\\u534e\\u533a\",\"address\":\"dssss\",\"zip\":12223,\"name\":\"oppo123\",\"phone\":\"15757956985\",\"last_used_time\":1577331831,\"create_time\":\"1970-01-01 08:33:39\",\"update_time\":\"2019-12-26 11:43:51\"}',0.06,'',NULL,NULL,NULL,'pending',NULL,1,'pending',NULL,NULL,1577331831,1577333631,0,0),(254,'20191226123353578513',3,'{\"id\":43,\"user_id\":3,\"province\":\"\\u6cb3\\u5317\\u7701\",\"city\":\"\\u77f3\\u5bb6\\u5e84\\u5e02\",\"district\":\"\\u65b0\\u534e\\u533a\",\"address\":\"dssss\",\"zip\":12223,\"name\":\"oppo123\",\"phone\":\"15757956985\",\"last_used_time\":1577334833,\"create_time\":\"1970-01-01 08:33:39\",\"update_time\":\"2019-12-26 12:33:53\"}',0.50,'',NULL,NULL,NULL,'pending',NULL,1,'pending',NULL,NULL,1577334833,1577336635,0,0),(255,'20191226133200718726',3,'{\"id\":2,\"user_id\":3,\"province\":\"\\u5929\\u6d25\\u5e02\",\"city\":\"\\u5e02\\u8f96\\u533a\",\"district\":\"\\u548c\\u5e73\\u533a\",\"address\":\"\\u9605\\u6c5f\\u897f\\u8def222\\u53f7\\u5e7f\\u5dde\\u5854\",\"zip\":0,\"name\":\"\\u9753\\u4ed4\\u54c8\",\"phone\":\"13564568789\",\"last_used_time\":1577338320,\"create_time\":\"1970-01-01 08:32:50\",\"update_time\":\"2019-12-26 13:32:00\"}',0.06,'',NULL,NULL,NULL,'pending',NULL,1,'pending',NULL,NULL,1577338320,1577340122,0,0),(256,'20191226134010473784',3,'{\"id\":35,\"user_id\":3,\"province\":\"\\u8fbd\\u5b81\\u7701\",\"city\":\"\\u6c88\\u9633\\u5e02\",\"district\":\"\\u548c\\u5e73\\u533a\",\"address\":\"213123213\",\"zip\":231,\"name\":\"\\u4e24\\u682a\\u7ea21\\u989c\",\"phone\":\"13395080823\",\"last_used_time\":1577338810,\"create_time\":\"1970-01-01 08:32:50\",\"update_time\":\"2019-12-26 13:40:10\"}',0.01,'',1577338838,'alipay','2019122622001446221403706833','applied',NULL,0,'pending',NULL,'{\"refund_reason\":\"\\u6d4b\\u8bd5\"}',1577338810,1577344382,0,0),(257,'20191226145217968335',3,'{\"id\":35,\"user_id\":3,\"province\":\"\\u8fbd\\u5b81\\u7701\",\"city\":\"\\u6c88\\u9633\\u5e02\",\"district\":\"\\u548c\\u5e73\\u533a\",\"address\":\"213123213\",\"zip\":231,\"name\":\"\\u4e24\\u682a\\u7ea21\\u989c\",\"phone\":\"13395080823\",\"last_used_time\":1577343137,\"create_time\":\"1970-01-01 08:32:50\",\"update_time\":\"2019-12-26 14:52:17\"}',0.07,'',NULL,NULL,NULL,'pending',NULL,0,'pending',NULL,NULL,1577343137,1577344938,0,0),(258,'20191226151454021020',3,'{\"id\":35,\"user_id\":3,\"province\":\"\\u8fbd\\u5b81\\u7701\",\"city\":\"\\u6c88\\u9633\\u5e02\",\"district\":\"\\u548c\\u5e73\\u533a\",\"address\":\"213123213\",\"zip\":231,\"name\":\"\\u4e24\\u682a\\u7ea21\\u989c\",\"phone\":\"13395080823\",\"last_used_time\":1577344494,\"create_time\":\"1970-01-01 08:32:50\",\"update_time\":\"2019-12-26 15:14:54\"}',0.01,'',NULL,NULL,NULL,'pending',NULL,0,'pending',NULL,NULL,1577344494,1577346295,0,0),(259,'20191226154142452241',3,'{\"id\":35,\"user_id\":3,\"province\":\"\\u8fbd\\u5b81\\u7701\",\"city\":\"\\u6c88\\u9633\\u5e02\",\"district\":\"\\u548c\\u5e73\\u533a\",\"address\":\"213123213\",\"zip\":231,\"name\":\"\\u4e24\\u682a\\u7ea21\\u989c\",\"phone\":\"13395080823\",\"last_used_time\":1577346102,\"create_time\":\"1970-01-01 08:32:50\",\"update_time\":\"2019-12-26 15:41:42\"}',0.01,'',NULL,NULL,NULL,'pending',NULL,0,'pending',NULL,NULL,1577346102,1577347903,0,0),(260,'20191226163043102148',3,'{\"id\":35,\"user_id\":3,\"province\":\"\\u8fbd\\u5b81\\u7701\",\"city\":\"\\u6c88\\u9633\\u5e02\",\"district\":\"\\u548c\\u5e73\\u533a\",\"address\":\"213123213\",\"zip\":231,\"name\":\"\\u4e24\\u682a\\u7ea21\\u989c\",\"phone\":\"13395080823\",\"last_used_time\":1577349043,\"create_time\":\"1970-01-01 08:32:50\",\"update_time\":\"2019-12-26 16:30:43\"}',0.50,'',NULL,NULL,NULL,'pending',NULL,1,'pending',NULL,NULL,1577349043,1577350844,0,0),(261,'20191226170332926465',3,'{\"id\":44,\"user_id\":3,\"province\":\"\\u5185\\u8499\\u53e4\\u81ea\\u6cbb\\u533a\",\"city\":\"\\u8d64\\u5cf0\\u5e02\",\"district\":\"\\u7ea2\\u5c71\\u533a\",\"address\":\"5445\",\"zip\":222,\"name\":\"bbb\",\"phone\":\"15757409877\",\"last_used_time\":1577351012,\"create_time\":\"1970-01-01 08:32:50\",\"update_time\":\"2019-12-26 17:03:32\"}',0.10,'',NULL,NULL,NULL,'pending',NULL,1,'pending',NULL,NULL,1577351012,1577352813,0,0),(262,'20191226173636837053',3,'{\"id\":44,\"user_id\":3,\"province\":\"\\u5185\\u8499\\u53e4\\u81ea\\u6cbb\\u533a\",\"city\":\"\\u8d64\\u5cf0\\u5e02\",\"district\":\"\\u7ea2\\u5c71\\u533a\",\"address\":\"5445\",\"zip\":222,\"name\":\"bbb\",\"phone\":\"15757409877\",\"last_used_time\":1577352996,\"create_time\":\"1970-01-01 08:32:50\",\"update_time\":\"2019-12-26 17:36:36\"}',0.50,'',NULL,NULL,NULL,'pending',NULL,1,'pending',NULL,NULL,1577352996,1577354797,0,0),(263,'20191226200346062725',3,'{\"id\":43,\"user_id\":3,\"province\":\"\\u6cb3\\u5317\\u7701\",\"city\":\"\\u77f3\\u5bb6\\u5e84\\u5e02\",\"district\":\"\\u65b0\\u534e\\u533a\",\"address\":\"dssss\",\"zip\":12223,\"name\":\"oppo123\",\"phone\":\"15757956985\",\"last_used_time\":1577361826,\"create_time\":\"1970-01-01 08:33:39\",\"update_time\":\"2019-12-26 20:03:46\"}',0.07,'',NULL,NULL,NULL,'pending',NULL,1,'pending',NULL,NULL,1577361826,1577363628,0,0),(264,'20191229145014273920',3,'{\"id\":2,\"user_id\":3,\"province\":\"\\u5929\\u6d25\\u5e02\",\"city\":\"\\u5e02\\u8f96\\u533a\",\"district\":\"\\u548c\\u5e73\\u533a\",\"address\":\"\\u9605\\u6c5f\\u897f\\u8def222\\u53f7\\u5e7f\\u5dde\\u5854\",\"zip\":0,\"name\":\"\\u9753\\u4ed4\\u54c8\",\"phone\":\"13564568789\",\"last_used_time\":1577602214,\"create_time\":\"1970-01-01 08:32:50\",\"update_time\":\"2019-12-29 14:50:14\"}',0.02,'',NULL,NULL,NULL,'pending',NULL,1,'pending',NULL,NULL,1577602214,1577799318,0,0),(265,'20191229145439656622',3,'{\"id\":47,\"user_id\":3,\"province\":\"\\u6d59\\u6c5f\\u7701\",\"city\":\"\\u676d\\u5dde\\u5e02\",\"district\":\"\\u4e0a\\u57ce\\u533a\",\"address\":\"666\",\"zip\":0,\"name\":\"\\u6c49\\u5821\",\"phone\":\"17792352523\",\"last_used_time\":1577602479,\"create_time\":\"1970-01-01 08:33:39\",\"update_time\":\"2019-12-29 14:54:39\"}',0.01,'',NULL,NULL,NULL,'pending',NULL,1,'pending',NULL,NULL,1577602479,1577799318,0,0),(266,'20191229145632778184',3,'{\"id\":3,\"user_id\":3,\"province\":\"\\u5e7f\\u4e1c\\u7701\",\"city\":\"\\u5e7f\\u5dde\\u5e02\",\"district\":\"\\u8354\\u6e7e\\u533a\",\"address\":\"\\u9605\\u6c5f\\u897f\\u8def232\\u53f7\",\"zip\":0,\"name\":\"\\u5e05\\u54e5\\u5c0f\\u7c73\\u624b\\u673affyu\",\"phone\":\"13564568781\",\"last_used_time\":1577602592,\"create_time\":\"1970-01-01 08:32:50\",\"update_time\":\"2019-12-29 14:56:32\"}',0.42,'',NULL,NULL,NULL,'pending',NULL,1,'pending',NULL,NULL,1577602592,1577799318,0,0),(267,'20191229201109458270',3,'{\"id\":3,\"user_id\":3,\"province\":\"\\u5e7f\\u4e1c\\u7701\",\"city\":\"\\u5e7f\\u5dde\\u5e02\",\"district\":\"\\u8354\\u6e7e\\u533a\",\"address\":\"\\u9605\\u6c5f\\u897f\\u8def232\\u53f7\",\"zip\":0,\"name\":\"\\u5e05\\u54e5\\u5c0f\\u7c73\\u624b\\u673affyu\",\"phone\":\"13564568781\",\"last_used_time\":1577621469,\"create_time\":\"1970-01-01 08:32:50\",\"update_time\":\"2019-12-29 20:11:09\"}',3.50,'',NULL,NULL,NULL,'pending',NULL,1,'pending',NULL,NULL,1577621469,1577799319,0,0),(268,'20191229204123634631',3,'{\"id\":3,\"user_id\":3,\"province\":\"\\u5e7f\\u4e1c\\u7701\",\"city\":\"\\u5e7f\\u5dde\\u5e02\",\"district\":\"\\u8354\\u6e7e\\u533a\",\"address\":\"\\u9605\\u6c5f\\u897f\\u8def232\\u53f7\",\"zip\":0,\"name\":\"\\u5e05\\u54e5\\u5c0f\\u7c73\\u624b\\u673affyu\",\"phone\":\"13564568781\",\"last_used_time\":1577623283,\"create_time\":\"1970-01-01 08:32:50\",\"update_time\":\"2019-12-29 20:41:23\"}',0.01,'',1577625990,'wechat','20191229204123634631','applied',NULL,0,'pending',NULL,'{\"refund_reason\":\"\\u6cd5\\u5927\\u5e2b\\u5085\"}',1577623283,1579166774,0,0),(269,'20191229215318651358',3,'{\"id\":3,\"user_id\":3,\"province\":\"\\u5e7f\\u4e1c\\u7701\",\"city\":\"\\u5e7f\\u5dde\\u5e02\",\"district\":\"\\u8354\\u6e7e\\u533a\",\"address\":\"\\u9605\\u6c5f\\u897f\\u8def232\\u53f7\",\"zip\":0,\"name\":\"\\u5e05\\u54e5\\u5c0f\\u7c73\\u624b\\u673affyu\",\"phone\":\"13564568781\",\"last_used_time\":1577627598,\"create_time\":\"1970-01-01 08:32:50\",\"update_time\":\"2019-12-29 21:53:18\"}',0.50,'',NULL,NULL,NULL,'pending',NULL,1,'pending',NULL,NULL,1577627598,1577799319,0,0),(270,'20191230090918577346',3,'{\"id\":2,\"user_id\":3,\"province\":\"\\u5929\\u6d25\\u5e02\",\"city\":\"\\u5e02\\u8f96\\u533a\",\"district\":\"\\u548c\\u5e73\\u533a\",\"address\":\"\\u9605\\u6c5f\\u897f\\u8def222\\u53f7\\u5e7f\\u5dde\\u5854\",\"zip\":0,\"name\":\"\\u9753\\u4ed4\\u54c8\",\"phone\":\"13564568789\",\"last_used_time\":1577668158,\"create_time\":\"1970-01-01 08:32:50\",\"update_time\":\"2019-12-30 09:09:18\"}',0.01,'',NULL,NULL,NULL,'pending',NULL,1,'pending',NULL,NULL,1577668158,1577799319,0,0),(271,'20191230092416660063',3,'{\"id\":2,\"user_id\":3,\"province\":\"\\u5929\\u6d25\\u5e02\",\"city\":\"\\u5e02\\u8f96\\u533a\",\"district\":\"\\u548c\\u5e73\\u533a\",\"address\":\"\\u9605\\u6c5f\\u897f\\u8def222\\u53f7\\u5e7f\\u5dde\\u5854\",\"zip\":0,\"name\":\"\\u9753\\u4ed4\\u54c8\",\"phone\":\"13564568789\",\"last_used_time\":1577669056,\"create_time\":\"1970-01-01 08:32:50\",\"update_time\":\"2019-12-30 09:24:16\"}',0.14,'',NULL,NULL,NULL,'pending',NULL,1,'pending',NULL,NULL,1577669056,1577799319,0,0),(272,'20191230094733695996',3,'{\"id\":2,\"user_id\":3,\"province\":\"\\u5929\\u6d25\\u5e02\",\"city\":\"\\u5e02\\u8f96\\u533a\",\"district\":\"\\u548c\\u5e73\\u533a\",\"address\":\"\\u9605\\u6c5f\\u897f\\u8def222\\u53f7\\u5e7f\\u5dde\\u5854\",\"zip\":0,\"name\":\"\\u9753\\u4ed4\\u54c8\",\"phone\":\"13564568789\",\"last_used_time\":1577670453,\"create_time\":\"1970-01-01 08:32:50\",\"update_time\":\"2019-12-30 09:47:33\"}',0.01,'',NULL,NULL,NULL,'pending',NULL,1,'pending',NULL,NULL,1577670453,1577799319,0,0),(273,'20191230095005118640',3,'{\"id\":2,\"user_id\":3,\"province\":\"\\u5929\\u6d25\\u5e02\",\"city\":\"\\u5e02\\u8f96\\u533a\",\"district\":\"\\u548c\\u5e73\\u533a\",\"address\":\"\\u9605\\u6c5f\\u897f\\u8def222\\u53f7\\u5e7f\\u5dde\\u5854\",\"zip\":0,\"name\":\"\\u9753\\u4ed4\\u54c8\",\"phone\":\"13564568789\",\"last_used_time\":1577670605,\"create_time\":\"1970-01-01 08:32:50\",\"update_time\":\"2019-12-30 09:50:05\"}',0.01,'',NULL,NULL,NULL,'pending',NULL,1,'pending',NULL,NULL,1577670605,1577799319,0,0),(274,'20191230095504712656',3,'{\"id\":2,\"user_id\":3,\"province\":\"\\u5929\\u6d25\\u5e02\",\"city\":\"\\u5e02\\u8f96\\u533a\",\"district\":\"\\u548c\\u5e73\\u533a\",\"address\":\"\\u9605\\u6c5f\\u897f\\u8def222\\u53f7\\u5e7f\\u5dde\\u5854\",\"zip\":0,\"name\":\"\\u9753\\u4ed4\\u54c8\",\"phone\":\"13564568789\",\"last_used_time\":1577670904,\"create_time\":\"1970-01-01 08:32:50\",\"update_time\":\"2019-12-30 09:55:04\"}',0.02,'',1577670923,'alipay','2019123022001481731405128440','pending',NULL,0,'pending',NULL,NULL,1577670904,1577670923,0,0),(275,'20191230154644087891',3,'{\"id\":2,\"user_id\":3,\"province\":\"\\u5929\\u6d25\\u5e02\",\"city\":\"\\u5e02\\u8f96\\u533a\",\"district\":\"\\u548c\\u5e73\\u533a\",\"address\":\"\\u9605\\u6c5f\\u897f\\u8def222\\u53f7\\u5e7f\\u5dde\\u5854\",\"zip\":0,\"name\":\"\\u9753\\u4ed4\\u54c8\",\"phone\":\"13564568789\",\"last_used_time\":1577692004,\"create_time\":\"1970-01-01 08:32:50\",\"update_time\":\"2019-12-30 15:46:44\"}',0.04,'',1577692039,'alipay','2019123022001481731405123462','applied',NULL,0,'pending',NULL,'{\"refund_reason\":\"\\u4e70\\u9519\\u4e86\"}',1577692004,1577696417,0,0),(276,'20191230160951132112',3,'{\"id\":2,\"user_id\":3,\"province\":\"\\u5929\\u6d25\\u5e02\",\"city\":\"\\u5e02\\u8f96\\u533a\",\"district\":\"\\u548c\\u5e73\\u533a\",\"address\":\"\\u9605\\u6c5f\\u897f\\u8def222\\u53f7\\u5e7f\\u5dde\\u5854\",\"zip\":0,\"name\":\"\\u9753\\u4ed4\\u54c8\",\"phone\":\"13564568789\",\"last_used_time\":1577693391,\"create_time\":\"1970-01-01 08:32:50\",\"update_time\":\"2019-12-30 16:09:51\"}',0.07,'',NULL,NULL,NULL,'pending',NULL,1,'pending',NULL,NULL,1577693391,1577799319,0,0),(277,'20191230164540209977',3,'{\"id\":2,\"user_id\":3,\"province\":\"\\u5929\\u6d25\\u5e02\",\"city\":\"\\u5e02\\u8f96\\u533a\",\"district\":\"\\u548c\\u5e73\\u533a\",\"address\":\"\\u9605\\u6c5f\\u897f\\u8def222\\u53f7\\u5e7f\\u5dde\\u5854\",\"zip\":0,\"name\":\"\\u9753\\u4ed4\\u54c8\",\"phone\":\"13564568789\",\"last_used_time\":1577695540,\"create_time\":\"1970-01-01 08:32:50\",\"update_time\":\"2019-12-30 16:45:40\"}',0.50,'',NULL,NULL,NULL,'pending',NULL,1,'pending',NULL,NULL,1577695540,1577799319,0,0),(278,'20191231112300599492',3,'{\"id\":2,\"user_id\":3,\"province\":\"\\u5929\\u6d25\\u5e02\",\"city\":\"\\u5e02\\u8f96\\u533a\",\"district\":\"\\u548c\\u5e73\\u533a\",\"address\":\"\\u9605\\u6c5f\\u897f\\u8def222\\u53f7\\u5e7f\\u5dde\\u5854\",\"zip\":0,\"name\":\"\\u9753\\u4ed4\\u54c8\",\"phone\":\"13564568789\",\"last_used_time\":1577762580,\"create_time\":\"1970-01-01 08:32:50\",\"update_time\":\"2019-12-31 11:23:00\"}',30.01,'',NULL,NULL,NULL,'pending',NULL,1,'pending',NULL,NULL,1577762580,1577799319,0,0),(279,'20191231144150059409',3,'{\"id\":35,\"user_id\":3,\"province\":\"\\u8fbd\\u5b81\\u7701\",\"city\":\"\\u6c88\\u9633\\u5e02\",\"district\":\"\\u548c\\u5e73\\u533a\",\"address\":\"213123213\",\"zip\":231,\"name\":\"\\u4e24\\u682a\\u7ea21\\u989c\",\"phone\":\"13395080823\",\"last_used_time\":1577774510,\"create_time\":\"1970-01-01 08:32:50\",\"update_time\":\"2019-12-31 14:41:50\"}',0.50,'',NULL,NULL,NULL,'pending',NULL,1,'pending',NULL,NULL,1577774510,1577799319,0,0),(280,'20191231193236737053',3,'{\"id\":35,\"user_id\":3,\"province\":\"\\u8fbd\\u5b81\\u7701\",\"city\":\"\\u6c88\\u9633\\u5e02\",\"district\":\"\\u548c\\u5e73\\u533a\",\"address\":\"213123213\",\"zip\":231,\"name\":\"\\u4e24\\u682a\\u7ea21\\u989c\",\"phone\":\"13395080823\",\"last_used_time\":1577791956,\"create_time\":\"1970-01-01 08:32:50\",\"update_time\":\"2019-12-31 19:32:36\"}',0.50,'',NULL,NULL,NULL,'pending',NULL,1,'pending',NULL,NULL,1577791956,1577799319,0,0),(281,'20191231200811217494',3,'{\"id\":35,\"user_id\":3,\"province\":\"\\u8fbd\\u5b81\\u7701\",\"city\":\"\\u6c88\\u9633\\u5e02\",\"district\":\"\\u548c\\u5e73\\u533a\",\"address\":\"213123213\",\"zip\":231,\"name\":\"\\u4e24\\u682a\\u7ea21\\u989c\",\"phone\":\"13395080823\",\"last_used_time\":1577794091,\"create_time\":\"1970-01-01 08:32:50\",\"update_time\":\"2019-12-31 20:08:11\"}',0.01,'',NULL,NULL,NULL,'pending',NULL,1,'pending',NULL,NULL,1577794091,1577799319,0,0),(282,'20191231213538890211',3,'{\"id\":35,\"user_id\":3,\"province\":\"\\u8fbd\\u5b81\\u7701\",\"city\":\"\\u6c88\\u9633\\u5e02\",\"district\":\"\\u548c\\u5e73\\u533a\",\"address\":\"213123213\",\"zip\":231,\"name\":\"\\u4e24\\u682a\\u7ea21\\u989c\",\"phone\":\"13395080823\",\"last_used_time\":1577799338,\"create_time\":\"1970-01-01 08:32:50\",\"update_time\":\"2019-12-31 21:35:38\"}',0.01,'',1577800974,'wechat','20191231213538890211','applied',NULL,0,'pending',NULL,'{\"refund_reason\":\"sadasd\"}',1577799338,1578470391,0,0),(283,'20191231223720135043',3,'{\"id\":35,\"user_id\":3,\"province\":\"\\u8fbd\\u5b81\\u7701\",\"city\":\"\\u6c88\\u9633\\u5e02\",\"district\":\"\\u548c\\u5e73\\u533a\",\"address\":\"213123213\",\"zip\":231,\"name\":\"\\u4e24\\u682a\\u7ea21\\u989c\",\"phone\":\"13395080823\",\"last_used_time\":1577803040,\"create_time\":\"1970-01-01 08:32:50\",\"update_time\":\"2019-12-31 22:37:20\"}',0.01,'',1577803554,'wechat','20191231223720135043','applied',NULL,0,'pending',NULL,'{\"refund_reason\":\"sadsadsad\"}',1577803040,1578470208,0,0),(284,'20200101014631704507',3,'{\"id\":2,\"user_id\":3,\"province\":\"\\u5929\\u6d25\\u5e02\",\"city\":\"\\u5e02\\u8f96\\u533a\",\"district\":\"\\u548c\\u5e73\\u533a\",\"address\":\"\\u9605\\u6c5f\\u897f\\u8def222\\u53f7\\u5e7f\\u5dde\\u5854\",\"zip\":0,\"name\":\"\\u9753\\u4ed4\\u54c8\",\"phone\":\"13564568789\",\"last_used_time\":1577814391,\"create_time\":\"1970-01-01 08:32:50\",\"update_time\":\"2020-01-01 01:46:31\"}',0.15,'',NULL,NULL,NULL,'pending',NULL,1,'pending',NULL,NULL,1577814391,1577816193,0,0),(285,'20200101151139415194',3,'{\"id\":3,\"user_id\":3,\"province\":\"\\u5e7f\\u4e1c\\u7701\",\"city\":\"\\u5e7f\\u5dde\\u5e02\",\"district\":\"\\u8354\\u6e7e\\u533a\",\"address\":\"\\u9605\\u6c5f\\u897f\\u8def232\\u53f7\",\"zip\":0,\"name\":\"\\u5e05\\u54e5\\u5c0f\\u7c73\\u624b\\u673affyu\",\"phone\":\"13564568781\",\"last_used_time\":1577862699,\"create_time\":\"1970-01-01 08:32:50\",\"update_time\":\"2020-01-01 15:11:39\"}',0.01,'',1577862714,'alipay','2020010122001412711405915671','applied',NULL,0,'pending',NULL,'{\"refund_reason\":\"\\u4e0b\\u9519\\u5355\\u4e86\"}',1577862699,1577862760,0,0),(286,'20200102112038050874',3,'{\"id\":35,\"user_id\":3,\"province\":\"\\u8fbd\\u5b81\\u7701\",\"city\":\"\\u6c88\\u9633\\u5e02\",\"district\":\"\\u548c\\u5e73\\u533a\",\"address\":\"213123213\",\"zip\":231,\"name\":\"\\u4e24\\u682a\\u7ea21\\u989c\",\"phone\":\"13395080823\",\"last_used_time\":1577935238,\"create_time\":\"1970-01-01 08:32:50\",\"update_time\":\"2020-01-02 11:20:38\"}',0.06,'',NULL,NULL,NULL,'pending',NULL,1,'pending',NULL,NULL,1577935238,1577937040,0,0),(287,'20200102152643410064',3,'{\"id\":3,\"user_id\":3,\"province\":\"\\u5e7f\\u4e1c\\u7701\",\"city\":\"\\u5e7f\\u5dde\\u5e02\",\"district\":\"\\u8354\\u6e7e\\u533a\",\"address\":\"\\u9605\\u6c5f\\u897f\\u8def232\\u53f7\",\"zip\":0,\"name\":\"\\u5e05\\u54e5\\u5c0f\\u7c73\\u624b\\u673affyu\",\"phone\":\"13564568781\",\"last_used_time\":1577950003,\"create_time\":\"1970-01-01 08:32:50\",\"update_time\":\"2020-01-02 15:26:43\"}',2.18,'',NULL,NULL,NULL,'pending',NULL,1,'pending',NULL,NULL,1577950003,1577951805,0,0),(288,'20200102155532727614',3,'{\"id\":3,\"user_id\":3,\"province\":\"\\u5e7f\\u4e1c\\u7701\",\"city\":\"\\u5e7f\\u5dde\\u5e02\",\"district\":\"\\u8354\\u6e7e\\u533a\",\"address\":\"\\u9605\\u6c5f\\u897f\\u8def232\\u53f7\",\"zip\":0,\"name\":\"\\u5e05\\u54e5\\u5c0f\\u7c73\\u624b\\u673affyu\",\"phone\":\"13564568781\",\"last_used_time\":1577951732,\"create_time\":\"1970-01-01 08:32:50\",\"update_time\":\"2020-01-02 15:55:32\"}',0.50,'',NULL,NULL,NULL,'pending',NULL,1,'pending',NULL,NULL,1577951732,1577953534,0,0),(289,'20200102163952301630',3,'{\"id\":35,\"user_id\":3,\"province\":\"\\u8fbd\\u5b81\\u7701\",\"city\":\"\\u6c88\\u9633\\u5e02\",\"district\":\"\\u548c\\u5e73\\u533a\",\"address\":\"213123213\",\"zip\":231,\"name\":\"\\u4e24\\u682a\\u7ea21\\u989c\",\"phone\":\"13395080823\",\"last_used_time\":1577954392,\"create_time\":\"1970-01-01 08:32:50\",\"update_time\":\"2020-01-02 16:39:52\"}',0.07,'',NULL,NULL,NULL,'pending',NULL,1,'pending',NULL,NULL,1577954392,1577956195,0,0),(290,'20200104145643702300',3,'{\"id\":2,\"user_id\":3,\"province\":\"\\u5929\\u6d25\\u5e02\",\"city\":\"\\u5e02\\u8f96\\u533a\",\"district\":\"\\u548c\\u5e73\\u533a\",\"address\":\"\\u9605\\u6c5f\\u897f\\u8def222\\u53f7\\u5e7f\\u5dde\\u5854\",\"zip\":0,\"name\":\"\\u9753\\u4ed4\\u54c8\",\"phone\":\"13564568789\",\"last_used_time\":1578121003,\"create_time\":\"1970-01-01 08:32:50\",\"update_time\":\"2020-01-04 14:56:43\"}',3.87,'',NULL,NULL,NULL,'pending',NULL,1,'pending',NULL,NULL,1578121003,1578122804,0,0),(291,'20200106175827684937',3,'{\"id\":35,\"user_id\":3,\"province\":\"\\u8fbd\\u5b81\\u7701\",\"city\":\"\\u6c88\\u9633\\u5e02\",\"district\":\"\\u548c\\u5e73\\u533a\",\"address\":\"213123213\",\"zip\":231,\"name\":\"\\u4e24\\u682a\\u7ea21\\u989c\",\"phone\":\"13395080823\",\"last_used_time\":1578304707,\"create_time\":\"1970-01-01 08:32:50\",\"update_time\":\"2020-01-06 17:58:27\"}',0.50,'',NULL,NULL,NULL,'pending',NULL,1,'pending',NULL,NULL,1578304707,1578306509,0,0),(292,'20200106182604498401',3,'{\"id\":35,\"user_id\":3,\"province\":\"\\u8fbd\\u5b81\\u7701\",\"city\":\"\\u6c88\\u9633\\u5e02\",\"district\":\"\\u548c\\u5e73\\u533a\",\"address\":\"213123213\",\"zip\":231,\"name\":\"\\u4e24\\u682a\\u7ea21\\u989c\",\"phone\":\"13395080823\",\"last_used_time\":1578306364,\"create_time\":\"1970-01-01 08:32:50\",\"update_time\":\"2020-01-06 18:26:04\"}',0.50,'',NULL,NULL,NULL,'pending',NULL,1,'pending',NULL,NULL,1578306364,1578308166,0,0),(293,'20200106183903902381',3,'{\"id\":35,\"user_id\":3,\"province\":\"\\u8fbd\\u5b81\\u7701\",\"city\":\"\\u6c88\\u9633\\u5e02\",\"district\":\"\\u548c\\u5e73\\u533a\",\"address\":\"213123213\",\"zip\":231,\"name\":\"\\u4e24\\u682a\\u7ea21\\u989c\",\"phone\":\"13395080823\",\"last_used_time\":1578307143,\"create_time\":\"1970-01-01 08:32:50\",\"update_time\":\"2020-01-06 18:39:03\"}',1.00,'',NULL,NULL,NULL,'pending',NULL,1,'pending',NULL,NULL,1578307143,1578308943,0,0),(294,'20200106184042902270',3,'{\"id\":3,\"user_id\":3,\"province\":\"\\u5e7f\\u4e1c\\u7701\",\"city\":\"\\u5e7f\\u5dde\\u5e02\",\"district\":\"\\u8354\\u6e7e\\u533a\",\"address\":\"\\u9605\\u6c5f\\u897f\\u8def232\\u53f7\",\"zip\":0,\"name\":\"\\u5e05\\u54e5\\u5c0f\\u7c73\\u624b\\u673affyu\",\"phone\":\"13564568781\",\"last_used_time\":1578307242,\"create_time\":\"1970-01-01 08:32:50\",\"update_time\":\"2020-01-06 18:40:42\"}',0.01,'',NULL,NULL,NULL,'pending',NULL,1,'pending',NULL,NULL,1578307242,1578309042,0,0),(295,'20200106191513592075',3,'{\"id\":2,\"user_id\":3,\"province\":\"\\u5929\\u6d25\\u5e02\",\"city\":\"\\u5e02\\u8f96\\u533a\",\"district\":\"\\u548c\\u5e73\\u533a\",\"address\":\"\\u9605\\u6c5f\\u897f\\u8def222\\u53f7\\u5e7f\\u5dde\\u5854\",\"zip\":100089,\"name\":\"\\u9753\\u4ed4\\u54c8\",\"phone\":\"13564568789\",\"last_used_time\":1578309313,\"create_time\":\"1970-01-01 08:32:50\",\"update_time\":\"2020-01-06 19:15:13\"}',0.01,'',NULL,NULL,NULL,'pending',NULL,1,'pending',NULL,NULL,1578309313,1578311113,0,0),(296,'20200106212256131268',3,'{\"id\":2,\"user_id\":3,\"province\":\"\\u5929\\u6d25\\u5e02\",\"city\":\"\\u5e02\\u8f96\\u533a\",\"district\":\"\\u548c\\u5e73\\u533a\",\"address\":\"\\u9605\\u6c5f\\u897f\\u8def222\\u53f7\\u5e7f\\u5dde\\u5854\",\"zip\":100089,\"name\":\"\\u9753\\u4ed4\\u54c8\",\"phone\":\"13564568789\",\"last_used_time\":1578316976,\"create_time\":\"1970-01-01 08:32:50\",\"update_time\":\"2020-01-06 21:22:56\"}',0.21,'',NULL,NULL,NULL,'pending',NULL,1,'pending',NULL,NULL,1578316976,1578318777,0,0),(297,'20200107155141850206',3,'{\"id\":2,\"user_id\":3,\"province\":\"\\u5929\\u6d25\\u5e02\",\"city\":\"\\u5e02\\u8f96\\u533a\",\"district\":\"\\u548c\\u5e73\\u533a\",\"address\":\"\\u9605\\u6c5f\\u897f\\u8def222\\u53f7\\u5e7f\\u5dde\\u5854\",\"zip\":100089,\"name\":\"\\u9753\\u4ed4\\u54c8\",\"phone\":\"13564568789\",\"last_used_time\":1578383501,\"create_time\":\"1970-01-01 08:32:50\",\"update_time\":\"2020-01-07 15:51:41\"}',0.42,'',NULL,NULL,NULL,'pending',NULL,1,'pending',NULL,NULL,1578383501,1578385301,0,0),(298,'20200107164958928306',3,'{\"id\":2,\"user_id\":3,\"province\":\"\\u5929\\u6d25\\u5e02\",\"city\":\"\\u5e02\\u8f96\\u533a\",\"district\":\"\\u548c\\u5e73\\u533a\",\"address\":\"\\u9605\\u6c5f\\u897f\\u8def222\\u53f7\\u5e7f\\u5dde\\u5854\",\"zip\":100089,\"name\":\"\\u9753\\u4ed4\\u54c8\",\"phone\":\"13564568789\",\"last_used_time\":1578386998,\"create_time\":\"1970-01-01 08:32:50\",\"update_time\":\"2020-01-07 16:49:58\"}',0.05,'',NULL,NULL,NULL,'pending',NULL,1,'pending',NULL,NULL,1578386998,1578388798,0,0),(299,'20200107165558168163',3,'{\"id\":2,\"user_id\":3,\"province\":\"\\u5929\\u6d25\\u5e02\",\"city\":\"\\u5e02\\u8f96\\u533a\",\"district\":\"\\u548c\\u5e73\\u533a\",\"address\":\"\\u9605\\u6c5f\\u897f\\u8def222\\u53f7\\u5e7f\\u5dde\\u5854\",\"zip\":100089,\"name\":\"\\u9753\\u4ed4\\u54c8\",\"phone\":\"13564568789\",\"last_used_time\":1578387358,\"create_time\":\"1970-01-01 08:32:50\",\"update_time\":\"2020-01-07 16:55:58\"}',0.20,'',NULL,NULL,NULL,'pending',NULL,1,'pending',NULL,NULL,1578387358,1578389158,0,0),(300,'20200107193259832646',3,'{\"id\":47,\"user_id\":3,\"province\":\"\\u6d59\\u6c5f\\u7701\",\"city\":\"\\u676d\\u5dde\\u5e02\",\"district\":\"\\u4e0a\\u57ce\\u533a\",\"address\":\"666\",\"zip\":0,\"name\":\"\\u6c49\\u5821\",\"phone\":\"17792352523\",\"last_used_time\":1578396779,\"create_time\":\"1970-01-01 08:32:50\",\"update_time\":\"2020-01-07 19:32:59\"}',0.50,'',NULL,NULL,NULL,'pending',NULL,1,'pending',NULL,NULL,1578396779,1578398581,0,0),(301,'20200107204244605485',3,'{\"id\":47,\"user_id\":3,\"province\":\"\\u6d59\\u6c5f\\u7701\",\"city\":\"\\u676d\\u5dde\\u5e02\",\"district\":\"\\u4e0a\\u57ce\\u533a\",\"address\":\"666\",\"zip\":0,\"name\":\"\\u6c49\\u5821\",\"phone\":\"17792352523\",\"last_used_time\":1578400964,\"create_time\":\"1970-01-01 08:32:50\",\"update_time\":\"2020-01-07 20:42:44\"}',0.50,'',NULL,NULL,NULL,'pending',NULL,1,'pending',NULL,NULL,1578400964,1578402764,0,0),(302,'20200108110717323296',3,'{\"id\":2,\"user_id\":3,\"province\":\"\\u5929\\u6d25\\u5e02\",\"city\":\"\\u5e02\\u8f96\\u533a\",\"district\":\"\\u548c\\u5e73\\u533a\",\"address\":\"\\u9605\\u6c5f\\u897f\\u8def222\\u53f7\\u5e7f\\u5dde\\u5854\",\"zip\":100089,\"name\":\"\\u9753\\u4ed4\\u54c8\",\"phone\":\"13564568789\",\"last_used_time\":1578452837,\"create_time\":\"1970-01-01 08:32:50\",\"update_time\":\"2020-01-08 11:07:17\"}',0.01,'',1578452850,'alipay','2020010822001496141407543427','applied',NULL,0,'pending',NULL,'{\"refund_reason\":\"\\u5c31\\u662f\\u8981\\u9000\"}',1578452837,1578453545,0,0),(303,'20200108115826543959',3,'{\"id\":2,\"user_id\":3,\"province\":\"\\u5929\\u6d25\\u5e02\",\"city\":\"\\u5e02\\u8f96\\u533a\",\"district\":\"\\u548c\\u5e73\\u533a\",\"address\":\"\\u9605\\u6c5f\\u897f\\u8def222\\u53f7\\u5e7f\\u5dde\\u5854\",\"zip\":100089,\"name\":\"\\u9753\\u4ed4\\u54c8\",\"phone\":\"13564568789\",\"last_used_time\":1578455906,\"create_time\":\"1970-01-01 08:32:50\",\"update_time\":\"2020-01-08 11:58:26\"}',0.07,'',NULL,NULL,NULL,'pending',NULL,1,'pending',NULL,NULL,1578455906,1578457708,0,0),(304,'20200108120148678738',3,'{\"id\":2,\"user_id\":3,\"province\":\"\\u5929\\u6d25\\u5e02\",\"city\":\"\\u5e02\\u8f96\\u533a\",\"district\":\"\\u548c\\u5e73\\u533a\",\"address\":\"\\u9605\\u6c5f\\u897f\\u8def222\\u53f7\\u5e7f\\u5dde\\u5854\",\"zip\":100089,\"name\":\"\\u9753\\u4ed4\\u54c8\",\"phone\":\"13564568789\",\"last_used_time\":1578456108,\"create_time\":\"1970-01-01 08:32:50\",\"update_time\":\"2020-01-08 12:01:48\"}',0.12,'',NULL,NULL,NULL,'pending',NULL,1,'pending',NULL,NULL,1578456108,1578457909,0,0),(305,'20200108162835397588',3,'{\"id\":47,\"user_id\":3,\"province\":\"\\u6d59\\u6c5f\\u7701\",\"city\":\"\\u676d\\u5dde\\u5e02\",\"district\":\"\\u4e0a\\u57ce\\u533a\",\"address\":\"666\",\"zip\":0,\"name\":\"\\u6c49\\u5821\",\"phone\":\"17792352523\",\"last_used_time\":1578472115,\"create_time\":\"1970-01-01 08:32:50\",\"update_time\":\"2020-01-08 16:28:35\"}',4.50,'',NULL,NULL,NULL,'pending',NULL,1,'pending',NULL,NULL,1578472115,1578473916,0,0),(306,'20200108163338767259',3,'{\"id\":47,\"user_id\":3,\"province\":\"\\u6d59\\u6c5f\\u7701\",\"city\":\"\\u676d\\u5dde\\u5e02\",\"district\":\"\\u4e0a\\u57ce\\u533a\",\"address\":\"666\",\"zip\":0,\"name\":\"\\u6c49\\u5821\",\"phone\":\"17792352523\",\"last_used_time\":1578472418,\"create_time\":\"1970-01-01 08:32:50\",\"update_time\":\"2020-01-08 16:33:38\"}',0.50,'',NULL,NULL,NULL,'pending',NULL,1,'pending',NULL,NULL,1578472418,1578474219,0,0),(307,'20200108164341071148',3,'{\"id\":47,\"user_id\":3,\"province\":\"\\u6d59\\u6c5f\\u7701\",\"city\":\"\\u676d\\u5dde\\u5e02\",\"district\":\"\\u4e0a\\u57ce\\u533a\",\"address\":\"666\",\"zip\":0,\"name\":\"\\u6c49\\u5821\",\"phone\":\"17792352523\",\"last_used_time\":1578473021,\"create_time\":\"1970-01-01 08:32:50\",\"update_time\":\"2020-01-08 16:43:41\"}',0.50,'',NULL,NULL,NULL,'pending',NULL,1,'pending',NULL,NULL,1578473021,1578474822,0,0),(308,'20200108173241263150',3,'{\"id\":47,\"user_id\":3,\"province\":\"\\u6d59\\u6c5f\\u7701\",\"city\":\"\\u676d\\u5dde\\u5e02\",\"district\":\"\\u4e0a\\u57ce\\u533a\",\"address\":\"666\",\"zip\":0,\"name\":\"\\u6c49\\u5821\",\"phone\":\"17792352523\",\"last_used_time\":1578475961,\"create_time\":\"1970-01-01 08:32:50\",\"update_time\":\"2020-01-08 17:32:41\"}',0.10,'',NULL,NULL,NULL,'pending',NULL,1,'pending',NULL,NULL,1578475961,1578477763,0,0),(309,'20200108181812035860',3,'{\"id\":47,\"user_id\":3,\"province\":\"\\u6d59\\u6c5f\\u7701\",\"city\":\"\\u676d\\u5dde\\u5e02\",\"district\":\"\\u4e0a\\u57ce\\u533a\",\"address\":\"666\",\"zip\":0,\"name\":\"\\u6c49\\u5821\",\"phone\":\"17792352523\",\"last_used_time\":1578478692,\"create_time\":\"1970-01-01 08:32:50\",\"update_time\":\"2020-01-08 18:18:12\"}',0.50,'',NULL,NULL,NULL,'pending',NULL,1,'pending',NULL,NULL,1578478692,1578480494,0,0),(310,'20200108203415653857',3,'{\"id\":47,\"user_id\":3,\"province\":\"\\u6d59\\u6c5f\\u7701\",\"city\":\"\\u676d\\u5dde\\u5e02\",\"district\":\"\\u4e0a\\u57ce\\u533a\",\"address\":\"666\",\"zip\":0,\"name\":\"\\u6c49\\u5821\",\"phone\":\"17792352523\",\"last_used_time\":1578486855,\"create_time\":\"1970-01-01 08:32:50\",\"update_time\":\"2020-01-08 20:34:15\"}',0.50,'',NULL,NULL,NULL,'pending',NULL,1,'pending',NULL,NULL,1578486855,1578488656,0,0),(311,'20200108203751765339',3,'{\"id\":47,\"user_id\":3,\"province\":\"\\u6d59\\u6c5f\\u7701\",\"city\":\"\\u676d\\u5dde\\u5e02\",\"district\":\"\\u4e0a\\u57ce\\u533a\",\"address\":\"666\",\"zip\":0,\"name\":\"\\u6c49\\u5821\",\"phone\":\"17792352523\",\"last_used_time\":1578487071,\"create_time\":\"1970-01-01 08:32:50\",\"update_time\":\"2020-01-08 20:37:51\"}',0.50,'',NULL,NULL,NULL,'pending',NULL,1,'pending',NULL,NULL,1578487071,1578488872,0,0),(312,'20200108204401814461',3,'{\"id\":47,\"user_id\":3,\"province\":\"\\u6d59\\u6c5f\\u7701\",\"city\":\"\\u676d\\u5dde\\u5e02\",\"district\":\"\\u4e0a\\u57ce\\u533a\",\"address\":\"666\",\"zip\":0,\"name\":\"\\u6c49\\u5821\",\"phone\":\"17792352523\",\"last_used_time\":1578487441,\"create_time\":\"1970-01-01 08:32:50\",\"update_time\":\"2020-01-08 20:44:01\"}',0.50,'',NULL,NULL,NULL,'pending',NULL,1,'pending',NULL,NULL,1578487441,1578489242,0,0),(313,'20200108204516246609',3,'{\"id\":47,\"user_id\":3,\"province\":\"\\u6d59\\u6c5f\\u7701\",\"city\":\"\\u676d\\u5dde\\u5e02\",\"district\":\"\\u4e0a\\u57ce\\u533a\",\"address\":\"666\",\"zip\":0,\"name\":\"\\u6c49\\u5821\",\"phone\":\"17792352523\",\"last_used_time\":1578487516,\"create_time\":\"1970-01-01 08:32:50\",\"update_time\":\"2020-01-08 20:45:16\"}',0.01,'',NULL,NULL,NULL,'pending',NULL,1,'pending',NULL,NULL,1578487516,1578489317,0,0),(314,'20200108210024819012',3,'{\"id\":47,\"user_id\":3,\"province\":\"\\u6d59\\u6c5f\\u7701\",\"city\":\"\\u676d\\u5dde\\u5e02\",\"district\":\"\\u4e0a\\u57ce\\u533a\",\"address\":\"666\",\"zip\":0,\"name\":\"\\u6c49\\u5821\",\"phone\":\"17792352523\",\"last_used_time\":1578488424,\"create_time\":\"1970-01-01 08:32:50\",\"update_time\":\"2020-01-08 21:00:24\"}',0.01,'',NULL,NULL,NULL,'pending',NULL,1,'pending',NULL,NULL,1578488424,1578490226,0,0),(315,'20200108210114217080',3,'{\"id\":47,\"user_id\":3,\"province\":\"\\u6d59\\u6c5f\\u7701\",\"city\":\"\\u676d\\u5dde\\u5e02\",\"district\":\"\\u4e0a\\u57ce\\u533a\",\"address\":\"666\",\"zip\":0,\"name\":\"\\u6c49\\u5821\",\"phone\":\"17792352523\",\"last_used_time\":1578488474,\"create_time\":\"1970-01-01 08:32:50\",\"update_time\":\"2020-01-08 21:01:14\"}',0.01,'',NULL,NULL,NULL,'pending',NULL,1,'pending',NULL,NULL,1578488474,1578490274,0,0),(316,'20200108210256744270',3,'{\"id\":47,\"user_id\":3,\"province\":\"\\u6d59\\u6c5f\\u7701\",\"city\":\"\\u676d\\u5dde\\u5e02\",\"district\":\"\\u4e0a\\u57ce\\u533a\",\"address\":\"666\",\"zip\":0,\"name\":\"\\u6c49\\u5821\",\"phone\":\"17792352523\",\"last_used_time\":1578488576,\"create_time\":\"1970-01-01 08:32:50\",\"update_time\":\"2020-01-08 21:02:56\"}',0.01,'',NULL,NULL,NULL,'pending',NULL,1,'pending',NULL,NULL,1578488576,1578490376,0,0),(317,'20200108210344675336',3,'{\"id\":47,\"user_id\":3,\"province\":\"\\u6d59\\u6c5f\\u7701\",\"city\":\"\\u676d\\u5dde\\u5e02\",\"district\":\"\\u4e0a\\u57ce\\u533a\",\"address\":\"666\",\"zip\":0,\"name\":\"\\u6c49\\u5821\",\"phone\":\"17792352523\",\"last_used_time\":1578488624,\"create_time\":\"1970-01-01 08:32:50\",\"update_time\":\"2020-01-08 21:03:44\"}',0.01,'',1578488655,'alipay','2020010822001438531407187389','applied',NULL,0,'pending',NULL,'{\"refund_reason\":\"1111\"}',1578488624,1578559782,0,0),(318,'20200108214700452429',3,'{\"id\":47,\"user_id\":3,\"province\":\"\\u6d59\\u6c5f\\u7701\",\"city\":\"\\u676d\\u5dde\\u5e02\",\"district\":\"\\u4e0a\\u57ce\\u533a\",\"address\":\"666\",\"zip\":0,\"name\":\"\\u6c49\\u5821\",\"phone\":\"17792352523\",\"last_used_time\":1578491220,\"create_time\":\"1970-01-01 08:32:50\",\"update_time\":\"2020-01-08 21:47:00\"}',0.50,'',NULL,NULL,NULL,'pending',NULL,1,'pending',NULL,NULL,1578491220,1578493020,0,0),(319,'20200109100037726524',3,'{\"id\":47,\"user_id\":3,\"province\":\"\\u6d59\\u6c5f\\u7701\",\"city\":\"\\u676d\\u5dde\\u5e02\",\"district\":\"\\u4e0a\\u57ce\\u533a\",\"address\":\"666\",\"zip\":0,\"name\":\"\\u6c49\\u58211\",\"phone\":\"17792352523\",\"last_used_time\":1578535237,\"create_time\":\"1970-01-01 08:32:50\",\"update_time\":\"2020-01-09 10:00:37\"}',1.00,'',NULL,NULL,NULL,'pending',NULL,1,'pending',NULL,NULL,1578535237,1578537038,0,0),(320,'20200109113618656198',3,'{\"id\":47,\"user_id\":3,\"province\":\"\\u6d59\\u6c5f\\u7701\",\"city\":\"\\u676d\\u5dde\\u5e02\",\"district\":\"\\u4e0a\\u57ce\\u533a\",\"address\":\"666\",\"zip\":0,\"name\":\"\\u6c49\\u58211\",\"phone\":\"17792352523\",\"last_used_time\":1578540978,\"create_time\":\"1970-01-01 08:32:50\",\"update_time\":\"2020-01-09 11:36:18\"}',0.01,'',NULL,NULL,NULL,'pending',NULL,1,'pending',NULL,NULL,1578540978,1578542779,0,0),(321,'20200109144438087360',3,'{\"id\":3,\"user_id\":3,\"province\":\"\\u5e7f\\u4e1c\\u7701\",\"city\":\"\\u5e7f\\u5dde\\u5e02\",\"district\":\"\\u8354\\u6e7e\\u533a\",\"address\":\"\\u9605\\u6c5f\\u897f\\u8def232\\u53f7\",\"zip\":0,\"name\":\"\\u5e05\\u54e5\\u5c0f\\u7c73\\u624b\\u673affyu\",\"phone\":\"13564568781\",\"last_used_time\":1578552278,\"create_time\":\"1970-01-01 08:32:50\",\"update_time\":\"2020-01-09 14:44:38\"}',0.14,'',NULL,NULL,NULL,'pending',NULL,1,'pending',NULL,NULL,1578552278,1578554080,0,0),(322,'20200109154939034462',3,'{\"id\":3,\"user_id\":3,\"province\":\"\\u5e7f\\u4e1c\\u7701\",\"city\":\"\\u5e7f\\u5dde\\u5e02\",\"district\":\"\\u8354\\u6e7e\\u533a\",\"address\":\"\\u9605\\u6c5f\\u897f\\u8def232\\u53f7\",\"zip\":0,\"name\":\"\\u5e05\\u54e5\\u5c0f\\u7c73\\u624b\\u673affyu\",\"phone\":\"13564568781\",\"last_used_time\":1578556179,\"create_time\":\"1970-01-01 08:32:50\",\"update_time\":\"2020-01-09 15:49:39\"}',0.10,'',NULL,NULL,NULL,'pending',NULL,1,'pending',NULL,NULL,1578556179,1578557979,0,0),(323,'20200109163145318067',3,'{\"id\":3,\"user_id\":3,\"province\":\"\\u5e7f\\u4e1c\\u7701\",\"city\":\"\\u5e7f\\u5dde\\u5e02\",\"district\":\"\\u8354\\u6e7e\\u533a\",\"address\":\"\\u9605\\u6c5f\\u897f\\u8def232\\u53f7\",\"zip\":0,\"name\":\"\\u5e05\\u54e5\\u5c0f\\u7c73\\u624b\\u673affyu\",\"phone\":\"13564568781\",\"last_used_time\":1578558705,\"create_time\":\"1970-01-01 08:32:50\",\"update_time\":\"2020-01-09 16:31:45\"}',0.01,'',NULL,NULL,NULL,'pending',NULL,1,'pending',NULL,NULL,1578558705,1578560506,0,0),(324,'20200109225722450510',3,'{\"id\":3,\"user_id\":3,\"province\":\"\\u5e7f\\u4e1c\\u7701\",\"city\":\"\\u5e7f\\u5dde\\u5e02\",\"district\":\"\\u8354\\u6e7e\\u533a\",\"address\":\"\\u9605\\u6c5f\\u897f\\u8def232\\u53f7\",\"zip\":0,\"name\":\"\\u5e05\\u54e5\\u5c0f\\u7c73\\u624b\\u673affyu\",\"phone\":\"13564568781\",\"last_used_time\":1578581842,\"create_time\":\"1970-01-01 08:32:50\",\"update_time\":\"2020-01-09 22:57:22\"}',0.07,'',NULL,NULL,NULL,'pending',NULL,1,'pending',NULL,NULL,1578581842,1578583643,0,0),(325,'20200110015849940501',3,'{\"id\":47,\"user_id\":3,\"province\":\"\\u6d59\\u6c5f\\u7701\",\"city\":\"\\u676d\\u5dde\\u5e02\",\"district\":\"\\u4e0a\\u57ce\\u533a\",\"address\":\"666\",\"zip\":0,\"name\":\"\\u6c49\\u58211\",\"phone\":\"17792352523\",\"last_used_time\":1578592729,\"create_time\":\"1970-01-01 08:32:50\",\"update_time\":\"2020-01-10 01:58:49\"}',0.50,'',NULL,NULL,NULL,'pending',NULL,1,'pending',NULL,NULL,1578592729,1578594530,0,0),(326,'20200110105252073473',3,'{\"id\":47,\"user_id\":3,\"province\":\"\\u6d59\\u6c5f\\u7701\",\"city\":\"\\u676d\\u5dde\\u5e02\",\"district\":\"\\u4e0a\\u57ce\\u533a\",\"address\":\"666\",\"zip\":0,\"name\":\"\\u6c49\\u58211\",\"phone\":\"17792352523\",\"last_used_time\":1578624772,\"create_time\":\"1970-01-01 08:32:50\",\"update_time\":\"2020-01-10 10:52:52\"}',0.01,'',NULL,NULL,NULL,'pending',NULL,1,'pending',NULL,NULL,1578624772,1578626572,0,0),(327,'20200110154310822852',3,'{\"id\":47,\"user_id\":3,\"province\":\"\\u6d59\\u6c5f\\u7701\",\"city\":\"\\u676d\\u5dde\\u5e02\",\"district\":\"\\u4e0a\\u57ce\\u533a\",\"address\":\"666\",\"zip\":0,\"name\":\"\\u6c49\\u58211\",\"phone\":\"17792352523\",\"last_used_time\":1578642190,\"create_time\":\"1970-01-01 08:32:50\",\"update_time\":\"2020-01-10 15:43:10\"}',0.01,'',NULL,NULL,NULL,'pending',NULL,1,'pending',NULL,NULL,1578642190,1578643992,0,0),(328,'20200110154743188086',3,'{\"id\":47,\"user_id\":3,\"province\":\"\\u6d59\\u6c5f\\u7701\",\"city\":\"\\u676d\\u5dde\\u5e02\",\"district\":\"\\u4e0a\\u57ce\\u533a\",\"address\":\"666\",\"zip\":0,\"name\":\"\\u6c49\\u58211\",\"phone\":\"17792352523\",\"last_used_time\":1578642463,\"create_time\":\"1970-01-01 08:32:50\",\"update_time\":\"2020-01-10 15:47:43\"}',0.01,'',NULL,NULL,NULL,'pending',NULL,1,'pending',NULL,NULL,1578642463,1578644263,0,0),(329,'20200110162531827204',3,'{\"id\":47,\"user_id\":3,\"province\":\"\\u6d59\\u6c5f\\u7701\",\"city\":\"\\u676d\\u5dde\\u5e02\",\"district\":\"\\u4e0a\\u57ce\\u533a\",\"address\":\"666\",\"zip\":0,\"name\":\"\\u6c49\\u58211\",\"phone\":\"17792352523\",\"last_used_time\":1578644731,\"create_time\":\"1970-01-01 08:32:50\",\"update_time\":\"2020-01-10 16:25:31\"}',0.01,'',NULL,NULL,NULL,'pending',NULL,1,'pending',NULL,NULL,1578644731,1578646531,0,0),(330,'20200110225845990754',3,'{\"id\":47,\"user_id\":3,\"province\":\"\\u6d59\\u6c5f\\u7701\",\"city\":\"\\u676d\\u5dde\\u5e02\",\"district\":\"\\u4e0a\\u57ce\\u533a\",\"address\":\"666\",\"zip\":0,\"name\":\"\\u6c49\\u58211\",\"phone\":\"17792352523\",\"last_used_time\":1578668325,\"create_time\":\"1970-01-01 08:32:50\",\"update_time\":\"2020-01-10 22:58:45\"}',0.07,'',NULL,NULL,NULL,'pending',NULL,1,'pending',NULL,NULL,1578668325,1578670125,0,0),(331,'20200110235030209428',3,'{\"id\":47,\"user_id\":3,\"province\":\"\\u6d59\\u6c5f\\u7701\",\"city\":\"\\u676d\\u5dde\\u5e02\",\"district\":\"\\u4e0a\\u57ce\\u533a\",\"address\":\"666\",\"zip\":0,\"name\":\"\\u6c49\\u58211\",\"phone\":\"17792352523\",\"last_used_time\":1578671430,\"create_time\":\"1970-01-01 08:32:50\",\"update_time\":\"2020-01-10 23:50:30\"}',0.06,'',NULL,NULL,NULL,'pending',NULL,1,'pending',NULL,NULL,1578671430,1578673231,0,0),(332,'20200111000845925901',3,'{\"id\":47,\"user_id\":3,\"province\":\"\\u6d59\\u6c5f\\u7701\",\"city\":\"\\u676d\\u5dde\\u5e02\",\"district\":\"\\u4e0a\\u57ce\\u533a\",\"address\":\"666\",\"zip\":0,\"name\":\"\\u6c49\\u58211\",\"phone\":\"17792352523\",\"last_used_time\":1578672525,\"create_time\":\"1970-01-01 08:32:50\",\"update_time\":\"2020-01-11 00:08:45\"}',0.01,'',NULL,NULL,NULL,'pending',NULL,1,'pending',NULL,NULL,1578672525,1578674326,0,0),(333,'20200114093958594632',3,'{\"id\":53,\"user_id\":3,\"province\":\"\\u5317\\u4eac\\u5e02\",\"city\":\"\\u5e02\\u8f96\\u533a\",\"district\":\"\\u897f\\u57ce\\u533a\",\"address\":\"\\u5e7f\\u5dde\\u5e02\",\"zip\":0,\"name\":\"\\u674e\\u4e94\",\"phone\":\"18011011000\",\"last_used_time\":1578965998,\"create_time\":\"2020-01-13 00:17:58\",\"update_time\":\"2020-01-14 09:39:58\"}',0.77,'',NULL,NULL,NULL,'pending',NULL,1,'pending',NULL,NULL,1578965998,1578967799,0,0),(334,'20200114184648519853',3,'{\"id\":2,\"user_id\":3,\"province\":\"\\u5929\\u6d25\\u5e02\",\"city\":\"\\u5e02\\u8f96\\u533a\",\"district\":\"\\u548c\\u5e73\\u533a\",\"address\":\"\\u9605\\u6c5f\\u897f\\u8def222\\u53f7\\u5e7f\\u5dde\\u5854\",\"zip\":100089,\"name\":\"\\u9753\\u4ed4\",\"phone\":\"13564568789\",\"last_used_time\":1578998808,\"create_time\":\"1970-01-01 08:32:50\",\"update_time\":\"2020-01-14 18:46:48\"}',0.01,'',NULL,NULL,NULL,'pending',NULL,1,'pending',NULL,NULL,1578998808,1579000608,0,0),(335,'20200114185834197273',3,'{\"id\":2,\"user_id\":3,\"province\":\"\\u5929\\u6d25\\u5e02\",\"city\":\"\\u5e02\\u8f96\\u533a\",\"district\":\"\\u548c\\u5e73\\u533a\",\"address\":\"\\u9605\\u6c5f\\u897f\\u8def222\\u53f7\\u5e7f\\u5dde\\u5854\",\"zip\":100089,\"name\":\"\\u9753\\u4ed4\",\"phone\":\"13564568789\",\"last_used_time\":1578999514,\"create_time\":\"1970-01-01 08:32:50\",\"update_time\":\"2020-01-14 18:58:34\"}',0.50,'',NULL,NULL,NULL,'pending',NULL,1,'pending',NULL,NULL,1578999514,1579001316,0,0),(336,'20200114192923913369',3,'{\"id\":2,\"user_id\":3,\"province\":\"\\u5929\\u6d25\\u5e02\",\"city\":\"\\u5e02\\u8f96\\u533a\",\"district\":\"\\u548c\\u5e73\\u533a\",\"address\":\"\\u9605\\u6c5f\\u897f\\u8def222\\u53f7\\u5e7f\\u5dde\\u5854\",\"zip\":100089,\"name\":\"\\u9753\\u4ed4\",\"phone\":\"13564568789\",\"last_used_time\":1579001363,\"create_time\":\"1970-01-01 08:32:50\",\"update_time\":\"2020-01-14 19:29:23\"}',0.01,'',1579001385,'alipay','2020011422001458971411193162','pending',NULL,0,'received','{\"express_company\":\"韵达快运\",\"express_no\":\"432447792412564\",\"express_time\":1577019590}','{\"refund_reason\":\"\\u6d4b\\u8bd5\\u6d4b\\u8bd5\",\"refund_disagree_reason\":\"\\u7406\\u7531\\u4e0d\\u5145\\u5206\"}',1579001363,1581924181,0,0),(337,'20200115140245797141',3,'{\"id\":55,\"user_id\":3,\"province\":\"\\u5929\\u6d25\\u5e02\",\"city\":\"\\u5e02\\u8f96\\u533a\",\"district\":\"\\u548c\\u5e73\\u533a\",\"address\":\"\\u4f60\",\"zip\":111,\"name\":\"\\u4f60\\u5728\",\"phone\":\"18289898789\",\"last_used_time\":1579068165,\"create_time\":\"2020-01-15 14:01:39\",\"update_time\":\"2020-01-15 14:02:45\"}',0.01,'',NULL,NULL,NULL,'pending',NULL,1,'pending',NULL,NULL,1579068165,1579069966,0,0),(338,'20200115174344203508',3,'{\"id\":2,\"user_id\":3,\"province\":\"\\u5929\\u6d25\\u5e02\",\"city\":\"\\u5e02\\u8f96\\u533a\",\"district\":\"\\u548c\\u5e73\\u533a\",\"address\":\"\\u9605\\u6c5f\\u897f\\u8def222\\u53f7\\u5e7f\\u5dde\\u5854\",\"zip\":100089,\"name\":\"\\u9753\\u4ed4\",\"phone\":\"13564568789\",\"last_used_time\":1579081424,\"create_time\":\"1970-01-01 08:32:50\",\"update_time\":\"2020-01-15 17:43:44\"}',1.00,'',NULL,NULL,NULL,'pending',NULL,1,'pending',NULL,NULL,1579081424,1579083224,0,0),(339,'20200117091250470695',3,'{\"id\":2,\"user_id\":3,\"province\":\"\\u5929\\u6d25\\u5e02\",\"city\":\"\\u5e02\\u8f96\\u533a\",\"district\":\"\\u548c\\u5e73\\u533a\",\"address\":\"\\u9605\\u6c5f\\u897f\\u8def222\\u53f7\\u5e7f\\u5dde\\u5854\",\"zip\":100089,\"name\":\"\\u9753\\u4ed4\",\"phone\":\"13564568789\",\"last_used_time\":1579223570,\"create_time\":\"1970-01-01 08:32:50\",\"update_time\":\"2020-01-17 09:12:50\"}',2.51,'',NULL,NULL,NULL,'pending',NULL,1,'pending',NULL,NULL,1579223570,1579225372,0,0),(340,'20200117164215518624',3,'{\"id\":2,\"user_id\":3,\"province\":\"\\u5929\\u6d25\\u5e02\",\"city\":\"\\u5e02\\u8f96\\u533a\",\"district\":\"\\u548c\\u5e73\\u533a\",\"address\":\"\\u9605\\u6c5f\\u897f\\u8def222\\u53f7\\u5e7f\\u5dde\\u5854\",\"zip\":100089,\"name\":\"\\u9753\\u4ed4\",\"phone\":\"13564568789\",\"last_used_time\":1579250535,\"create_time\":\"1970-01-01 08:32:50\",\"update_time\":\"2020-01-17 16:42:15\"}',1.70,'',NULL,NULL,NULL,'pending',NULL,1,'pending',NULL,NULL,1579250535,1579252335,0,0),(341,'20200117170412660855',3,'{\"id\":2,\"user_id\":3,\"province\":\"\\u5929\\u6d25\\u5e02\",\"city\":\"\\u5e02\\u8f96\\u533a\",\"district\":\"\\u548c\\u5e73\\u533a\",\"address\":\"\\u9605\\u6c5f\\u897f\\u8def222\\u53f7\\u5e7f\\u5dde\\u5854\",\"zip\":100089,\"name\":\"\\u9753\\u4ed4\",\"phone\":\"13564568789\",\"last_used_time\":1579251852,\"create_time\":\"1970-01-01 08:32:50\",\"update_time\":\"2020-01-17 17:04:12\"}',0.15,'',NULL,NULL,NULL,'pending',NULL,1,'pending',NULL,NULL,1579251852,1579253653,0,0),(342,'20200117172211444230',3,'{\"id\":2,\"user_id\":3,\"province\":\"\\u5929\\u6d25\\u5e02\",\"city\":\"\\u5e02\\u8f96\\u533a\",\"district\":\"\\u548c\\u5e73\\u533a\",\"address\":\"\\u9605\\u6c5f\\u897f\\u8def222\\u53f7\\u5e7f\\u5dde\\u5854\",\"zip\":100089,\"name\":\"\\u9753\\u4ed4\",\"phone\":\"13564568789\",\"last_used_time\":1579252931,\"create_time\":\"1970-01-01 08:32:50\",\"update_time\":\"2020-01-17 17:22:11\"}',0.50,'',NULL,NULL,NULL,'pending',NULL,1,'pending',NULL,NULL,1579252931,1579254733,0,0),(343,'20200117172307401739',3,'{\"id\":2,\"user_id\":3,\"province\":\"\\u5929\\u6d25\\u5e02\",\"city\":\"\\u5e02\\u8f96\\u533a\",\"district\":\"\\u548c\\u5e73\\u533a\",\"address\":\"\\u9605\\u6c5f\\u897f\\u8def222\\u53f7\\u5e7f\\u5dde\\u5854\",\"zip\":100089,\"name\":\"\\u9753\\u4ed4\",\"phone\":\"13564568789\",\"last_used_time\":1579252987,\"create_time\":\"1970-01-01 08:32:50\",\"update_time\":\"2020-01-17 17:23:07\"}',0.50,'',NULL,NULL,NULL,'pending',NULL,1,'pending',NULL,NULL,1579252987,1579254787,0,0),(344,'20200117173712440843',3,'{\"id\":2,\"user_id\":3,\"province\":\"\\u5929\\u6d25\\u5e02\",\"city\":\"\\u5e02\\u8f96\\u533a\",\"district\":\"\\u548c\\u5e73\\u533a\",\"address\":\"\\u9605\\u6c5f\\u897f\\u8def222\\u53f7\\u5e7f\\u5dde\\u5854\",\"zip\":100089,\"name\":\"\\u9753\\u4ed4\",\"phone\":\"13564568789\",\"last_used_time\":1579253832,\"create_time\":\"1970-01-01 08:32:50\",\"update_time\":\"2020-01-17 17:37:12\"}',0.01,'',1579253843,'alipay','2020011722001447111410518084','pending',NULL,0,'received','{\"express_company\":\"韵达快运\",\"express_no\":\"432447792412564\",\"express_time\":1577019590}',NULL,1579253832,1581924181,0,0),(345,'20200117182530229803',3,'{\"id\":2,\"user_id\":3,\"province\":\"\\u5929\\u6d25\\u5e02\",\"city\":\"\\u5e02\\u8f96\\u533a\",\"district\":\"\\u548c\\u5e73\\u533a\",\"address\":\"\\u9605\\u6c5f\\u897f\\u8def222\\u53f7\\u5e7f\\u5dde\\u5854\",\"zip\":100089,\"name\":\"\\u9753\\u4ed4\",\"phone\":\"13564568789\",\"last_used_time\":1579256730,\"create_time\":\"1970-01-01 08:32:50\",\"update_time\":\"2020-01-17 18:25:30\"}',0.50,'',NULL,NULL,NULL,'pending',NULL,1,'pending',NULL,NULL,1579256730,1579258532,0,0),(346,'20200117195649493058',3,'{\"id\":2,\"user_id\":3,\"province\":\"\\u5929\\u6d25\\u5e02\",\"city\":\"\\u5e02\\u8f96\\u533a\",\"district\":\"\\u548c\\u5e73\\u533a\",\"address\":\"\\u9605\\u6c5f\\u897f\\u8def222\\u53f7\\u5e7f\\u5dde\\u5854\",\"zip\":100089,\"name\":\"\\u9753\\u4ed4\",\"phone\":\"13564568789\",\"last_used_time\":1579262209,\"create_time\":\"1970-01-01 08:32:50\",\"update_time\":\"2020-01-17 19:56:49\"}',0.02,'',NULL,NULL,NULL,'pending',NULL,1,'pending',NULL,NULL,1579262209,1579264009,0,0),(347,'20200117211908298916',3,'{\"id\":2,\"user_id\":3,\"province\":\"\\u5929\\u6d25\\u5e02\",\"city\":\"\\u5e02\\u8f96\\u533a\",\"district\":\"\\u548c\\u5e73\\u533a\",\"address\":\"\\u9605\\u6c5f\\u897f\\u8def222\\u53f7\\u5e7f\\u5dde\\u5854\",\"zip\":100089,\"name\":\"\\u9753\\u4ed4\",\"phone\":\"13564568789\",\"last_used_time\":1579267148,\"create_time\":\"1970-01-01 08:32:50\",\"update_time\":\"2020-01-17 21:19:08\"}',0.85,'',NULL,NULL,NULL,'pending',NULL,1,'pending',NULL,NULL,1579267148,1579268949,0,0),(348,'20210613182220167590',4,'{\"id\":61,\"user_id\":4,\"province\":\"\\u5317\\u4eac\\u5e02\",\"city\":\"\\u5e02\\u8f96\\u533a\",\"district\":\"\\u897f\\u57ce\\u533a\",\"address\":\"XXX\\u8857\\u9053\",\"zip\":0,\"name\":\"\\u5c0f\\u660e\",\"phone\":\"13546213541\",\"last_used_time\":1623579740,\"create_time\":\"1970-01-01 08:32:50\",\"update_time\":\"2021-06-13 18:22:20\"}',0.30,'',1623587879,'wechat','20210613182220167590','pending',NULL,0,'received','{\"express_company\":\"韵达快运\",\"express_no\":\"432447792412564\",\"express_time\":1577019590}',NULL,1623579740,1623611946,1,14),(349,'20210613200454936596',30,'{\"id\":58,\"user_id\":30,\"province\":\"\\u5317\\u4eac\\u5e02\",\"city\":\"\\u5e02\\u8f96\\u533a\",\"district\":\"\\u897f\\u57ce\\u533a\",\"address\":\"\\u54e6\\u54e6\\u54e6\\u54e6\",\"zip\":0,\"name\":\"\\u5c0f\\u9e7f\",\"phone\":\"13564632156\",\"last_used_time\":1623585894,\"create_time\":\"1970-01-01 08:33:41\",\"update_time\":\"2021-06-13 20:04:54\"}',0.10,'',NULL,NULL,NULL,'pending',NULL,0,'pending',NULL,NULL,1623585894,1623585894,0,0),(350,'20210613211011309759',4,'{\"id\":61,\"user_id\":4,\"province\":\"\\u5317\\u4eac\\u5e02\",\"city\":\"\\u5e02\\u8f96\\u533a\",\"district\":\"\\u897f\\u57ce\\u533a\",\"address\":\"XXX\\u8857\\u9053\",\"zip\":0,\"name\":\"\\u5c0f\\u660e\",\"phone\":\"13546213541\",\"last_used_time\":1623589811,\"create_time\":\"1970-01-01 08:32:50\",\"update_time\":\"2021-06-13 21:10:11\"}',0.10,'',1623589915,'alipay','2021061322001423141426077727','pending',NULL,0,'received','{\"express_company\":\"顺丰快递\",\"express_no\":\"123456\",\"express_time\":1577019590}',NULL,1623589811,1626075057,0,0),(351,'20210613211227726384',4,'{\"id\":61,\"user_id\":4,\"province\":\"\\u5317\\u4eac\\u5e02\",\"city\":\"\\u5e02\\u8f96\\u533a\",\"district\":\"\\u897f\\u57ce\\u533a\",\"address\":\"XXX\\u8857\\u9053\",\"zip\":0,\"name\":\"\\u5c0f\\u660e\",\"phone\":\"13546213541\",\"last_used_time\":1623589947,\"create_time\":\"1970-01-01 08:32:50\",\"update_time\":\"2021-06-13 21:12:27\"}',0.10,'',1623589957,'wechat','20210613211227726384','success','refund20210614013134729621',0,'pending',NULL,'{\"refund_reason\":\"\\u6211\\u5c31\\u4e0d\\u60f3\\u8981\\u4e86\"}',1623589947,1623605495,0,0),(352,'20210614003257658584',4,'{\"id\":61,\"user_id\":4,\"province\":\"\\u5317\\u4eac\\u5e02\",\"city\":\"\\u5e02\\u8f96\\u533a\",\"district\":\"\\u897f\\u57ce\\u533a\",\"address\":\"XXX\\u8857\\u9053\",\"zip\":0,\"name\":\"\\u5c0f\\u660e\",\"phone\":\"13546213541\",\"last_used_time\":1623601977,\"create_time\":\"1970-01-01 08:32:50\",\"update_time\":\"2021-06-14 00:32:57\"}',0.10,'',NULL,NULL,NULL,'pending',NULL,1,'pending',NULL,NULL,1623601977,1633365944,0,0),(355,'20210614003725860124',4,'{\"id\":61,\"user_id\":4,\"province\":\"\\u5317\\u4eac\\u5e02\",\"city\":\"\\u5e02\\u8f96\\u533a\",\"district\":\"\\u897f\\u57ce\\u533a\",\"address\":\"XXX\\u8857\\u9053\",\"zip\":0,\"name\":\"\\u5c0f\\u660e\",\"phone\":\"13546213541\",\"last_used_time\":1623602245,\"create_time\":\"1970-01-01 08:32:50\",\"update_time\":\"2021-06-14 00:37:25\"}',0.10,'',NULL,NULL,NULL,'pending',NULL,1,'pending',NULL,NULL,1623602245,1633365946,0,0),(356,'20210614033929691824',4,'{\"id\":61,\"user_id\":4,\"province\":\"\\u5317\\u4eac\\u5e02\",\"city\":\"\\u5e02\\u8f96\\u533a\",\"district\":\"\\u897f\\u57ce\\u533a\",\"address\":\"XXX\\u8857\\u9053\",\"zip\":0,\"name\":\"\\u5c0f\\u660e\",\"phone\":\"13546213541\",\"last_used_time\":1623613169,\"create_time\":\"1970-01-01 08:32:50\",\"update_time\":\"2021-06-14 03:39:29\"}',0.10,'',NULL,NULL,NULL,'pending',NULL,1,'pending',NULL,NULL,1623613169,1633365950,0,0),(357,'20210615214318736452',4,'{\"id\":61,\"user_id\":4,\"province\":\"\\u5317\\u4eac\\u5e02\",\"city\":\"\\u5e02\\u8f96\\u533a\",\"district\":\"\\u897f\\u57ce\\u533a\",\"address\":\"XXX\\u8857\\u9053\",\"zip\":0,\"name\":\"\\u5c0f\\u660e\",\"phone\":\"13546213541\",\"last_used_time\":1623764598,\"create_time\":\"1970-01-01 08:32:50\",\"update_time\":\"2021-06-15 21:43:18\"}',0.50,'',NULL,NULL,NULL,'pending',NULL,1,'pending',NULL,NULL,1623764598,1625831545,0,0),(358,'20210617161738685366',4,'{\"id\":62,\"user_id\":4,\"province\":\"\\u5317\\u4eac\\u5e02\",\"city\":\"\\u5e02\\u8f96\\u533a\",\"district\":\"\\u897f\\u57ce\\u533a\",\"address\":\"xxx\\u8857\\u9053\",\"zip\":0,\"name\":\"\\u5c0f\\u9ec4\",\"phone\":\"13565874561\",\"last_used_time\":1623917858,\"create_time\":\"1970-01-01 08:33:41\",\"update_time\":\"2021-06-17 16:17:38\"}',60.50,'',NULL,NULL,NULL,'pending',NULL,1,'pending',NULL,NULL,1623917858,1624522631,0,0),(359,'20210623211330173265',4,'{\"id\":62,\"user_id\":4,\"province\":\"\\u5317\\u4eac\\u5e02\",\"city\":\"\\u5e02\\u8f96\\u533a\",\"district\":\"\\u897f\\u57ce\\u533a\",\"address\":\"xxx\\u8857\\u9053\",\"zip\":0,\"name\":\"\\u5c0f\\u9ec4\",\"phone\":\"13565874561\",\"last_used_time\":1624454010,\"create_time\":\"1970-01-01 08:33:41\",\"update_time\":\"2021-06-23 21:13:30\"}',0.30,'',NULL,NULL,NULL,'pending',NULL,1,'pending',NULL,NULL,1624454010,1624454022,0,0),(360,'20210624224216624059',4,'{\"id\":63,\"user_id\":4,\"province\":\"\\u6c5f\\u82cf\\u7701\",\"city\":\"\\u5357\\u4eac\\u5e02\",\"district\":\"\\u6d66\\u53e3\\u533a\",\"address\":\"\\u5df7\\u5b50\\u53e3\",\"zip\":654123,\"name\":\"\\u4f55\\u65b9\\u4efb\",\"phone\":\"15300054687\",\"last_used_time\":1624545736,\"create_time\":\"2021-06-23 21:15:25\",\"update_time\":\"2021-06-24 22:42:16\"}',0.10,'',NULL,NULL,NULL,'pending',NULL,1,'pending',NULL,NULL,1624545736,1633365952,0,0),(361,'20210701092223270424',4,'{\"id\":63,\"user_id\":4,\"province\":\"\\u6c5f\\u82cf\\u7701\",\"city\":\"\\u5357\\u4eac\\u5e02\",\"district\":\"\\u6d66\\u53e3\\u533a\",\"address\":\"\\u5df7\\u5b50\\u53e3\",\"zip\":654123,\"name\":\"\\u4f55\\u65b9\\u4efb\",\"phone\":\"15300054687\",\"last_used_time\":1625102543,\"create_time\":\"2021-06-23 21:15:25\",\"update_time\":\"2021-07-01 09:22:23\"}',0.10,'',NULL,NULL,NULL,'pending',NULL,0,'pending',NULL,NULL,1625102543,1625102543,0,0),(362,'20210701093058723013',4,'{\"id\":63,\"user_id\":4,\"province\":\"\\u6c5f\\u82cf\\u7701\",\"city\":\"\\u5357\\u4eac\\u5e02\",\"district\":\"\\u6d66\\u53e3\\u533a\",\"address\":\"\\u5df7\\u5b50\\u53e3\",\"zip\":654123,\"name\":\"\\u4f55\\u65b9\\u4efb\",\"phone\":\"15300054687\",\"last_used_time\":1625103058,\"create_time\":\"2021-06-23 21:15:25\",\"update_time\":\"2021-07-01 09:30:58\"}',2.00,'',NULL,NULL,NULL,'pending',NULL,0,'pending',NULL,NULL,1625103058,1625103058,0,0),(363,'20210701131021273369',4,'{\"id\":63,\"user_id\":4,\"province\":\"\\u6c5f\\u82cf\\u7701\",\"city\":\"\\u5357\\u4eac\\u5e02\",\"district\":\"\\u6d66\\u53e3\\u533a\",\"address\":\"\\u5df7\\u5b50\\u53e3\",\"zip\":654123,\"name\":\"\\u4f55\\u65b9\\u4efb\",\"phone\":\"15300054687\",\"last_used_time\":1625116221,\"create_time\":\"2021-06-23 21:15:25\",\"update_time\":\"2021-07-01 13:10:21\"}',0.50,'',NULL,NULL,NULL,'pending',NULL,1,'pending',NULL,NULL,1625116221,1625131455,0,0),(364,'20210701172451372648',4,'{\"id\":63,\"user_id\":4,\"province\":\"\\u6c5f\\u82cf\\u7701\",\"city\":\"\\u5357\\u4eac\\u5e02\",\"district\":\"\\u6d66\\u53e3\\u533a\",\"address\":\"\\u5df7\\u5b50\\u53e3\",\"zip\":654123,\"name\":\"\\u4f55\\u65b9\\u4efb\",\"phone\":\"15300054687\",\"last_used_time\":1625131491,\"create_time\":\"2021-06-23 21:15:25\",\"update_time\":\"2021-07-01 17:24:51\"}',330.20,'',NULL,NULL,NULL,'pending',NULL,1,'pending',NULL,NULL,1625131491,1625131529,0,0),(365,'20210701230832358261',4,'{\"id\":63,\"user_id\":4,\"province\":\"\\u6c5f\\u82cf\\u7701\",\"city\":\"\\u5357\\u4eac\\u5e02\",\"district\":\"\\u6d66\\u53e3\\u533a\",\"address\":\"\\u5df7\\u5b50\\u53e3\",\"zip\":654123,\"name\":\"\\u4f55\\u65b9\\u4efb\",\"phone\":\"15300054687\",\"last_used_time\":1625152112,\"create_time\":\"2021-06-23 21:15:25\",\"update_time\":\"2021-07-01 23:08:32\"}',0.10,'',NULL,NULL,NULL,'pending',NULL,0,'pending',NULL,NULL,1625152112,1625152112,0,0),(366,'20210701230909442347',4,'{\"id\":63,\"user_id\":4,\"province\":\"\\u6c5f\\u82cf\\u7701\",\"city\":\"\\u5357\\u4eac\\u5e02\",\"district\":\"\\u6d66\\u53e3\\u533a\",\"address\":\"\\u5df7\\u5b50\\u53e3\",\"zip\":654123,\"name\":\"\\u4f55\\u65b9\\u4efb\",\"phone\":\"15300054687\",\"last_used_time\":1625152149,\"create_time\":\"2021-06-23 21:15:25\",\"update_time\":\"2021-07-01 23:09:09\"}',0.10,'',NULL,NULL,NULL,'pending',NULL,0,'pending',NULL,NULL,1625152149,1625152149,0,0),(367,'20210702111405059236',4,'{\"id\":63,\"user_id\":4,\"province\":\"\\u6c5f\\u82cf\\u7701\",\"city\":\"\\u5357\\u4eac\\u5e02\",\"district\":\"\\u6d66\\u53e3\\u533a\",\"address\":\"\\u5df7\\u5b50\\u53e3\",\"zip\":654123,\"name\":\"\\u4f55\\u65b9\\u4efb\",\"phone\":\"15300054687\",\"last_used_time\":1625195645,\"create_time\":\"2021-06-23 21:15:25\",\"update_time\":\"2021-07-02 11:14:05\"}',0.30,'',NULL,NULL,NULL,'pending',NULL,0,'pending',NULL,NULL,1625195645,1625195645,0,0),(368,'20210702111440912089',4,'{\"id\":63,\"user_id\":4,\"province\":\"\\u6c5f\\u82cf\\u7701\",\"city\":\"\\u5357\\u4eac\\u5e02\",\"district\":\"\\u6d66\\u53e3\\u533a\",\"address\":\"\\u5df7\\u5b50\\u53e3\",\"zip\":654123,\"name\":\"\\u4f55\\u65b9\\u4efb\",\"phone\":\"15300054687\",\"last_used_time\":1625195680,\"create_time\":\"2021-06-23 21:15:25\",\"update_time\":\"2021-07-02 11:14:40\"}',0.10,'',NULL,NULL,NULL,'pending',NULL,0,'pending',NULL,NULL,1625195680,1625195680,0,0),(369,'20210702120707275317',4,'{\"id\":63,\"user_id\":4,\"province\":\"\\u6c5f\\u82cf\\u7701\",\"city\":\"\\u5357\\u4eac\\u5e02\",\"district\":\"\\u6d66\\u53e3\\u533a\",\"address\":\"\\u5df7\\u5b50\\u53e3\",\"zip\":654123,\"name\":\"\\u4f55\\u65b9\\u4efb\",\"phone\":\"15300054687\",\"last_used_time\":1625198827,\"create_time\":\"2021-06-23 21:15:25\",\"update_time\":\"2021-07-02 12:07:07\"}',0.10,'',NULL,NULL,NULL,'pending',NULL,0,'pending',NULL,NULL,1625198827,1625198827,0,0),(370,'20210702143458146206',4,'{\"id\":63,\"user_id\":4,\"province\":\"\\u6c5f\\u82cf\\u7701\",\"city\":\"\\u5357\\u4eac\\u5e02\",\"district\":\"\\u6d66\\u53e3\\u533a\",\"address\":\"\\u5df7\\u5b50\\u53e3\",\"zip\":654123,\"name\":\"\\u4f55\\u65b9\\u4efb\",\"phone\":\"15300054687\",\"last_used_time\":1625207698,\"create_time\":\"2021-06-23 21:15:25\",\"update_time\":\"2021-07-02 14:34:58\"}',0.10,'',NULL,NULL,NULL,'pending',NULL,0,'pending',NULL,NULL,1625207698,1625207698,0,0),(371,'20210705152440669873',4,'{\"id\":61,\"user_id\":4,\"province\":\"\\u6d59\\u6c5f\\u7701\",\"city\":\"\\u53f0\\u5dde\\u5e02\",\"district\":\"\\u6912\\u6c5f\\u533a\",\"address\":\"XXX\\u8857\\u9053\",\"zip\":0,\"name\":\"\\u5c0f\\u660e\",\"phone\":\"13546213541\",\"last_used_time\":1625469880,\"create_time\":\"1970-01-01 08:32:50\",\"update_time\":\"2021-07-05 15:24:40\"}',92.50,'',NULL,NULL,NULL,'pending',NULL,1,'pending',NULL,NULL,1625469880,1625469914,0,0),(372,'20210709222518950743',4,'{\"id\":61,\"user_id\":4,\"province\":\"\\u6d59\\u6c5f\\u7701\",\"city\":\"\\u53f0\\u5dde\\u5e02\",\"district\":\"\\u6912\\u6c5f\\u533a\",\"address\":\"XXX\\u8857\\u9053\",\"zip\":0,\"name\":\"\\u5c0f\\u660e\",\"phone\":\"13546213541\",\"last_used_time\":1625840718,\"create_time\":\"1970-01-01 08:32:50\",\"update_time\":\"2021-07-09 22:25:18\"}',0.50,'',NULL,NULL,NULL,'pending',NULL,0,'pending',NULL,NULL,1625840718,1625840718,0,0),(373,'20210710021435816389',4,'{\"id\":61,\"user_id\":4,\"province\":\"\\u6d59\\u6c5f\\u7701\",\"city\":\"\\u53f0\\u5dde\\u5e02\",\"district\":\"\\u6912\\u6c5f\\u533a\",\"address\":\"XXX\\u8857\\u9053\",\"zip\":0,\"name\":\"\\u5c0f\\u660e\",\"phone\":\"13546213541\",\"last_used_time\":1625854475,\"create_time\":\"1970-01-01 08:32:50\",\"update_time\":\"2021-07-10 02:14:35\"}',1.20,'',NULL,NULL,NULL,'pending',NULL,0,'pending',NULL,NULL,1625854475,1625854475,0,0),(374,'20210710095521199428',4,'{\"id\":61,\"user_id\":4,\"province\":\"\\u6d59\\u6c5f\\u7701\",\"city\":\"\\u53f0\\u5dde\\u5e02\",\"district\":\"\\u6912\\u6c5f\\u533a\",\"address\":\"XXX\\u8857\\u9053\",\"zip\":0,\"name\":\"\\u5c0f\\u660e\",\"phone\":\"13546213541\",\"last_used_time\":1625882121,\"create_time\":\"1970-01-01 08:32:50\",\"update_time\":\"2021-07-10 09:55:21\"}',0.50,'',NULL,NULL,NULL,'pending',NULL,0,'pending',NULL,NULL,1625882121,1625882121,0,0),(375,'20210710095649591451',4,'{\"id\":64,\"user_id\":4,\"province\":\"\\u5317\\u4eac\\u5e02\",\"city\":\"\\u5e02\\u8f96\\u533a\",\"district\":\"\\u897f\\u57ce\\u533a\",\"address\":\"\\u54c8\\u54c8\\u554a\\u54c8\",\"zip\":123456,\"name\":\"\\u54c8\\u54c8\",\"phone\":\"13452134564\",\"last_used_time\":1625882209,\"create_time\":\"2021-07-02 02:13:43\",\"update_time\":\"2021-07-10 09:56:49\"}',0.10,'',NULL,NULL,NULL,'pending',NULL,0,'pending',NULL,NULL,1625882209,1625882209,0,0),(376,'20210710132442775491',4,'{\"id\":61,\"user_id\":4,\"province\":\"\\u6d59\\u6c5f\\u7701\",\"city\":\"\\u53f0\\u5dde\\u5e02\",\"district\":\"\\u6912\\u6c5f\\u533a\",\"address\":\"XXX\\u8857\\u9053\",\"zip\":0,\"name\":\"\\u5c0f\\u660e\",\"phone\":\"13546213541\",\"last_used_time\":1625894682,\"create_time\":\"1970-01-01 08:32:50\",\"update_time\":\"2021-07-10 13:24:42\"}',0.50,'',NULL,NULL,NULL,'pending',NULL,0,'pending',NULL,NULL,1625894682,1625894682,0,0),(377,'20210710133325297158',4,'{\"id\":61,\"user_id\":4,\"province\":\"\\u6d59\\u6c5f\\u7701\",\"city\":\"\\u53f0\\u5dde\\u5e02\",\"district\":\"\\u6912\\u6c5f\\u533a\",\"address\":\"XXX\\u8857\\u9053\",\"zip\":0,\"name\":\"\\u5c0f\\u660e\",\"phone\":\"13546213541\",\"last_used_time\":1625895205,\"create_time\":\"1970-01-01 08:32:50\",\"update_time\":\"2021-07-10 13:33:25\"}',30.00,'',NULL,NULL,NULL,'pending',NULL,0,'pending',NULL,NULL,1625895205,1625895205,0,0),(378,'20210712211922768760',4,'{\"id\":61,\"user_id\":4,\"province\":\"\\u6d59\\u6c5f\\u7701\",\"city\":\"\\u53f0\\u5dde\\u5e02\",\"district\":\"\\u6912\\u6c5f\\u533a\",\"address\":\"XXX\\u8857\\u9053\",\"zip\":0,\"name\":\"\\u5c0f\\u660e\",\"phone\":\"13546213541\",\"last_used_time\":1626095962,\"create_time\":\"1970-01-01 08:32:50\",\"update_time\":\"2021-07-12 21:19:22\"}',720.00,'',NULL,NULL,NULL,'pending',NULL,1,'pending',NULL,NULL,1626095962,1626242105,0,0),(379,'20210714135243633381',4,'{\"id\":61,\"user_id\":4,\"province\":\"\\u6d59\\u6c5f\\u7701\",\"city\":\"\\u53f0\\u5dde\\u5e02\",\"district\":\"\\u6912\\u6c5f\\u533a\",\"address\":\"XXX\\u8857\\u9053\",\"zip\":0,\"name\":\"\\u5c0f\\u660e\",\"phone\":\"13546213541\",\"last_used_time\":1626241963,\"create_time\":\"1970-01-01 08:32:50\",\"update_time\":\"2021-07-14 13:52:43\"}',210.50,'',NULL,NULL,NULL,'pending',NULL,1,'pending',NULL,NULL,1626241963,1626242084,0,0),(380,'20210714194521723686',4,'{\"id\":61,\"user_id\":4,\"province\":\"\\u6d59\\u6c5f\\u7701\",\"city\":\"\\u53f0\\u5dde\\u5e02\",\"district\":\"\\u6912\\u6c5f\\u533a\",\"address\":\"XXX\\u8857\\u9053\",\"zip\":0,\"name\":\"\\u5c0f\\u660e\",\"phone\":\"13546213541\",\"last_used_time\":1626263121,\"create_time\":\"1970-01-01 08:32:50\",\"update_time\":\"2021-07-14 19:45:21\"}',30.00,'',NULL,NULL,NULL,'pending',NULL,0,'pending',NULL,NULL,1626263121,1626263121,0,0),(381,'20210718161650021850',4,'{\"id\":64,\"user_id\":4,\"province\":\"\\u5317\\u4eac\\u5e02\",\"city\":\"\\u5e02\\u8f96\\u533a\",\"district\":\"\\u897f\\u57ce\\u533a\",\"address\":\"\\u54c8\\u54c8\\u554a\\u54c8\",\"zip\":123456,\"name\":\"\\u54c8\\u54c8\",\"phone\":\"13452134564\",\"last_used_time\":1626596210,\"create_time\":\"2021-07-02 02:13:43\",\"update_time\":\"2021-07-18 16:16:50\"}',30.00,'',NULL,NULL,NULL,'pending',NULL,0,'pending',NULL,NULL,1626596210,1626596210,0,0),(382,'20210719221013380753',4,'{\"id\":61,\"user_id\":4,\"province\":\"\\u6d59\\u6c5f\\u7701\",\"city\":\"\\u53f0\\u5dde\\u5e02\",\"district\":\"\\u6912\\u6c5f\\u533a\",\"address\":\"XXX\\u8857\\u9053\",\"zip\":0,\"name\":\"\\u5c0f\\u660e\",\"phone\":\"13546213541\",\"last_used_time\":1626703813,\"create_time\":\"1970-01-01 08:32:50\",\"update_time\":\"2021-07-19 22:10:13\"}',2.80,'',NULL,NULL,NULL,'pending',NULL,0,'pending',NULL,NULL,1626703813,1626703813,0,0),(383,'20210719221416372642',4,'{\"id\":64,\"user_id\":4,\"province\":\"\\u5317\\u4eac\\u5e02\",\"city\":\"\\u5e02\\u8f96\\u533a\",\"district\":\"\\u897f\\u57ce\\u533a\",\"address\":\"\\u54c8\\u54c8\\u554a\\u54c8\",\"zip\":123456,\"name\":\"\\u54c8\\u54c8\",\"phone\":\"13452134564\",\"last_used_time\":1626704056,\"create_time\":\"2021-07-02 02:13:43\",\"update_time\":\"2021-07-19 22:14:16\"}',0.20,'',NULL,NULL,NULL,'pending',NULL,0,'pending',NULL,NULL,1626704056,1626704056,0,0),(384,'20210721170044493955',4,'{\"id\":64,\"user_id\":4,\"province\":\"\\u5317\\u4eac\\u5e02\",\"city\":\"\\u5e02\\u8f96\\u533a\",\"district\":\"\\u897f\\u57ce\\u533a\",\"address\":\"\\u54c8\\u54c8\\u554a\\u54c8\",\"zip\":123456,\"name\":\"\\u54c8\\u54c8\",\"phone\":\"13452134564\",\"last_used_time\":1626858044,\"create_time\":\"2021-07-02 02:13:43\",\"update_time\":\"2021-07-21 17:00:44\"}',17.10,'',NULL,NULL,NULL,'pending',NULL,0,'pending',NULL,NULL,1626858044,1626858044,0,16),(385,'20210722040956823754',4,'{\"id\":64,\"user_id\":4,\"province\":\"\\u5317\\u4eac\\u5e02\",\"city\":\"\\u5e02\\u8f96\\u533a\",\"district\":\"\\u897f\\u57ce\\u533a\",\"address\":\"\\u54c8\\u54c8\\u554a\\u54c8\",\"zip\":123456,\"name\":\"\\u54c8\\u54c8\",\"phone\":\"13452134564\",\"last_used_time\":1626898196,\"create_time\":\"2021-07-02 02:13:43\",\"update_time\":\"2021-07-22 04:09:56\"}',1.10,'',NULL,NULL,NULL,'pending',NULL,0,'pending',NULL,NULL,1626898196,1626898196,0,0),(386,'20210724101603592596',4,'{\"id\":135,\"user_id\":4,\"province\":\"\\u56db\\u5ddd\\u7701\",\"city\":\"\\u6210\\u90fd\\u5e02\",\"district\":\"\\u53cc\\u6d41\\u533a\",\"address\":\"\\u5220\",\"zip\":0,\"name\":\"\\u795e\\u5c06\\u4e16\\u754c2\",\"phone\":\"\",\"last_used_time\":1627092963,\"create_time\":\"2021-07-23 09:21:36\",\"update_time\":\"2021-07-24 10:16:03\"}',6.50,'',NULL,NULL,NULL,'pending',NULL,0,'pending',NULL,NULL,1627092963,1627092963,0,0),(387,'20210724101702322260',4,'{\"id\":135,\"user_id\":4,\"province\":\"\\u56db\\u5ddd\\u7701\",\"city\":\"\\u6210\\u90fd\\u5e02\",\"district\":\"\\u53cc\\u6d41\\u533a\",\"address\":\"\\u5220\",\"zip\":0,\"name\":\"\\u795e\\u5c06\\u4e16\\u754c2\",\"phone\":\"\",\"last_used_time\":1627093022,\"create_time\":\"2021-07-23 09:21:36\",\"update_time\":\"2021-07-24 10:17:02\"}',488.00,'',NULL,NULL,NULL,'pending',NULL,0,'pending',NULL,NULL,1627093022,1627093022,0,0),(388,'20210724102429566858',4,'{\"id\":135,\"user_id\":4,\"province\":\"\\u56db\\u5ddd\\u7701\",\"city\":\"\\u6210\\u90fd\\u5e02\",\"district\":\"\\u53cc\\u6d41\\u533a\",\"address\":\"\\u5220\",\"zip\":0,\"name\":\"\\u795e\\u5c06\\u4e16\\u754c2\",\"phone\":\"\",\"last_used_time\":1627093469,\"create_time\":\"2021-07-23 09:21:36\",\"update_time\":\"2021-07-24 10:24:29\"}',5.00,'',NULL,NULL,NULL,'pending',NULL,0,'pending',NULL,NULL,1627093469,1627093469,0,0),(389,'20210724102448029575',4,'{\"id\":135,\"user_id\":4,\"province\":\"\\u56db\\u5ddd\\u7701\",\"city\":\"\\u6210\\u90fd\\u5e02\",\"district\":\"\\u53cc\\u6d41\\u533a\",\"address\":\"\\u5220\",\"zip\":0,\"name\":\"\\u795e\\u5c06\\u4e16\\u754c2\",\"phone\":\"\",\"last_used_time\":1627093488,\"create_time\":\"2021-07-23 09:21:36\",\"update_time\":\"2021-07-24 10:24:48\"}',300.00,'',NULL,NULL,NULL,'pending',NULL,0,'pending',NULL,NULL,1627093488,1627093488,0,0),(390,'20210724102754759808',4,'{\"id\":135,\"user_id\":4,\"province\":\"\\u56db\\u5ddd\\u7701\",\"city\":\"\\u6210\\u90fd\\u5e02\",\"district\":\"\\u53cc\\u6d41\\u533a\",\"address\":\"\\u5220\",\"zip\":0,\"name\":\"\\u795e\\u5c06\\u4e16\\u754c2\",\"phone\":\"\",\"last_used_time\":1627093674,\"create_time\":\"2021-07-23 09:21:36\",\"update_time\":\"2021-07-24 10:27:54\"}',990.00,'',NULL,NULL,NULL,'pending',NULL,0,'pending',NULL,NULL,1627093674,1627093674,0,0),(391,'20210724102857143968',4,'{\"id\":135,\"user_id\":4,\"province\":\"\\u56db\\u5ddd\\u7701\",\"city\":\"\\u6210\\u90fd\\u5e02\",\"district\":\"\\u53cc\\u6d41\\u533a\",\"address\":\"\\u5220\",\"zip\":0,\"name\":\"\\u795e\\u5c06\\u4e16\\u754c2\",\"phone\":\"\",\"last_used_time\":1627093737,\"create_time\":\"2021-07-23 09:21:36\",\"update_time\":\"2021-07-24 10:28:57\"}',1.50,'',NULL,NULL,NULL,'pending',NULL,0,'pending',NULL,NULL,1627093737,1627093737,0,0),(392,'20210724102937667262',4,'{\"id\":135,\"user_id\":4,\"province\":\"\\u56db\\u5ddd\\u7701\",\"city\":\"\\u6210\\u90fd\\u5e02\",\"district\":\"\\u53cc\\u6d41\\u533a\",\"address\":\"\\u5220\",\"zip\":0,\"name\":\"\\u795e\\u5c06\\u4e16\\u754c2\",\"phone\":\"\",\"last_used_time\":1627093777,\"create_time\":\"2021-07-23 09:21:36\",\"update_time\":\"2021-07-24 10:29:37\"}',2.50,'',NULL,NULL,NULL,'pending',NULL,0,'pending',NULL,NULL,1627093777,1627093777,0,0),(393,'20210724103108573101',4,'{\"id\":135,\"user_id\":4,\"province\":\"\\u56db\\u5ddd\\u7701\",\"city\":\"\\u6210\\u90fd\\u5e02\",\"district\":\"\\u53cc\\u6d41\\u533a\",\"address\":\"\\u5220\",\"zip\":0,\"name\":\"\\u795e\\u5c06\\u4e16\\u754c2\",\"phone\":\"\",\"last_used_time\":1627093868,\"create_time\":\"2021-07-23 09:21:36\",\"update_time\":\"2021-07-24 10:31:08\"}',150.00,'',NULL,NULL,NULL,'pending',NULL,0,'pending',NULL,NULL,1627093868,1627093868,0,0),(394,'20210724103238577023',4,'{\"id\":135,\"user_id\":4,\"province\":\"\\u56db\\u5ddd\\u7701\",\"city\":\"\\u6210\\u90fd\\u5e02\",\"district\":\"\\u53cc\\u6d41\\u533a\",\"address\":\"\\u5220\",\"zip\":0,\"name\":\"\\u795e\\u5c06\\u4e16\\u754c2\",\"phone\":\"\",\"last_used_time\":1627093958,\"create_time\":\"2021-07-23 09:21:36\",\"update_time\":\"2021-07-24 10:32:38\"}',1.50,'',NULL,NULL,NULL,'pending',NULL,0,'pending',NULL,NULL,1627093958,1627093958,0,0),(395,'20210724103306969877',4,'{\"id\":135,\"user_id\":4,\"province\":\"\\u56db\\u5ddd\\u7701\",\"city\":\"\\u6210\\u90fd\\u5e02\",\"district\":\"\\u53cc\\u6d41\\u533a\",\"address\":\"\\u5220\",\"zip\":0,\"name\":\"\\u795e\\u5c06\\u4e16\\u754c2\",\"phone\":\"\",\"last_used_time\":1627093986,\"create_time\":\"2021-07-23 09:21:36\",\"update_time\":\"2021-07-24 10:33:06\"}',450.00,'',NULL,NULL,NULL,'pending',NULL,0,'pending',NULL,NULL,1627093986,1627093986,0,0),(396,'20210724103541702572',4,'{\"id\":135,\"user_id\":4,\"province\":\"\\u56db\\u5ddd\\u7701\",\"city\":\"\\u6210\\u90fd\\u5e02\",\"district\":\"\\u53cc\\u6d41\\u533a\",\"address\":\"\\u5220\",\"zip\":0,\"name\":\"\\u795e\\u5c06\\u4e16\\u754c2\",\"phone\":\"\",\"last_used_time\":1627094141,\"create_time\":\"2021-07-23 09:21:36\",\"update_time\":\"2021-07-24 10:35:41\"}',120.00,'',NULL,NULL,NULL,'pending',NULL,0,'pending',NULL,NULL,1627094141,1627094141,0,0),(397,'20210724103633421390',4,'{\"id\":135,\"user_id\":4,\"province\":\"\\u56db\\u5ddd\\u7701\",\"city\":\"\\u6210\\u90fd\\u5e02\",\"district\":\"\\u53cc\\u6d41\\u533a\",\"address\":\"\\u5220\",\"zip\":0,\"name\":\"\\u795e\\u5c06\\u4e16\\u754c2\",\"phone\":\"\",\"last_used_time\":1627094193,\"create_time\":\"2021-07-23 09:21:36\",\"update_time\":\"2021-07-24 10:36:33\"}',450.00,'',NULL,NULL,NULL,'pending',NULL,0,'pending',NULL,NULL,1627094193,1627094193,0,0),(398,'20210724103819556868',4,'{\"id\":135,\"user_id\":4,\"province\":\"\\u56db\\u5ddd\\u7701\",\"city\":\"\\u6210\\u90fd\\u5e02\",\"district\":\"\\u53cc\\u6d41\\u533a\",\"address\":\"\\u5220\",\"zip\":0,\"name\":\"\\u795e\\u5c06\\u4e16\\u754c2\",\"phone\":\"\",\"last_used_time\":1627094299,\"create_time\":\"2021-07-23 09:21:36\",\"update_time\":\"2021-07-24 10:38:19\"}',180.00,'',NULL,NULL,NULL,'pending',NULL,0,'pending',NULL,NULL,1627094299,1627094299,0,0),(399,'20210724104127729541',4,'{\"id\":135,\"user_id\":4,\"province\":\"\\u56db\\u5ddd\\u7701\",\"city\":\"\\u6210\\u90fd\\u5e02\",\"district\":\"\\u53cc\\u6d41\\u533a\",\"address\":\"\\u5220\",\"zip\":0,\"name\":\"\\u795e\\u5c06\\u4e16\\u754c2\",\"phone\":\"\",\"last_used_time\":1627094487,\"create_time\":\"2021-07-23 09:21:36\",\"update_time\":\"2021-07-24 10:41:27\"}',150.00,'',NULL,NULL,NULL,'pending',NULL,0,'pending',NULL,NULL,1627094487,1627094487,0,0),(400,'20210724104153863429',4,'{\"id\":135,\"user_id\":4,\"province\":\"\\u56db\\u5ddd\\u7701\",\"city\":\"\\u6210\\u90fd\\u5e02\",\"district\":\"\\u53cc\\u6d41\\u533a\",\"address\":\"\\u5220\",\"zip\":0,\"name\":\"\\u795e\\u5c06\\u4e16\\u754c2\",\"phone\":\"\",\"last_used_time\":1627094513,\"create_time\":\"2021-07-23 09:21:36\",\"update_time\":\"2021-07-24 10:41:53\"}',2.00,'',NULL,NULL,NULL,'pending',NULL,0,'pending',NULL,NULL,1627094513,1627094513,0,0),(401,'20210724104325124189',4,'{\"id\":135,\"user_id\":4,\"province\":\"\\u56db\\u5ddd\\u7701\",\"city\":\"\\u6210\\u90fd\\u5e02\",\"district\":\"\\u53cc\\u6d41\\u533a\",\"address\":\"\\u5220\",\"zip\":0,\"name\":\"\\u795e\\u5c06\\u4e16\\u754c2\",\"phone\":\"\",\"last_used_time\":1627094605,\"create_time\":\"2021-07-23 09:21:36\",\"update_time\":\"2021-07-24 10:43:25\"}',30.00,'',NULL,NULL,NULL,'pending',NULL,1,'pending',NULL,NULL,1627094605,1627807096,0,0),(402,'20210724104516471232',4,'{\"id\":135,\"user_id\":4,\"province\":\"\\u56db\\u5ddd\\u7701\",\"city\":\"\\u6210\\u90fd\\u5e02\",\"district\":\"\\u53cc\\u6d41\\u533a\",\"address\":\"\\u5220\",\"zip\":0,\"name\":\"\\u795e\\u5c06\\u4e16\\u754c2\",\"phone\":\"\",\"last_used_time\":1627094716,\"create_time\":\"2021-07-23 09:21:36\",\"update_time\":\"2021-07-24 10:45:16\"}',120.00,'',NULL,NULL,NULL,'pending',NULL,0,'pending',NULL,NULL,1627094716,1627094716,0,0),(403,'20210724104821545164',4,'{\"id\":135,\"user_id\":4,\"province\":\"\\u56db\\u5ddd\\u7701\",\"city\":\"\\u6210\\u90fd\\u5e02\",\"district\":\"\\u53cc\\u6d41\\u533a\",\"address\":\"\\u5220\",\"zip\":0,\"name\":\"\\u795e\\u5c06\\u4e16\\u754c2\",\"phone\":\"\",\"last_used_time\":1627094901,\"create_time\":\"2021-07-23 09:21:36\",\"update_time\":\"2021-07-24 10:48:21\"}',360.00,'',NULL,NULL,NULL,'pending',NULL,0,'pending',NULL,NULL,1627094901,1627094901,0,0),(404,'20210724111100408198',4,'{\"id\":135,\"user_id\":4,\"province\":\"\\u56db\\u5ddd\\u7701\",\"city\":\"\\u6210\\u90fd\\u5e02\",\"district\":\"\\u53cc\\u6d41\\u533a\",\"address\":\"\\u5220\",\"zip\":0,\"name\":\"\\u795e\\u5c06\\u4e16\\u754c2\",\"phone\":\"\",\"last_used_time\":1627096260,\"create_time\":\"2021-07-23 09:21:36\",\"update_time\":\"2021-07-24 11:11:00\"}',0.10,'',NULL,NULL,NULL,'pending',NULL,0,'pending',NULL,NULL,1627096260,1627096260,0,0),(405,'20210724113549492548',4,'{\"id\":135,\"user_id\":4,\"province\":\"\\u56db\\u5ddd\\u7701\",\"city\":\"\\u6210\\u90fd\\u5e02\",\"district\":\"\\u53cc\\u6d41\\u533a\",\"address\":\"\\u5220\",\"zip\":0,\"name\":\"\\u795e\\u5c06\\u4e16\\u754c2\",\"phone\":\"\",\"last_used_time\":1627097749,\"create_time\":\"2021-07-23 09:21:36\",\"update_time\":\"2021-07-24 11:35:49\"}',30.10,'',NULL,NULL,NULL,'pending',NULL,0,'pending',NULL,NULL,1627097749,1627097749,0,0),(406,'20210724113558160929',4,'{\"id\":135,\"user_id\":4,\"province\":\"\\u56db\\u5ddd\\u7701\",\"city\":\"\\u6210\\u90fd\\u5e02\",\"district\":\"\\u53cc\\u6d41\\u533a\",\"address\":\"\\u5220\",\"zip\":0,\"name\":\"\\u795e\\u5c06\\u4e16\\u754c2\",\"phone\":\"\",\"last_used_time\":1627097758,\"create_time\":\"2021-07-23 09:21:36\",\"update_time\":\"2021-07-24 11:35:58\"}',331.00,'',NULL,NULL,NULL,'pending',NULL,0,'pending',NULL,NULL,1627097758,1627097758,0,0),(407,'20210724113629131912',4,'{\"id\":135,\"user_id\":4,\"province\":\"\\u56db\\u5ddd\\u7701\",\"city\":\"\\u6210\\u90fd\\u5e02\",\"district\":\"\\u53cc\\u6d41\\u533a\",\"address\":\"\\u5220\",\"zip\":0,\"name\":\"\\u795e\\u5c06\\u4e16\\u754c2\",\"phone\":\"\",\"last_used_time\":1627097789,\"create_time\":\"2021-07-23 09:21:36\",\"update_time\":\"2021-07-24 11:36:29\"}',2.00,'',NULL,NULL,NULL,'pending',NULL,0,'pending',NULL,NULL,1627097789,1627097789,0,0),(408,'20210724113726921858',4,'{\"id\":135,\"user_id\":4,\"province\":\"\\u56db\\u5ddd\\u7701\",\"city\":\"\\u6210\\u90fd\\u5e02\",\"district\":\"\\u53cc\\u6d41\\u533a\",\"address\":\"\\u5220\",\"zip\":0,\"name\":\"\\u795e\\u5c06\\u4e16\\u754c2\",\"phone\":\"\",\"last_used_time\":1627097846,\"create_time\":\"2021-07-23 09:21:36\",\"update_time\":\"2021-07-24 11:37:26\"}',8.00,'',NULL,NULL,NULL,'pending',NULL,0,'pending',NULL,NULL,1627097846,1627097846,0,0),(409,'20210724113921809710',4,'{\"id\":135,\"user_id\":4,\"province\":\"\\u56db\\u5ddd\\u7701\",\"city\":\"\\u6210\\u90fd\\u5e02\",\"district\":\"\\u53cc\\u6d41\\u533a\",\"address\":\"\\u5220\",\"zip\":0,\"name\":\"\\u795e\\u5c06\\u4e16\\u754c2\",\"phone\":\"\",\"last_used_time\":1627097961,\"create_time\":\"2021-07-23 09:21:36\",\"update_time\":\"2021-07-24 11:39:21\"}',90.00,'',NULL,NULL,NULL,'pending',NULL,0,'pending',NULL,NULL,1627097961,1627097961,0,0),(410,'20210724114106539782',4,'{\"id\":135,\"user_id\":4,\"province\":\"\\u56db\\u5ddd\\u7701\",\"city\":\"\\u6210\\u90fd\\u5e02\",\"district\":\"\\u53cc\\u6d41\\u533a\",\"address\":\"\\u5220\",\"zip\":0,\"name\":\"\\u795e\\u5c06\\u4e16\\u754c2\",\"phone\":\"\",\"last_used_time\":1627098066,\"create_time\":\"2021-07-23 09:21:36\",\"update_time\":\"2021-07-24 11:41:06\"}',0.50,'',NULL,NULL,NULL,'pending',NULL,0,'pending',NULL,NULL,1627098066,1627098066,0,0),(411,'20210724114201984119',4,'{\"id\":135,\"user_id\":4,\"province\":\"\\u56db\\u5ddd\\u7701\",\"city\":\"\\u6210\\u90fd\\u5e02\",\"district\":\"\\u53cc\\u6d41\\u533a\",\"address\":\"\\u5220\",\"zip\":0,\"name\":\"\\u795e\\u5c06\\u4e16\\u754c2\",\"phone\":\"\",\"last_used_time\":1627098121,\"create_time\":\"2021-07-23 09:21:36\",\"update_time\":\"2021-07-24 11:42:01\"}',30.00,'',NULL,NULL,NULL,'pending',NULL,0,'pending',NULL,NULL,1627098121,1627098121,0,0),(412,'20210724114246456219',4,'{\"id\":135,\"user_id\":4,\"province\":\"\\u56db\\u5ddd\\u7701\",\"city\":\"\\u6210\\u90fd\\u5e02\",\"district\":\"\\u53cc\\u6d41\\u533a\",\"address\":\"\\u5220\",\"zip\":0,\"name\":\"\\u795e\\u5c06\\u4e16\\u754c2\",\"phone\":\"\",\"last_used_time\":1627098166,\"create_time\":\"2021-07-23 09:21:36\",\"update_time\":\"2021-07-24 11:42:46\"}',90.00,'',NULL,NULL,NULL,'pending',NULL,0,'pending',NULL,NULL,1627098166,1627098166,0,0),(413,'20210724114403041144',4,'{\"id\":135,\"user_id\":4,\"province\":\"\\u56db\\u5ddd\\u7701\",\"city\":\"\\u6210\\u90fd\\u5e02\",\"district\":\"\\u53cc\\u6d41\\u533a\",\"address\":\"\\u5220\",\"zip\":0,\"name\":\"\\u795e\\u5c06\\u4e16\\u754c2\",\"phone\":\"\",\"last_used_time\":1627098243,\"create_time\":\"2021-07-23 09:21:36\",\"update_time\":\"2021-07-24 11:44:03\"}',0.50,'',NULL,NULL,NULL,'pending',NULL,0,'pending',NULL,NULL,1627098243,1627098243,0,0),(414,'20210724114521774195',4,'{\"id\":135,\"user_id\":4,\"province\":\"\\u56db\\u5ddd\\u7701\",\"city\":\"\\u6210\\u90fd\\u5e02\",\"district\":\"\\u53cc\\u6d41\\u533a\",\"address\":\"\\u5220\",\"zip\":0,\"name\":\"\\u795e\\u5c06\\u4e16\\u754c2\",\"phone\":\"\",\"last_used_time\":1627098321,\"create_time\":\"2021-07-23 09:21:36\",\"update_time\":\"2021-07-24 11:45:21\"}',1.00,'',NULL,NULL,NULL,'pending',NULL,0,'pending',NULL,NULL,1627098321,1627098321,0,0),(415,'20210724144218611239',4,'{\"id\":135,\"user_id\":4,\"province\":\"\\u56db\\u5ddd\\u7701\",\"city\":\"\\u6210\\u90fd\\u5e02\",\"district\":\"\\u53cc\\u6d41\\u533a\",\"address\":\"\\u5220\",\"zip\":0,\"name\":\"\\u795e\\u5c06\\u4e16\\u754c2\",\"phone\":\"\",\"last_used_time\":1627108938,\"create_time\":\"2021-07-23 09:21:36\",\"update_time\":\"2021-07-24 14:42:18\"}',0.50,'',NULL,NULL,NULL,'pending',NULL,1,'pending',NULL,NULL,1627108938,1627118486,0,0),(416,'20210724144240472018',4,'{\"id\":135,\"user_id\":4,\"province\":\"\\u56db\\u5ddd\\u7701\",\"city\":\"\\u6210\\u90fd\\u5e02\",\"district\":\"\\u53cc\\u6d41\\u533a\",\"address\":\"\\u5220\",\"zip\":0,\"name\":\"\\u795e\\u5c06\\u4e16\\u754c2\",\"phone\":\"\",\"last_used_time\":1627108960,\"create_time\":\"2021-07-23 09:21:36\",\"update_time\":\"2021-07-24 14:42:40\"}',0.50,'',NULL,NULL,NULL,'pending',NULL,1,'pending',NULL,NULL,1627108960,1627118482,0,0),(417,'20210724145602661775',4,'{\"id\":135,\"user_id\":4,\"province\":\"\\u56db\\u5ddd\\u7701\",\"city\":\"\\u6210\\u90fd\\u5e02\",\"district\":\"\\u53cc\\u6d41\\u533a\",\"address\":\"\\u5220\",\"zip\":0,\"name\":\"\\u795e\\u5c06\\u4e16\\u754c2\",\"phone\":\"\",\"last_used_time\":1627109762,\"create_time\":\"2021-07-23 09:21:36\",\"update_time\":\"2021-07-24 14:56:02\"}',0.50,'',NULL,NULL,NULL,'pending',NULL,1,'pending',NULL,NULL,1627109762,1627118478,0,0),(418,'20210724150921519002',4,'{\"id\":135,\"user_id\":4,\"province\":\"\\u56db\\u5ddd\\u7701\",\"city\":\"\\u6210\\u90fd\\u5e02\",\"district\":\"\\u53cc\\u6d41\\u533a\",\"address\":\"\\u5220\",\"zip\":0,\"name\":\"\\u795e\\u5c06\\u4e16\\u754c2\",\"phone\":\"\",\"last_used_time\":1627110561,\"create_time\":\"2021-07-23 09:21:36\",\"update_time\":\"2021-07-24 15:09:21\"}',0.50,'',NULL,NULL,NULL,'pending',NULL,1,'pending',NULL,NULL,1627110561,1627118467,0,0),(419,'20210724151316986943',4,'{\"id\":135,\"user_id\":4,\"province\":\"\\u56db\\u5ddd\\u7701\",\"city\":\"\\u6210\\u90fd\\u5e02\",\"district\":\"\\u53cc\\u6d41\\u533a\",\"address\":\"\\u5220\",\"zip\":0,\"name\":\"\\u795e\\u5c06\\u4e16\\u754c2\",\"phone\":\"\",\"last_used_time\":1627110796,\"create_time\":\"2021-07-23 09:21:36\",\"update_time\":\"2021-07-24 15:13:16\"}',30.00,'',NULL,NULL,NULL,'pending',NULL,1,'pending',NULL,NULL,1627110796,1627118463,0,0),(420,'20210724152029467106',4,'{\"id\":135,\"user_id\":4,\"province\":\"\\u56db\\u5ddd\\u7701\",\"city\":\"\\u6210\\u90fd\\u5e02\",\"district\":\"\\u53cc\\u6d41\\u533a\",\"address\":\"\\u5220\",\"zip\":0,\"name\":\"\\u795e\\u5c06\\u4e16\\u754c2\",\"phone\":\"\",\"last_used_time\":1627111229,\"create_time\":\"2021-07-23 09:21:36\",\"update_time\":\"2021-07-24 15:20:29\"}',30.00,'',NULL,NULL,NULL,'pending',NULL,1,'pending',NULL,NULL,1627111229,1627118460,0,0),(421,'20210724152407032244',4,'{\"id\":135,\"user_id\":4,\"province\":\"\\u56db\\u5ddd\\u7701\",\"city\":\"\\u6210\\u90fd\\u5e02\",\"district\":\"\\u53cc\\u6d41\\u533a\",\"address\":\"\\u5220\",\"zip\":0,\"name\":\"\\u795e\\u5c06\\u4e16\\u754c2\",\"phone\":\"\",\"last_used_time\":1627111447,\"create_time\":\"2021-07-23 09:21:36\",\"update_time\":\"2021-07-24 15:24:07\"}',0.10,'',NULL,NULL,NULL,'pending',NULL,1,'pending',NULL,NULL,1627111447,1627118341,0,0),(422,'20210724152603698607',4,'{\"id\":135,\"user_id\":4,\"province\":\"\\u56db\\u5ddd\\u7701\",\"city\":\"\\u6210\\u90fd\\u5e02\",\"district\":\"\\u53cc\\u6d41\\u533a\",\"address\":\"\\u5220\",\"zip\":0,\"name\":\"\\u795e\\u5c06\\u4e16\\u754c2\",\"phone\":\"\",\"last_used_time\":1627111563,\"create_time\":\"2021-07-23 09:21:36\",\"update_time\":\"2021-07-24 15:26:03\"}',0.10,'',NULL,NULL,NULL,'pending',NULL,1,'pending',NULL,NULL,1627111563,1627118335,0,0),(423,'20210724152836085487',4,'{\"id\":135,\"user_id\":4,\"province\":\"\\u56db\\u5ddd\\u7701\",\"city\":\"\\u6210\\u90fd\\u5e02\",\"district\":\"\\u53cc\\u6d41\\u533a\",\"address\":\"\\u5220\",\"zip\":0,\"name\":\"\\u795e\\u5c06\\u4e16\\u754c2\",\"phone\":\"\",\"last_used_time\":1627111716,\"create_time\":\"2021-07-23 09:21:36\",\"update_time\":\"2021-07-24 15:28:36\"}',30.00,'',NULL,NULL,NULL,'pending',NULL,1,'pending',NULL,NULL,1627111716,1627118323,0,0),(424,'20210724175424945352',4,'{\"id\":135,\"user_id\":4,\"province\":\"\\u56db\\u5ddd\\u7701\",\"city\":\"\\u6210\\u90fd\\u5e02\",\"district\":\"\\u53cc\\u6d41\\u533a\",\"address\":\"\\u5220\",\"zip\":0,\"name\":\"\\u795e\\u5c06\\u4e16\\u754c2\",\"phone\":\"\",\"last_used_time\":1627120464,\"create_time\":\"2021-07-23 09:21:36\",\"update_time\":\"2021-07-24 17:54:24\"}',0.50,'',NULL,NULL,NULL,'pending',NULL,0,'pending',NULL,NULL,1627120464,1627120464,0,0),(425,'20210724175547317953',4,'{\"id\":135,\"user_id\":4,\"province\":\"\\u56db\\u5ddd\\u7701\",\"city\":\"\\u6210\\u90fd\\u5e02\",\"district\":\"\\u53cc\\u6d41\\u533a\",\"address\":\"\\u5220\",\"zip\":0,\"name\":\"\\u795e\\u5c06\\u4e16\\u754c2\",\"phone\":\"\",\"last_used_time\":1627120547,\"create_time\":\"2021-07-23 09:21:36\",\"update_time\":\"2021-07-24 17:55:47\"}',0.50,'',NULL,NULL,NULL,'pending',NULL,0,'pending',NULL,NULL,1627120547,1627120547,0,0),(426,'20210724175703243524',4,'{\"id\":135,\"user_id\":4,\"province\":\"\\u56db\\u5ddd\\u7701\",\"city\":\"\\u6210\\u90fd\\u5e02\",\"district\":\"\\u53cc\\u6d41\\u533a\",\"address\":\"\\u5220\",\"zip\":0,\"name\":\"\\u795e\\u5c06\\u4e16\\u754c2\",\"phone\":\"\",\"last_used_time\":1627120623,\"create_time\":\"2021-07-23 09:21:36\",\"update_time\":\"2021-07-24 17:57:03\"}',0.50,'',NULL,NULL,NULL,'pending',NULL,0,'pending',NULL,NULL,1627120623,1627120623,0,0),(427,'20210724180007007016',4,'{\"id\":135,\"user_id\":4,\"province\":\"\\u56db\\u5ddd\\u7701\",\"city\":\"\\u6210\\u90fd\\u5e02\",\"district\":\"\\u53cc\\u6d41\\u533a\",\"address\":\"\\u5220\",\"zip\":0,\"name\":\"\\u795e\\u5c06\\u4e16\\u754c2\",\"phone\":\"\",\"last_used_time\":1627120807,\"create_time\":\"2021-07-23 09:21:36\",\"update_time\":\"2021-07-24 18:00:07\"}',0.50,'',NULL,NULL,NULL,'pending',NULL,0,'pending',NULL,NULL,1627120807,1627120807,0,0),(428,'20210724180557359054',4,'{\"id\":135,\"user_id\":4,\"province\":\"\\u56db\\u5ddd\\u7701\",\"city\":\"\\u6210\\u90fd\\u5e02\",\"district\":\"\\u53cc\\u6d41\\u533a\",\"address\":\"\\u5220\",\"zip\":0,\"name\":\"\\u795e\\u5c06\\u4e16\\u754c2\",\"phone\":\"\",\"last_used_time\":1627121157,\"create_time\":\"2021-07-23 09:21:36\",\"update_time\":\"2021-07-24 18:05:57\"}',0.50,'',NULL,NULL,NULL,'pending',NULL,0,'pending',NULL,NULL,1627121157,1627121157,0,0),(429,'20210724180725710566',4,'{\"id\":135,\"user_id\":4,\"province\":\"\\u56db\\u5ddd\\u7701\",\"city\":\"\\u6210\\u90fd\\u5e02\",\"district\":\"\\u53cc\\u6d41\\u533a\",\"address\":\"\\u5220\",\"zip\":0,\"name\":\"\\u795e\\u5c06\\u4e16\\u754c2\",\"phone\":\"\",\"last_used_time\":1627121245,\"create_time\":\"2021-07-23 09:21:36\",\"update_time\":\"2021-07-24 18:07:25\"}',0.10,'',NULL,NULL,NULL,'pending',NULL,1,'pending',NULL,NULL,1627121245,1627400643,0,0),(430,'20210724180859198827',4,'{\"id\":135,\"user_id\":4,\"province\":\"\\u56db\\u5ddd\\u7701\",\"city\":\"\\u6210\\u90fd\\u5e02\",\"district\":\"\\u53cc\\u6d41\\u533a\",\"address\":\"\\u5220\",\"zip\":0,\"name\":\"\\u795e\\u5c06\\u4e16\\u754c2\",\"phone\":\"\",\"last_used_time\":1627121339,\"create_time\":\"2021-07-23 09:21:36\",\"update_time\":\"2021-07-24 18:08:59\"}',0.50,'',NULL,NULL,NULL,'pending',NULL,0,'pending',NULL,NULL,1627121339,1627121339,0,0),(431,'20210724181130532954',4,'{\"id\":135,\"user_id\":4,\"province\":\"\\u56db\\u5ddd\\u7701\",\"city\":\"\\u6210\\u90fd\\u5e02\",\"district\":\"\\u53cc\\u6d41\\u533a\",\"address\":\"\\u5220\",\"zip\":0,\"name\":\"\\u795e\\u5c06\\u4e16\\u754c2\",\"phone\":\"\",\"last_used_time\":1627121490,\"create_time\":\"2021-07-23 09:21:36\",\"update_time\":\"2021-07-24 18:11:30\"}',0.10,'',NULL,NULL,NULL,'pending',NULL,0,'pending',NULL,NULL,1627121490,1627121490,0,0),(432,'20210724181511102530',4,'{\"id\":135,\"user_id\":4,\"province\":\"\\u56db\\u5ddd\\u7701\",\"city\":\"\\u6210\\u90fd\\u5e02\",\"district\":\"\\u53cc\\u6d41\\u533a\",\"address\":\"\\u5220\",\"zip\":0,\"name\":\"\\u795e\\u5c06\\u4e16\\u754c2\",\"phone\":\"\",\"last_used_time\":1627121711,\"create_time\":\"2021-07-23 09:21:36\",\"update_time\":\"2021-07-24 18:15:11\"}',0.10,'',NULL,NULL,NULL,'pending',NULL,0,'pending',NULL,NULL,1627121711,1627121711,0,0),(433,'20210724194401705323',4,'{\"id\":135,\"user_id\":4,\"province\":\"\\u56db\\u5ddd\\u7701\",\"city\":\"\\u6210\\u90fd\\u5e02\",\"district\":\"\\u53cc\\u6d41\\u533a\",\"address\":\"\\u5220\",\"zip\":0,\"name\":\"\\u795e\\u5c06\\u4e16\\u754c2\",\"phone\":\"\",\"last_used_time\":1627127041,\"create_time\":\"2021-07-23 09:21:36\",\"update_time\":\"2021-07-24 19:44:01\"}',30.00,'',NULL,NULL,NULL,'pending',NULL,0,'pending',NULL,NULL,1627127041,1627127041,0,0),(434,'20210724194428680385',4,'{\"id\":135,\"user_id\":4,\"province\":\"\\u56db\\u5ddd\\u7701\",\"city\":\"\\u6210\\u90fd\\u5e02\",\"district\":\"\\u53cc\\u6d41\\u533a\",\"address\":\"\\u5220\",\"zip\":0,\"name\":\"\\u795e\\u5c06\\u4e16\\u754c2\",\"phone\":\"\",\"last_used_time\":1627127068,\"create_time\":\"2021-07-23 09:21:36\",\"update_time\":\"2021-07-24 19:44:28\"}',0.50,'',NULL,NULL,NULL,'pending',NULL,0,'pending',NULL,NULL,1627127068,1627127068,0,0),(435,'20210724195016048160',4,'{\"id\":135,\"user_id\":4,\"province\":\"\\u56db\\u5ddd\\u7701\",\"city\":\"\\u6210\\u90fd\\u5e02\",\"district\":\"\\u53cc\\u6d41\\u533a\",\"address\":\"\\u5220\",\"zip\":0,\"name\":\"\\u795e\\u5c06\\u4e16\\u754c2\",\"phone\":\"\",\"last_used_time\":1627127416,\"create_time\":\"2021-07-23 09:21:36\",\"update_time\":\"2021-07-24 19:50:16\"}',60.00,'',NULL,NULL,NULL,'pending',NULL,0,'pending',NULL,NULL,1627127416,1627127416,0,0),(436,'20210724195050781325',4,'{\"id\":135,\"user_id\":4,\"province\":\"\\u56db\\u5ddd\\u7701\",\"city\":\"\\u6210\\u90fd\\u5e02\",\"district\":\"\\u53cc\\u6d41\\u533a\",\"address\":\"\\u5220\",\"zip\":0,\"name\":\"\\u795e\\u5c06\\u4e16\\u754c2\",\"phone\":\"\",\"last_used_time\":1627127450,\"create_time\":\"2021-07-23 09:21:36\",\"update_time\":\"2021-07-24 19:50:50\"}',30.00,'',NULL,NULL,NULL,'pending',NULL,0,'pending',NULL,NULL,1627127450,1627127450,0,0),(437,'20210726173605127594',4,'{\"id\":135,\"user_id\":4,\"province\":\"\\u56db\\u5ddd\\u7701\",\"city\":\"\\u6210\\u90fd\\u5e02\",\"district\":\"\\u53cc\\u6d41\\u533a\",\"address\":\"\\u5220\",\"zip\":0,\"name\":\"\\u795e\\u5c06\\u4e16\\u754c2\",\"phone\":\"\",\"last_used_time\":1627292165,\"create_time\":\"1970-01-01 08:32:50\",\"update_time\":\"2021-07-26 17:36:05\"}',92.40,'',NULL,NULL,NULL,'pending',NULL,1,'pending',NULL,NULL,1627292165,1627292206,0,0),(438,'20210727013751307081',4,'{\"id\":135,\"user_id\":4,\"province\":\"\\u56db\\u5ddd\\u7701\",\"city\":\"\\u6210\\u90fd\\u5e02\",\"district\":\"\\u53cc\\u6d41\\u533a\",\"address\":\"\\u5220\",\"zip\":0,\"name\":\"\\u795e\\u5c06\\u4e16\\u754c2\",\"phone\":\"\",\"last_used_time\":1627321071,\"create_time\":\"1970-01-01 08:32:50\",\"update_time\":\"2021-07-27 01:37:51\"}',30.00,'',NULL,NULL,NULL,'pending',NULL,0,'pending',NULL,NULL,1627321071,1627321071,0,0),(439,'20210727234320149765',4,'{\"id\":135,\"user_id\":4,\"province\":\"\\u56db\\u5ddd\\u7701\",\"city\":\"\\u6210\\u90fd\\u5e02\",\"district\":\"\\u53cc\\u6d41\\u533a\",\"address\":\"\\u5220\",\"zip\":0,\"name\":\"\\u795e\\u5c06\\u4e16\\u754c2\",\"phone\":\"\",\"last_used_time\":1627400600,\"create_time\":\"1970-01-01 08:32:50\",\"update_time\":\"2021-07-27 23:43:20\"}',180.00,'',NULL,NULL,NULL,'pending',NULL,0,'pending',NULL,NULL,1627400600,1627400600,0,0),(440,'20210728152807420063',4,'{\"id\":135,\"user_id\":4,\"province\":\"\\u56db\\u5ddd\\u7701\",\"city\":\"\\u6210\\u90fd\\u5e02\",\"district\":\"\\u53cc\\u6d41\\u533a\",\"address\":\"\\u5220\",\"zip\":0,\"name\":\"\\u795e\\u5c06\\u4e16\\u754c2\",\"phone\":\"\",\"last_used_time\":1627457287,\"create_time\":\"1970-01-01 08:32:50\",\"update_time\":\"2021-07-28 15:28:07\"}',31.10,'',NULL,NULL,NULL,'pending',NULL,0,'pending',NULL,NULL,1627457287,1627457287,0,0),(441,'20210728181822994935',4,'{\"id\":135,\"user_id\":4,\"province\":\"\\u56db\\u5ddd\\u7701\",\"city\":\"\\u6210\\u90fd\\u5e02\",\"district\":\"\\u53cc\\u6d41\\u533a\",\"address\":\"\\u5220\",\"zip\":0,\"name\":\"\\u795e\\u5c06\\u4e16\\u754c2\",\"phone\":\"\",\"last_used_time\":1627467502,\"create_time\":\"1970-01-01 08:32:50\",\"update_time\":\"2021-07-28 18:18:22\"}',0.10,'',NULL,NULL,NULL,'pending',NULL,1,'pending',NULL,NULL,1627467502,1627467546,0,0),(442,'20210731011726446215',4,'{\"id\":135,\"user_id\":4,\"province\":\"\\u56db\\u5ddd\\u7701\",\"city\":\"\\u6210\\u90fd\\u5e02\",\"district\":\"\\u53cc\\u6d41\\u533a\",\"address\":\"\\u5220\",\"zip\":0,\"name\":\"\\u795e\\u5c06\\u4e16\\u754c2\",\"phone\":\"\",\"last_used_time\":1627665446,\"create_time\":\"1970-01-01 08:32:50\",\"update_time\":\"2021-07-31 01:17:26\"}',0.10,'',NULL,NULL,NULL,'pending',NULL,1,'pending',NULL,NULL,1627665446,1627665460,0,0),(443,'20210801161418821731',4,'{\"id\":123,\"user_id\":4,\"province\":\"\\u5317\\u4eac\\u5e02\",\"city\":\"\\u5e02\\u8f96\\u533a\",\"district\":\"\\u897f\\u57ce\\u533a\",\"address\":\"\\u4ffa\\u7238\\u7238\",\"zip\":0,\"name\":\"\\u662f\\u5047\\u7684\\u5427\",\"phone\":\"\",\"last_used_time\":1627805658,\"create_time\":\"1970-01-01 08:32:50\",\"update_time\":\"2021-08-01 16:14:18\"}',91.00,'',NULL,NULL,NULL,'pending',NULL,1,'pending',NULL,NULL,1627805658,1627829783,0,0),(444,'20210802005013298461',4,'{\"id\":123,\"user_id\":4,\"province\":\"\\u5317\\u4eac\\u5e02\",\"city\":\"\\u5e02\\u8f96\\u533a\",\"district\":\"\\u897f\\u57ce\\u533a\",\"address\":\"\\u4ffa\\u7238\\u7238\",\"zip\":0,\"name\":\"\\u662f\\u5047\\u7684\\u5427\",\"phone\":\"\",\"last_used_time\":1627836613,\"create_time\":\"1970-01-01 08:32:50\",\"update_time\":\"2021-08-02 00:50:13\"}',90.00,'',NULL,NULL,NULL,'pending',NULL,0,'pending',NULL,NULL,1627836613,1627836613,0,0),(445,'20210811180722416949',4,'{\"id\":123,\"user_id\":4,\"province\":\"\\u5317\\u4eac\\u5e02\",\"city\":\"\\u5e02\\u8f96\\u533a\",\"district\":\"\\u897f\\u57ce\\u533a\",\"address\":\"\\u4ffa\\u7238\\u7238\",\"zip\":0,\"name\":\"\\u662f\\u5047\\u7684\\u5427\",\"phone\":\"\",\"last_used_time\":1628676442,\"create_time\":\"1970-01-01 08:32:50\",\"update_time\":\"2021-08-11 18:07:22\"}',31.90,'',NULL,NULL,NULL,'pending',NULL,1,'pending',NULL,NULL,1628676442,1628824696,0,0),(446,'20210813152636251419',4,'{\"id\":123,\"user_id\":4,\"province\":\"\\u5317\\u4eac\\u5e02\",\"city\":\"\\u5e02\\u8f96\\u533a\",\"district\":\"\\u897f\\u57ce\\u533a\",\"address\":\"\\u4ffa\\u7238\\u7238\",\"zip\":0,\"name\":\"\\u662f\\u5047\\u7684\\u5427\",\"phone\":\"\",\"last_used_time\":1628839596,\"create_time\":\"1970-01-01 08:32:50\",\"update_time\":\"2021-08-13 15:26:36\"}',0.50,'',NULL,NULL,NULL,'pending',NULL,0,'pending',NULL,NULL,1628839596,1628839596,0,0),(447,'20210818181433394740',4,'{\"id\":139,\"user_id\":4,\"province\":\"\\u5317\\u4eac\\u5e02\",\"city\":\"\\u5e02\\u8f96\\u533a\",\"district\":\"\\u897f\\u57ce\\u533a\",\"address\":\"111\",\"zip\":11,\"name\":\"111\",\"phone\":\"18812365655\",\"last_used_time\":1629281673,\"create_time\":\"2021-08-17 17:57:59\",\"update_time\":\"2021-08-18 18:14:33\"}',0.10,'',NULL,NULL,NULL,'pending',NULL,0,'pending',NULL,NULL,1629281673,1629281673,0,0),(448,'20210823232144697336',35,'{\"id\":144,\"user_id\":35,\"province\":\"\\u5317\\u4eac\\u5e02\",\"city\":\"\\u5e02\\u8f96\\u533a\",\"district\":\"\\u897f\\u57ce\\u533a\",\"address\":\"\\u8ffd\\u7740\",\"zip\":10086,\"name\":\"\\u6765\\u6765\",\"phone\":\"13793109098\",\"last_used_time\":1629732104,\"create_time\":\"2021-08-23 23:21:41\",\"update_time\":\"2021-08-23 23:21:44\"}',0.10,'',NULL,NULL,NULL,'pending',NULL,0,'pending',NULL,NULL,1629732104,1629732104,0,0),(449,'20210826191740790970',4,'{\"id\":139,\"user_id\":4,\"province\":\"\\u5185\\u8499\\u53e4\\u81ea\\u6cbb\\u533a\",\"city\":\"\\u547c\\u548c\\u6d69\\u7279\\u5e02\",\"district\":\"\\u65b0\\u57ce\\u533a\",\"address\":\"1111111222\",\"zip\":11,\"name\":\"111qqqq\",\"phone\":\"18812365655\",\"last_used_time\":1629976660,\"create_time\":\"1970-01-01 08:32:50\",\"update_time\":\"2021-08-26 19:17:40\"}',155.51,'',NULL,NULL,NULL,'pending',NULL,0,'pending',NULL,NULL,1629976660,1629976660,0,15),(450,'20210826192052296749',4,'{\"id\":139,\"user_id\":4,\"province\":\"\\u5185\\u8499\\u53e4\\u81ea\\u6cbb\\u533a\",\"city\":\"\\u547c\\u548c\\u6d69\\u7279\\u5e02\",\"district\":\"\\u65b0\\u57ce\\u533a\",\"address\":\"1111111222\",\"zip\":11,\"name\":\"111qqqq\",\"phone\":\"18812365655\",\"last_used_time\":1629976852,\"create_time\":\"1970-01-01 08:32:50\",\"update_time\":\"2021-08-26 19:20:52\"}',0.50,'',NULL,NULL,NULL,'pending',NULL,0,'pending',NULL,NULL,1629976852,1629976852,0,0),(451,'20210826192141830225',4,'{\"id\":139,\"user_id\":4,\"province\":\"\\u5185\\u8499\\u53e4\\u81ea\\u6cbb\\u533a\",\"city\":\"\\u547c\\u548c\\u6d69\\u7279\\u5e02\",\"district\":\"\\u65b0\\u57ce\\u533a\",\"address\":\"1111111222\",\"zip\":11,\"name\":\"111qqqq\",\"phone\":\"18812365655\",\"last_used_time\":1629976901,\"create_time\":\"1970-01-01 08:32:50\",\"update_time\":\"2021-08-26 19:21:41\"}',0.10,'',NULL,NULL,NULL,'pending',NULL,0,'pending',NULL,NULL,1629976901,1629976901,0,0),(452,'20210826192326798449',4,'{\"id\":123,\"user_id\":4,\"province\":\"\\u5317\\u4eac\\u5e02\",\"city\":\"\\u5e02\\u8f96\\u533a\",\"district\":\"\\u897f\\u57ce\\u533a\",\"address\":\"\\u4ffa\\u7238\\u7238\",\"zip\":0,\"name\":\"\\u662f\\u5047eeeee\",\"phone\":\"\",\"last_used_time\":1629977006,\"create_time\":\"1970-01-01 08:32:50\",\"update_time\":\"2021-08-26 19:23:26\"}',180.00,'',NULL,NULL,NULL,'pending',NULL,0,'pending',NULL,NULL,1629977006,1629977006,0,0),(453,'20210826192919786101',4,'{\"id\":123,\"user_id\":4,\"province\":\"\\u5317\\u4eac\\u5e02\",\"city\":\"\\u5e02\\u8f96\\u533a\",\"district\":\"\\u897f\\u57ce\\u533a\",\"address\":\"\\u4ffa\\u7238\\u7238\",\"zip\":0,\"name\":\"\\u662f\\u5047eeeee\",\"phone\":\"\",\"last_used_time\":1629977359,\"create_time\":\"1970-01-01 08:32:50\",\"update_time\":\"2021-08-26 19:29:19\"}',30.00,'',NULL,NULL,NULL,'pending',NULL,0,'pending',NULL,NULL,1629977359,1629977359,0,0),(454,'20210826194542525611',4,'{\"id\":123,\"user_id\":4,\"province\":\"\\u5317\\u4eac\\u5e02\",\"city\":\"\\u5e02\\u8f96\\u533a\",\"district\":\"\\u897f\\u57ce\\u533a\",\"address\":\"\\u4ffa\\u7238\\u7238\",\"zip\":0,\"name\":\"\\u662f\\u5047eeeee\",\"phone\":\"\",\"last_used_time\":1629978342,\"create_time\":\"1970-01-01 08:32:50\",\"update_time\":\"2021-08-26 19:45:42\"}',0.50,'',NULL,NULL,NULL,'pending',NULL,0,'pending',NULL,NULL,1629978342,1629978342,0,0),(455,'20210826194655898742',4,'{\"id\":123,\"user_id\":4,\"province\":\"\\u5317\\u4eac\\u5e02\",\"city\":\"\\u5e02\\u8f96\\u533a\",\"district\":\"\\u897f\\u57ce\\u533a\",\"address\":\"\\u4ffa\\u7238\\u7238\",\"zip\":0,\"name\":\"\\u662f\\u5047eeeee\",\"phone\":\"\",\"last_used_time\":1629978415,\"create_time\":\"1970-01-01 08:32:50\",\"update_time\":\"2021-08-26 19:46:55\"}',0.20,'',NULL,NULL,NULL,'pending',NULL,0,'pending',NULL,NULL,1629978415,1629978415,0,0),(456,'20210827131048453955',4,'{\"id\":123,\"user_id\":4,\"province\":\"\\u5317\\u4eac\\u5e02\",\"city\":\"\\u5e02\\u8f96\\u533a\",\"district\":\"\\u897f\\u57ce\\u533a\",\"address\":\"\\u4ffa\\u7238\\u7238\",\"zip\":0,\"name\":\"\\u662f\\u5047eeeee\",\"phone\":\"\",\"last_used_time\":1630041048,\"create_time\":\"1970-01-01 08:32:50\",\"update_time\":\"2021-08-27 13:10:48\"}',0.50,'',NULL,NULL,NULL,'pending',NULL,0,'pending',NULL,NULL,1630041048,1630041048,0,0),(457,'20210827132952058407',4,'{\"id\":123,\"user_id\":4,\"province\":\"\\u5317\\u4eac\\u5e02\",\"city\":\"\\u5e02\\u8f96\\u533a\",\"district\":\"\\u897f\\u57ce\\u533a\",\"address\":\"\\u4ffa\\u7238\\u7238\",\"zip\":0,\"name\":\"\\u662f\\u5047eeeee\",\"phone\":\"\",\"last_used_time\":1630042192,\"create_time\":\"1970-01-01 08:32:50\",\"update_time\":\"2021-08-27 13:29:52\"}',1.00,'',NULL,NULL,NULL,'pending',NULL,0,'pending',NULL,NULL,1630042192,1630042192,0,0),(458,'20210827134244112547',4,'{\"id\":140,\"user_id\":4,\"province\":\"\\u5317\\u4eac\\u5e02\",\"city\":\"\\u5e02\\u8f96\\u533a\",\"district\":\"\\u897f\\u57ce\\u533a\",\"address\":\"\\u3002\\u3002\\u3002\\u3002\",\"zip\":833000,\"name\":\"ces\",\"phone\":\"18290842312\",\"last_used_time\":1630042964,\"create_time\":\"1970-01-01 08:32:50\",\"update_time\":\"2021-08-27 13:42:44\"}',0.10,'',NULL,NULL,NULL,'pending',NULL,0,'pending',NULL,NULL,1630042964,1630042964,0,0),(459,'20210827135332302054',4,'{\"id\":139,\"user_id\":4,\"province\":\"\\u5185\\u8499\\u53e4\\u81ea\\u6cbb\\u533a\",\"city\":\"\\u547c\\u548c\\u6d69\\u7279\\u5e02\",\"district\":\"\\u65b0\\u57ce\\u533a\",\"address\":\"1111111222\",\"zip\":11,\"name\":\"111qqqq\",\"phone\":\"18812365655\",\"last_used_time\":1630043612,\"create_time\":\"1970-01-01 08:32:50\",\"update_time\":\"2021-08-27 13:53:32\"}',0.10,'',NULL,NULL,NULL,'pending',NULL,0,'pending',NULL,NULL,1630043612,1630043612,0,0),(460,'20210827140353437847',4,'{\"id\":135,\"user_id\":4,\"province\":\"\\u56db\\u5ddd\\u7701\",\"city\":\"\\u6210\\u90fd\\u5e02\",\"district\":\"\\u53cc\\u6d41\\u533a\",\"address\":\"\\u5220\",\"zip\":0,\"name\":\"\\u795e\\u5c06\\u4e16\\u754crrrrrr\",\"phone\":\"\",\"last_used_time\":1630044233,\"create_time\":\"1970-01-01 08:32:50\",\"update_time\":\"2021-08-27 14:03:53\"}',0.10,'',NULL,NULL,NULL,'pending',NULL,1,'pending',NULL,NULL,1630044233,1630142851,0,0),(461,'20210827152247085117',4,'{\"id\":135,\"user_id\":4,\"province\":\"\\u56db\\u5ddd\\u7701\",\"city\":\"\\u6210\\u90fd\\u5e02\",\"district\":\"\\u53cc\\u6d41\\u533a\",\"address\":\"\\u5220\",\"zip\":0,\"name\":\"\\u795e\\u5c06\\u4e16\\u754crrrrrr\",\"phone\":\"\",\"last_used_time\":1630048967,\"create_time\":\"1970-01-01 08:32:50\",\"update_time\":\"2021-08-27 15:22:47\"}',0.10,'',NULL,NULL,NULL,'pending',NULL,1,'pending',NULL,NULL,1630048967,1630142845,0,0),(462,'20210827160131874564',4,'{\"id\":135,\"user_id\":4,\"province\":\"\\u56db\\u5ddd\\u7701\",\"city\":\"\\u6210\\u90fd\\u5e02\",\"district\":\"\\u53cc\\u6d41\\u533a\",\"address\":\"\\u5220\",\"zip\":0,\"name\":\"\\u795e\\u5c06\\u4e16\\u754crrrrrr\",\"phone\":\"\",\"last_used_time\":1630051291,\"create_time\":\"1970-01-01 08:32:50\",\"update_time\":\"2021-08-27 16:01:31\"}',0.10,'',NULL,NULL,NULL,'pending',NULL,0,'pending',NULL,NULL,1630051291,1630051291,0,0),(463,'20210828133131847138',4,'{\"id\":135,\"user_id\":4,\"province\":\"\\u56db\\u5ddd\\u7701\",\"city\":\"\\u6210\\u90fd\\u5e02\",\"district\":\"\\u53cc\\u6d41\\u533a\",\"address\":\"\\u5220\",\"zip\":0,\"name\":\"\\u795e\\u5c06\\u4e16\\u754crrrrrr\",\"phone\":\"\",\"last_used_time\":1630128691,\"create_time\":\"1970-01-01 08:32:50\",\"update_time\":\"2021-08-28 13:31:31\"}',0.50,'',NULL,NULL,NULL,'pending',NULL,1,'pending',NULL,NULL,1630128691,1630128749,0,0),(464,'20210828173018488156',4,'{\"id\":135,\"user_id\":4,\"province\":\"\\u56db\\u5ddd\\u7701\",\"city\":\"\\u6210\\u90fd\\u5e02\",\"district\":\"\\u53cc\\u6d41\\u533a\",\"address\":\"\\u5220\",\"zip\":0,\"name\":\"\\u795e\\u5c06\\u4e16\\u754crrrrrr\",\"phone\":\"\",\"last_used_time\":1630143018,\"create_time\":\"1970-01-01 08:32:50\",\"update_time\":\"2021-08-28 17:30:18\"}',270.00,'',NULL,NULL,NULL,'pending',NULL,1,'pending',NULL,NULL,1630143018,1630178069,0,0),(465,'20210828173244314820',4,'{\"id\":135,\"user_id\":4,\"province\":\"\\u56db\\u5ddd\\u7701\",\"city\":\"\\u6210\\u90fd\\u5e02\",\"district\":\"\\u53cc\\u6d41\\u533a\",\"address\":\"\\u5220\",\"zip\":0,\"name\":\"\\u795e\\u5c06\\u4e16\\u754crrrrrr\",\"phone\":\"\",\"last_used_time\":1630143164,\"create_time\":\"1970-01-01 08:32:50\",\"update_time\":\"2021-08-28 17:32:44\"}',0.10,'',NULL,NULL,NULL,'pending',NULL,1,'pending',NULL,NULL,1630143164,1630178065,0,0),(466,'20210828201115675859',4,'{\"id\":149,\"user_id\":4,\"province\":\"\\u5317\\u4eac\\u5e02\",\"city\":\"\\u5e02\\u8f96\\u533a\",\"district\":\"\\u897f\\u57ce\\u533a\",\"address\":\"\\u4ed6\",\"zip\":255255,\"name\":\"\\u5f00\\u5f00\",\"phone\":\"15252668686\",\"last_used_time\":1630152675,\"create_time\":\"2021-08-28 20:11:02\",\"update_time\":\"2021-08-28 20:11:15\"}',0.50,'',NULL,NULL,NULL,'pending',NULL,1,'pending',NULL,NULL,1630152675,1630178062,0,0),(467,'20210828202514278721',4,'{\"id\":149,\"user_id\":4,\"province\":\"\\u5317\\u4eac\\u5e02\",\"city\":\"\\u5e02\\u8f96\\u533a\",\"district\":\"\\u897f\\u57ce\\u533a\",\"address\":\"\\u4ed6\",\"zip\":255255,\"name\":\"\\u5f00\\u5f00\",\"phone\":\"15252668686\",\"last_used_time\":1630153514,\"create_time\":\"2021-08-28 20:11:02\",\"update_time\":\"2021-08-28 20:25:14\"}',0.50,'',NULL,NULL,NULL,'pending',NULL,1,'pending',NULL,NULL,1630153514,1630178058,0,0),(468,'20210828210014325367',4,'{\"id\":149,\"user_id\":4,\"province\":\"\\u5317\\u4eac\\u5e02\",\"city\":\"\\u5e02\\u8f96\\u533a\",\"district\":\"\\u897f\\u57ce\\u533a\",\"address\":\"\\u4ed6\",\"zip\":255255,\"name\":\"\\u5f00\\u5f00\",\"phone\":\"15252668686\",\"last_used_time\":1630155614,\"create_time\":\"2021-08-28 20:11:02\",\"update_time\":\"2021-08-28 21:00:14\"}',0.50,'',NULL,NULL,NULL,'pending',NULL,1,'pending',NULL,NULL,1630155614,1630178052,0,0),(469,'20210829001753745728',4,'{\"id\":149,\"user_id\":4,\"province\":\"\\u5317\\u4eac\\u5e02\",\"city\":\"\\u5e02\\u8f96\\u533a\",\"district\":\"\\u897f\\u57ce\\u533a\",\"address\":\"\\u4ed6\",\"zip\":255255,\"name\":\"\\u5f00\\u5f00\",\"phone\":\"15252668686\",\"last_used_time\":1630167473,\"create_time\":\"2021-08-28 20:11:02\",\"update_time\":\"2021-08-29 00:17:53\"}',0.10,'',NULL,NULL,NULL,'pending',NULL,1,'pending',NULL,NULL,1630167473,1630178047,0,0),(470,'20210829023505039482',4,'{\"id\":135,\"user_id\":4,\"province\":\"\\u56db\\u5ddd\\u7701\",\"city\":\"\\u6210\\u90fd\\u5e02\",\"district\":\"\\u53cc\\u6d41\\u533a\",\"address\":\"\\u5220\",\"zip\":0,\"name\":\"\\u795e\\u5c06\\u4e16\\u754crrrrrr\",\"phone\":\"\",\"last_used_time\":1630175705,\"create_time\":\"1970-01-01 08:32:50\",\"update_time\":\"2021-08-29 02:35:05\"}',0.50,'',NULL,NULL,NULL,'pending',NULL,0,'pending',NULL,NULL,1630175705,1630175705,0,0),(471,'20210829030554016783',4,'{\"id\":123,\"user_id\":4,\"province\":\"\\u5317\\u4eac\\u5e02\",\"city\":\"\\u5e02\\u8f96\\u533a\",\"district\":\"\\u897f\\u57ce\\u533a\",\"address\":\"\\u4ffa\\u7238\\u7238\",\"zip\":0,\"name\":\"\\u662f\\u5047eeeee\",\"phone\":\"\",\"last_used_time\":1630177554,\"create_time\":\"1970-01-01 08:32:50\",\"update_time\":\"2021-08-29 03:05:54\"}',90.00,'',NULL,NULL,NULL,'pending',NULL,1,'pending',NULL,NULL,1630177554,1630178014,0,0),(472,'20210829031816880912',4,'{\"id\":135,\"user_id\":4,\"province\":\"\\u56db\\u5ddd\\u7701\",\"city\":\"\\u6210\\u90fd\\u5e02\",\"district\":\"\\u53cc\\u6d41\\u533a\",\"address\":\"\\u5220\",\"zip\":0,\"name\":\"\\u795e\\u5c06\\u4e16\\u754crrrrrr\",\"phone\":\"\",\"last_used_time\":1630178296,\"create_time\":\"1970-01-01 08:32:50\",\"update_time\":\"2021-08-29 03:18:16\"}',0.50,'',NULL,NULL,NULL,'pending',NULL,0,'pending',NULL,NULL,1630178296,1630178296,0,0),(473,'20210829102825585598',4,'{\"id\":149,\"user_id\":4,\"province\":\"\\u5317\\u4eac\\u5e02\",\"city\":\"\\u5e02\\u8f96\\u533a\",\"district\":\"\\u897f\\u57ce\\u533a\",\"address\":\"\\u4ed6\",\"zip\":255255,\"name\":\"\\u5f00\\u5f00\",\"phone\":\"15252668686\",\"last_used_time\":1630204105,\"create_time\":\"2021-08-28 20:11:02\",\"update_time\":\"2021-08-29 10:28:25\"}',0.60,'',NULL,NULL,NULL,'pending',NULL,0,'pending',NULL,NULL,1630204105,1630204105,0,0),(474,'20210829123806459766',4,'{\"id\":149,\"user_id\":4,\"province\":\"\\u5317\\u4eac\\u5e02\",\"city\":\"\\u5e02\\u8f96\\u533a\",\"district\":\"\\u897f\\u57ce\\u533a\",\"address\":\"\\u4ed6\",\"zip\":255255,\"name\":\"\\u5f00\\u5f00\",\"phone\":\"15252668686\",\"last_used_time\":1630211886,\"create_time\":\"2021-08-28 20:11:02\",\"update_time\":\"2021-08-29 12:38:06\"}',0.10,'',NULL,NULL,NULL,'pending',NULL,0,'pending',NULL,NULL,1630211886,1630211886,0,0),(475,'20210829130903891657',4,'{\"id\":149,\"user_id\":4,\"province\":\"\\u5317\\u4eac\\u5e02\",\"city\":\"\\u5e02\\u8f96\\u533a\",\"district\":\"\\u897f\\u57ce\\u533a\",\"address\":\"\\u4ed6\",\"zip\":255255,\"name\":\"\\u5f00\\u5f00\",\"phone\":\"15252668686\",\"last_used_time\":1630213743,\"create_time\":\"2021-08-28 20:11:02\",\"update_time\":\"2021-08-29 13:09:03\"}',0.10,'',NULL,NULL,NULL,'pending',NULL,0,'pending',NULL,NULL,1630213743,1630213743,0,0),(476,'20210829151517413310',4,'{\"id\":149,\"user_id\":4,\"province\":\"\\u5317\\u4eac\\u5e02\",\"city\":\"\\u5e02\\u8f96\\u533a\",\"district\":\"\\u897f\\u57ce\\u533a\",\"address\":\"\\u4ed6\",\"zip\":255255,\"name\":\"\\u5f00\\u5f00\",\"phone\":\"15252668686\",\"last_used_time\":1630221317,\"create_time\":\"2021-08-28 20:11:02\",\"update_time\":\"2021-08-29 15:15:17\"}',0.10,'',NULL,NULL,NULL,'pending',NULL,0,'pending',NULL,NULL,1630221317,1630221317,0,0),(477,'20210829162553431620',4,'{\"id\":149,\"user_id\":4,\"province\":\"\\u5317\\u4eac\\u5e02\",\"city\":\"\\u5e02\\u8f96\\u533a\",\"district\":\"\\u897f\\u57ce\\u533a\",\"address\":\"\\u4ed6\",\"zip\":255255,\"name\":\"\\u5f00\\u5f00\",\"phone\":\"15252668686\",\"last_used_time\":1630225553,\"create_time\":\"2021-08-28 20:11:02\",\"update_time\":\"2021-08-29 16:25:53\"}',0.10,'',NULL,NULL,NULL,'pending',NULL,0,'pending',NULL,NULL,1630225553,1630225553,0,0),(478,'20210829184642130727',4,'{\"id\":149,\"user_id\":4,\"province\":\"\\u5317\\u4eac\\u5e02\",\"city\":\"\\u5e02\\u8f96\\u533a\",\"district\":\"\\u897f\\u57ce\\u533a\",\"address\":\"\\u4ed6\",\"zip\":255255,\"name\":\"\\u5f00\\u5f00\",\"phone\":\"15252668686\",\"last_used_time\":1630234002,\"create_time\":\"2021-08-28 20:11:02\",\"update_time\":\"2021-08-29 18:46:42\"}',30.00,'',NULL,NULL,NULL,'pending',NULL,0,'pending',NULL,NULL,1630234002,1630234002,0,0),(479,'20210829201727869432',4,'{\"id\":149,\"user_id\":4,\"province\":\"\\u5317\\u4eac\\u5e02\",\"city\":\"\\u5e02\\u8f96\\u533a\",\"district\":\"\\u897f\\u57ce\\u533a\",\"address\":\"\\u4ed6\",\"zip\":255255,\"name\":\"\\u5f00\\u5f00\",\"phone\":\"15252668686\",\"last_used_time\":1630239447,\"create_time\":\"2021-08-28 20:11:02\",\"update_time\":\"2021-08-29 20:17:27\"}',30.00,'',NULL,NULL,NULL,'pending',NULL,0,'pending',NULL,NULL,1630239447,1630239447,0,0),(480,'20210830113022944350',4,'{\"id\":149,\"user_id\":4,\"province\":\"\\u5317\\u4eac\\u5e02\",\"city\":\"\\u5e02\\u8f96\\u533a\",\"district\":\"\\u897f\\u57ce\\u533a\",\"address\":\"\\u4ed6\",\"zip\":255255,\"name\":\"\\u5f00\\u5f00\",\"phone\":\"15252668686\",\"last_used_time\":1630294222,\"create_time\":\"2021-08-28 20:11:02\",\"update_time\":\"2021-08-30 11:30:22\"}',0.50,'',NULL,NULL,NULL,'pending',NULL,1,'pending',NULL,NULL,1630294222,1630295347,0,0),(481,'20210830113815010020',4,'{\"id\":149,\"user_id\":4,\"province\":\"\\u5317\\u4eac\\u5e02\",\"city\":\"\\u5e02\\u8f96\\u533a\",\"district\":\"\\u897f\\u57ce\\u533a\",\"address\":\"\\u4ed6\",\"zip\":255255,\"name\":\"\\u5f00\\u5f00\",\"phone\":\"15252668686\",\"last_used_time\":1630294695,\"create_time\":\"2021-08-28 20:11:02\",\"update_time\":\"2021-08-30 11:38:15\"}',0.10,'',NULL,NULL,NULL,'pending',NULL,1,'pending',NULL,NULL,1630294695,1630295339,0,0),(482,'20210830124621960756',4,'{\"id\":149,\"user_id\":4,\"province\":\"\\u5317\\u4eac\\u5e02\",\"city\":\"\\u5e02\\u8f96\\u533a\",\"district\":\"\\u897f\\u57ce\\u533a\",\"address\":\"\\u4ed6\",\"zip\":255255,\"name\":\"\\u5f00\\u5f00\",\"phone\":\"15252668686\",\"last_used_time\":1630298781,\"create_time\":\"2021-08-28 20:11:02\",\"update_time\":\"2021-08-30 12:46:21\"}',0.60,'',NULL,NULL,NULL,'pending',NULL,1,'pending',NULL,NULL,1630298781,1630298821,0,0),(483,'20210830142642787946',4,'{\"id\":149,\"user_id\":4,\"province\":\"\\u5317\\u4eac\\u5e02\",\"city\":\"\\u5e02\\u8f96\\u533a\",\"district\":\"\\u897f\\u57ce\\u533a\",\"address\":\"\\u4ed6\",\"zip\":255255,\"name\":\"\\u5f00\\u5f00\",\"phone\":\"15252668686\",\"last_used_time\":1630304802,\"create_time\":\"2021-08-28 20:11:02\",\"update_time\":\"2021-08-30 14:26:42\"}',0.70,'',NULL,NULL,NULL,'pending',NULL,0,'pending',NULL,NULL,1630304802,1630304802,0,0),(484,'20210902161210340754',4,'{\"id\":149,\"user_id\":4,\"province\":\"\\u5317\\u4eac\\u5e02\",\"city\":\"\\u5e02\\u8f96\\u533a\",\"district\":\"\\u897f\\u57ce\\u533a\",\"address\":\"\\u4ed6\",\"zip\":255255,\"name\":\"\\u5f00\\u5f00\",\"phone\":\"15252668686\",\"last_used_time\":1630570330,\"create_time\":\"2021-08-28 20:11:02\",\"update_time\":\"2021-09-02 16:12:10\"}',0.30,'',NULL,NULL,NULL,'pending',NULL,0,'pending',NULL,NULL,1630570330,1630570330,0,0),(485,'20210903170536098299',36,'{\"id\":150,\"user_id\":36,\"province\":\"\\u5317\\u4eac\\u5e02\",\"city\":\"\\u5e02\\u8f96\\u533a\",\"district\":\"\\u897f\\u57ce\\u533a\",\"address\":\"13123123\",\"zip\":123123,\"name\":\"123\",\"phone\":\"13333333333\",\"last_used_time\":1630659936,\"create_time\":\"2021-09-03 17:05:33\",\"update_time\":\"2021-09-03 17:05:36\"}',0.20,'',NULL,NULL,NULL,'pending',NULL,0,'pending',NULL,NULL,1630659936,1630659936,0,0),(486,'20210906164650951496',4,'{\"id\":149,\"user_id\":4,\"province\":\"\\u5317\\u4eac\\u5e02\",\"city\":\"\\u5e02\\u8f96\\u533a\",\"district\":\"\\u897f\\u57ce\\u533a\",\"address\":\"\\u4ed6\",\"zip\":255255,\"name\":\"\\u5f00\\u5f00\",\"phone\":\"15252668686\",\"last_used_time\":1630918010,\"create_time\":\"2021-08-28 20:11:02\",\"update_time\":\"2021-09-06 16:46:50\"}',0.10,'',NULL,NULL,NULL,'pending',NULL,1,'pending',NULL,NULL,1630918010,1630918061,0,0),(487,'20210907132257214417',4,'{\"id\":149,\"user_id\":4,\"province\":\"\\u5317\\u4eac\\u5e02\",\"city\":\"\\u5e02\\u8f96\\u533a\",\"district\":\"\\u897f\\u57ce\\u533a\",\"address\":\"\\u4ed6\",\"zip\":255255,\"name\":\"\\u5f00\\u5f00\",\"phone\":\"15252668686\",\"last_used_time\":1630992177,\"create_time\":\"2021-08-28 20:11:02\",\"update_time\":\"2021-09-07 13:22:57\"}',0.70,'',NULL,NULL,NULL,'pending',NULL,0,'pending',NULL,NULL,1630992177,1630992177,0,0),(488,'20210908233252026715',36,'{\"id\":150,\"user_id\":36,\"province\":\"\\u5317\\u4eac\\u5e02\",\"city\":\"\\u5e02\\u8f96\\u533a\",\"district\":\"\\u897f\\u57ce\\u533a\",\"address\":\"13123123\",\"zip\":123123,\"name\":\"123\",\"phone\":\"13333333333\",\"last_used_time\":1631115172,\"create_time\":\"2021-09-03 17:05:33\",\"update_time\":\"2021-09-08 23:32:52\"}',0.10,'',NULL,NULL,NULL,'pending',NULL,0,'pending',NULL,NULL,1631115172,1631115172,0,0),(489,'20210909010506433888',36,'{\"id\":150,\"user_id\":36,\"province\":\"\\u5317\\u4eac\\u5e02\",\"city\":\"\\u5e02\\u8f96\\u533a\",\"district\":\"\\u897f\\u57ce\\u533a\",\"address\":\"13123123\",\"zip\":123123,\"name\":\"123\",\"phone\":\"13333333333\",\"last_used_time\":1631120706,\"create_time\":\"2021-09-03 17:05:33\",\"update_time\":\"2021-09-09 01:05:06\"}',0.10,'',NULL,NULL,NULL,'pending',NULL,0,'pending',NULL,NULL,1631120706,1631120706,0,0),(490,'20210909103724531978',4,'{\"id\":123,\"user_id\":4,\"province\":\"\\u5317\\u4eac\\u5e02\",\"city\":\"\\u5e02\\u8f96\\u533a\",\"district\":\"\\u897f\\u57ce\\u533a\",\"address\":\"\\u4ffa\\u7238\\u7238\",\"zip\":0,\"name\":\"\\u662f\\u5047eeeee\",\"phone\":\"\",\"last_used_time\":1631155044,\"create_time\":\"1970-01-01 08:32:50\",\"update_time\":\"2021-09-09 10:37:24\"}',62.30,'',NULL,NULL,NULL,'pending',NULL,0,'pending',NULL,NULL,1631155044,1631155044,0,0),(491,'20210910173716283779',36,'{\"id\":150,\"user_id\":36,\"province\":\"\\u5317\\u4eac\\u5e02\",\"city\":\"\\u5e02\\u8f96\\u533a\",\"district\":\"\\u897f\\u57ce\\u533a\",\"address\":\"13123123\",\"zip\":123123,\"name\":\"123\",\"phone\":\"13333333333\",\"last_used_time\":1631266636,\"create_time\":\"2021-09-03 17:05:33\",\"update_time\":\"2021-09-10 17:37:16\"}',90.00,'',NULL,NULL,NULL,'pending',NULL,0,'pending',NULL,NULL,1631266636,1631266636,0,0),(492,'20210910174743025446',36,'{\"id\":150,\"user_id\":36,\"province\":\"\\u5317\\u4eac\\u5e02\",\"city\":\"\\u5e02\\u8f96\\u533a\",\"district\":\"\\u897f\\u57ce\\u533a\",\"address\":\"13123123\",\"zip\":123123,\"name\":\"123\",\"phone\":\"13333333333\",\"last_used_time\":1631267263,\"create_time\":\"2021-09-03 17:05:33\",\"update_time\":\"2021-09-10 17:47:43\"}',30.60,'',NULL,NULL,NULL,'pending',NULL,0,'pending',NULL,NULL,1631267263,1631267263,0,0),(493,'20210910222249087577',36,'{\"id\":150,\"user_id\":36,\"province\":\"\\u5317\\u4eac\\u5e02\",\"city\":\"\\u5e02\\u8f96\\u533a\",\"district\":\"\\u897f\\u57ce\\u533a\",\"address\":\"13123123\",\"zip\":123123,\"name\":\"123\",\"phone\":\"13333333333\",\"last_used_time\":1631283769,\"create_time\":\"2021-09-03 17:05:33\",\"update_time\":\"2021-09-10 22:22:49\"}',0.10,'',NULL,NULL,NULL,'pending',NULL,0,'pending',NULL,NULL,1631283769,1631283769,0,0),(494,'20210910233015511902',36,'{\"id\":150,\"user_id\":36,\"province\":\"\\u5317\\u4eac\\u5e02\",\"city\":\"\\u5e02\\u8f96\\u533a\",\"district\":\"\\u897f\\u57ce\\u533a\",\"address\":\"13123123\",\"zip\":123123,\"name\":\"123\",\"phone\":\"13333333333\",\"last_used_time\":1631287815,\"create_time\":\"2021-09-03 17:05:33\",\"update_time\":\"2021-09-10 23:30:15\"}',90.00,'',NULL,NULL,NULL,'pending',NULL,0,'pending',NULL,NULL,1631287815,1631287815,0,0),(495,'20210911005936051494',36,'{\"id\":150,\"user_id\":36,\"province\":\"\\u5317\\u4eac\\u5e02\",\"city\":\"\\u5e02\\u8f96\\u533a\",\"district\":\"\\u897f\\u57ce\\u533a\",\"address\":\"13123123\",\"zip\":123123,\"name\":\"123\",\"phone\":\"13333333333\",\"last_used_time\":1631293176,\"create_time\":\"2021-09-03 17:05:33\",\"update_time\":\"2021-09-11 00:59:36\"}',90.00,'',NULL,NULL,NULL,'pending',NULL,1,'pending',NULL,NULL,1631293176,1631293200,0,0),(496,'20210913134621084519',36,'{\"id\":150,\"user_id\":36,\"province\":\"\\u5317\\u4eac\\u5e02\",\"city\":\"\\u5e02\\u8f96\\u533a\",\"district\":\"\\u897f\\u57ce\\u533a\",\"address\":\"13123123\",\"zip\":123123,\"name\":\"123\",\"phone\":\"13333333333\",\"last_used_time\":1631511981,\"create_time\":\"2021-09-03 17:05:33\",\"update_time\":\"2021-09-13 13:46:21\"}',0.10,'',NULL,NULL,NULL,'pending',NULL,0,'pending',NULL,NULL,1631511981,1631511981,0,0),(497,'20210915233802420196',4,'{\"id\":123,\"user_id\":4,\"province\":\"\\u5317\\u4eac\\u5e02\",\"city\":\"\\u5e02\\u8f96\\u533a\",\"district\":\"\\u897f\\u57ce\\u533a\",\"address\":\"\\u4ffa\\u7238\\u7238\",\"zip\":0,\"name\":\"\\u662f\\u5047eeeee\",\"phone\":\"\",\"last_used_time\":1631720282,\"create_time\":\"1970-01-01 08:32:50\",\"update_time\":\"2021-09-15 23:38:02\"}',1.10,'',NULL,NULL,NULL,'pending',NULL,0,'pending',NULL,NULL,1631720282,1631720282,0,0),(498,'20210916022802432295',4,'{\"id\":123,\"user_id\":4,\"province\":\"\\u5317\\u4eac\\u5e02\",\"city\":\"\\u5e02\\u8f96\\u533a\",\"district\":\"\\u897f\\u57ce\\u533a\",\"address\":\"\\u4ffa\\u7238\\u7238\",\"zip\":0,\"name\":\"\\u662f\\u5047eeeee\",\"phone\":\"\",\"last_used_time\":1631730482,\"create_time\":\"1970-01-01 08:32:50\",\"update_time\":\"2021-09-16 02:28:02\"}',0.50,'',NULL,NULL,NULL,'pending',NULL,0,'pending',NULL,NULL,1631730482,1631730482,0,0),(499,'20210916153544856630',4,'{\"id\":123,\"user_id\":4,\"province\":\"\\u5317\\u4eac\\u5e02\",\"city\":\"\\u5e02\\u8f96\\u533a\",\"district\":\"\\u897f\\u57ce\\u533a\",\"address\":\"\\u4ffa\\u7238\\u7238\",\"zip\":0,\"name\":\"\\u662f\\u5047eeeee\",\"phone\":\"\",\"last_used_time\":1631777744,\"create_time\":\"1970-01-01 08:32:50\",\"update_time\":\"2021-09-16 15:35:44\"}',2.00,'',NULL,NULL,NULL,'pending',NULL,0,'pending',NULL,NULL,1631777744,1631777744,0,0),(500,'20210917154808475908',4,'{\"id\":123,\"user_id\":4,\"province\":\"\\u5317\\u4eac\\u5e02\",\"city\":\"\\u5e02\\u8f96\\u533a\",\"district\":\"\\u897f\\u57ce\\u533a\",\"address\":\"\\u4ffa\\u7238\\u7238\",\"zip\":0,\"name\":\"\\u662f\\u5047eeeee\",\"phone\":\"\",\"last_used_time\":1631864888,\"create_time\":\"1970-01-01 08:32:50\",\"update_time\":\"2021-09-17 15:48:08\"}',0.10,'',NULL,NULL,NULL,'pending',NULL,0,'pending',NULL,NULL,1631864888,1631864888,0,0),(501,'20210922145509465408',4,'{\"id\":149,\"user_id\":4,\"province\":\"\\u5317\\u4eac\\u5e02\",\"city\":\"\\u5e02\\u8f96\\u533a\",\"district\":\"\\u897f\\u57ce\\u533a\",\"address\":\"\\u4ed6\",\"zip\":255255,\"name\":\"\\u5f00\\u5f00\",\"phone\":\"15252668686\",\"last_used_time\":1632293709,\"create_time\":\"2021-08-28 20:11:02\",\"update_time\":\"2021-09-22 14:55:09\"}',0.50,'',NULL,NULL,NULL,'pending',NULL,1,'pending',NULL,NULL,1632293709,1632293744,0,0),(502,'20210922151830973809',4,'{\"id\":149,\"user_id\":4,\"province\":\"\\u5317\\u4eac\\u5e02\",\"city\":\"\\u5e02\\u8f96\\u533a\",\"district\":\"\\u897f\\u57ce\\u533a\",\"address\":\"\\u4ed6\",\"zip\":255255,\"name\":\"\\u5f00\\u5f00\",\"phone\":\"15252668686\",\"last_used_time\":1632295110,\"create_time\":\"2021-08-28 20:11:02\",\"update_time\":\"2021-09-22 15:18:30\"}',30.20,'',NULL,NULL,NULL,'pending',NULL,0,'pending',NULL,NULL,1632295110,1632295110,0,0),(503,'20210922153316827555',4,'{\"id\":123,\"user_id\":4,\"province\":\"\\u5317\\u4eac\\u5e02\",\"city\":\"\\u5e02\\u8f96\\u533a\",\"district\":\"\\u897f\\u57ce\\u533a\",\"address\":\"\\u4ffa\\u7238\\u7238\",\"zip\":0,\"name\":\"\\u662f\\u5047eeeee\",\"phone\":\"\",\"last_used_time\":1632295996,\"create_time\":\"1970-01-01 08:32:50\",\"update_time\":\"2021-09-22 15:33:16\"}',0.10,'',NULL,NULL,NULL,'pending',NULL,0,'pending',NULL,NULL,1632295996,1632295996,0,0),(504,'20210923085554214582',4,'{\"id\":149,\"user_id\":4,\"province\":\"\\u5317\\u4eac\\u5e02\",\"city\":\"\\u5e02\\u8f96\\u533a\",\"district\":\"\\u897f\\u57ce\\u533a\",\"address\":\"\\u4ed6\",\"zip\":255255,\"name\":\"\\u5f00\\u5f00\",\"phone\":\"15252668686\",\"last_used_time\":1632358554,\"create_time\":\"2021-08-28 20:11:02\",\"update_time\":\"2021-09-23 08:55:54\"}',0.10,'',NULL,NULL,NULL,'pending',NULL,1,'pending',NULL,NULL,1632358554,1632358569,0,0),(505,'20210924110407774402',37,'{\"id\":151,\"user_id\":37,\"province\":\"\\u5317\\u4eac\\u5e02\",\"city\":\"\\u5e02\\u8f96\\u533a\",\"district\":\"\\u897f\\u57ce\\u533a\",\"address\":\"1605\",\"zip\":0,\"name\":\"zjl\",\"phone\":\"15156794711\",\"last_used_time\":1632452647,\"create_time\":\"2021-09-24 11:04:03\",\"update_time\":\"2021-09-24 11:04:07\"}',0.10,'',NULL,NULL,NULL,'pending',NULL,0,'pending',NULL,NULL,1632452647,1632452647,0,0),(506,'20210924110630291498',37,'{\"id\":151,\"user_id\":37,\"province\":\"\\u5317\\u4eac\\u5e02\",\"city\":\"\\u5e02\\u8f96\\u533a\",\"district\":\"\\u897f\\u57ce\\u533a\",\"address\":\"1605\",\"zip\":0,\"name\":\"zjl\",\"phone\":\"15156794711\",\"last_used_time\":1632452790,\"create_time\":\"2021-09-24 11:04:03\",\"update_time\":\"2021-09-24 11:06:30\"}',0.10,'',NULL,NULL,NULL,'pending',NULL,0,'pending',NULL,NULL,1632452790,1632452790,0,0),(507,'20210924110720635710',37,'{\"id\":151,\"user_id\":37,\"province\":\"\\u5317\\u4eac\\u5e02\",\"city\":\"\\u5e02\\u8f96\\u533a\",\"district\":\"\\u897f\\u57ce\\u533a\",\"address\":\"1605\",\"zip\":0,\"name\":\"zjl\",\"phone\":\"15156794711\",\"last_used_time\":1632452840,\"create_time\":\"2021-09-24 11:04:03\",\"update_time\":\"2021-09-24 11:07:20\"}',0.10,'',NULL,NULL,NULL,'pending',NULL,1,'pending',NULL,NULL,1632452840,1632452856,0,0),(508,'20210924110749903992',37,'{\"id\":151,\"user_id\":37,\"province\":\"\\u5317\\u4eac\\u5e02\",\"city\":\"\\u5e02\\u8f96\\u533a\",\"district\":\"\\u897f\\u57ce\\u533a\",\"address\":\"1605\",\"zip\":0,\"name\":\"zjl\",\"phone\":\"15156794711\",\"last_used_time\":1632452869,\"create_time\":\"2021-09-24 11:04:03\",\"update_time\":\"2021-09-24 11:07:49\"}',0.50,'',NULL,NULL,NULL,'pending',NULL,0,'pending',NULL,NULL,1632452869,1632452869,0,0),(509,'20210924110837377184',37,'{\"id\":151,\"user_id\":37,\"province\":\"\\u5317\\u4eac\\u5e02\",\"city\":\"\\u5e02\\u8f96\\u533a\",\"district\":\"\\u897f\\u57ce\\u533a\",\"address\":\"1605\",\"zip\":0,\"name\":\"zjl\",\"phone\":\"15156794711\",\"last_used_time\":1632452917,\"create_time\":\"2021-09-24 11:04:03\",\"update_time\":\"2021-09-24 11:08:37\"}',30.00,'',NULL,NULL,NULL,'pending',NULL,0,'pending',NULL,NULL,1632452917,1632452917,0,0),(510,'20210924121356089585',37,'{\"id\":151,\"user_id\":37,\"province\":\"\\u5317\\u4eac\\u5e02\",\"city\":\"\\u5e02\\u8f96\\u533a\",\"district\":\"\\u897f\\u57ce\\u533a\",\"address\":\"1605\",\"zip\":0,\"name\":\"zjl\",\"phone\":\"15156794711\",\"last_used_time\":1632456836,\"create_time\":\"2021-09-24 11:04:03\",\"update_time\":\"2021-09-24 12:13:56\"}',0.10,'',NULL,NULL,NULL,'pending',NULL,0,'pending',NULL,NULL,1632456836,1632456836,0,0),(511,'20210924121701162127',37,'{\"id\":151,\"user_id\":37,\"province\":\"\\u5317\\u4eac\\u5e02\",\"city\":\"\\u5e02\\u8f96\\u533a\",\"district\":\"\\u897f\\u57ce\\u533a\",\"address\":\"1605\",\"zip\":0,\"name\":\"zjl\",\"phone\":\"15156794711\",\"last_used_time\":1632457021,\"create_time\":\"2021-09-24 11:04:03\",\"update_time\":\"2021-09-24 12:17:01\"}',0.10,'',NULL,NULL,NULL,'pending',NULL,0,'pending',NULL,NULL,1632457021,1632457021,0,0),(512,'20210924131704999060',37,'{\"id\":151,\"user_id\":37,\"province\":\"\\u5317\\u4eac\\u5e02\",\"city\":\"\\u5e02\\u8f96\\u533a\",\"district\":\"\\u897f\\u57ce\\u533a\",\"address\":\"1605\",\"zip\":0,\"name\":\"zjl\",\"phone\":\"15156794711\",\"last_used_time\":1632460624,\"create_time\":\"2021-09-24 11:04:03\",\"update_time\":\"2021-09-24 13:17:04\"}',0.10,'',NULL,NULL,NULL,'pending',NULL,0,'pending',NULL,NULL,1632460624,1632460624,0,0),(513,'20210924132651955035',37,'{\"id\":151,\"user_id\":37,\"province\":\"\\u5317\\u4eac\\u5e02\",\"city\":\"\\u5e02\\u8f96\\u533a\",\"district\":\"\\u897f\\u57ce\\u533a\",\"address\":\"1605\",\"zip\":0,\"name\":\"zjl\",\"phone\":\"15156794711\",\"last_used_time\":1632461211,\"create_time\":\"2021-09-24 11:04:03\",\"update_time\":\"2021-09-24 13:26:51\"}',0.10,'',NULL,NULL,NULL,'pending',NULL,0,'pending',NULL,NULL,1632461211,1632461211,0,0),(514,'20210924155724142764',37,'{\"id\":151,\"user_id\":37,\"province\":\"\\u5317\\u4eac\\u5e02\",\"city\":\"\\u5e02\\u8f96\\u533a\",\"district\":\"\\u897f\\u57ce\\u533a\",\"address\":\"1605\",\"zip\":0,\"name\":\"zjl\",\"phone\":\"15156794711\",\"last_used_time\":1632470244,\"create_time\":\"2021-09-24 11:04:03\",\"update_time\":\"2021-09-24 15:57:24\"}',0.10,'',NULL,NULL,NULL,'pending',NULL,0,'pending',NULL,NULL,1632470244,1632470244,0,0),(515,'20210924160556657154',37,'{\"id\":151,\"user_id\":37,\"province\":\"\\u5317\\u4eac\\u5e02\",\"city\":\"\\u5e02\\u8f96\\u533a\",\"district\":\"\\u897f\\u57ce\\u533a\",\"address\":\"1605\",\"zip\":0,\"name\":\"zjl\",\"phone\":\"15156794711\",\"last_used_time\":1632470756,\"create_time\":\"2021-09-24 11:04:03\",\"update_time\":\"2021-09-24 16:05:56\"}',0.10,'',NULL,NULL,NULL,'pending',NULL,0,'pending',NULL,NULL,1632470756,1632470756,0,0),(516,'20210924160732859343',37,'{\"id\":151,\"user_id\":37,\"province\":\"\\u5317\\u4eac\\u5e02\",\"city\":\"\\u5e02\\u8f96\\u533a\",\"district\":\"\\u897f\\u57ce\\u533a\",\"address\":\"1605\",\"zip\":0,\"name\":\"zjl\",\"phone\":\"15156794711\",\"last_used_time\":1632470852,\"create_time\":\"2021-09-24 11:04:03\",\"update_time\":\"2021-09-24 16:07:32\"}',0.10,'',NULL,NULL,NULL,'pending',NULL,0,'pending',NULL,NULL,1632470852,1632470852,0,0),(517,'20210924164746026977',4,'{\"id\":141,\"user_id\":4,\"province\":\"\\u5317\\u4eac\\u5e02\",\"city\":\"\\u5e02\\u8f96\\u533a\",\"district\":\"\\u897f\\u57ce\\u533a\",\"address\":\"\\u3002\\u3002\\u3002\\u3002\\u3002\\u3002\",\"zip\":830000,\"name\":\"\\u662f\\u7684\",\"phone\":\"18890416087\",\"last_used_time\":1632473266,\"create_time\":\"1970-01-01 08:33:41\",\"update_time\":\"2021-09-24 16:47:46\"}',0.50,'',NULL,NULL,NULL,'pending',NULL,0,'pending',NULL,NULL,1632473266,1632473266,0,0),(518,'20210924165518293853',4,'{\"id\":141,\"user_id\":4,\"province\":\"\\u5317\\u4eac\\u5e02\",\"city\":\"\\u5e02\\u8f96\\u533a\",\"district\":\"\\u897f\\u57ce\\u533a\",\"address\":\"\\u3002\\u3002\\u3002\\u3002\\u3002\\u3002\",\"zip\":830000,\"name\":\"\\u662f\\u7684\",\"phone\":\"18890416087\",\"last_used_time\":1632473718,\"create_time\":\"1970-01-01 08:33:41\",\"update_time\":\"2021-09-24 16:55:18\"}',0.10,'',NULL,NULL,NULL,'pending',NULL,0,'pending',NULL,NULL,1632473718,1632473718,0,0),(519,'20210924165624104063',4,'{\"id\":141,\"user_id\":4,\"province\":\"\\u5317\\u4eac\\u5e02\",\"city\":\"\\u5e02\\u8f96\\u533a\",\"district\":\"\\u897f\\u57ce\\u533a\",\"address\":\"\\u3002\\u3002\\u3002\\u3002\\u3002\\u3002\",\"zip\":830000,\"name\":\"\\u662f\\u7684\",\"phone\":\"18890416087\",\"last_used_time\":1632473784,\"create_time\":\"1970-01-01 08:33:41\",\"update_time\":\"2021-09-24 16:56:24\"}',0.10,'',NULL,NULL,NULL,'pending',NULL,1,'pending',NULL,NULL,1632473784,1632646957,0,0),(520,'20210924165840567825',4,'{\"id\":141,\"user_id\":4,\"province\":\"\\u5317\\u4eac\\u5e02\",\"city\":\"\\u5e02\\u8f96\\u533a\",\"district\":\"\\u897f\\u57ce\\u533a\",\"address\":\"\\u3002\\u3002\\u3002\\u3002\\u3002\\u3002\",\"zip\":830000,\"name\":\"\\u662f\\u7684\",\"phone\":\"18890416087\",\"last_used_time\":1632473920,\"create_time\":\"1970-01-01 08:33:41\",\"update_time\":\"2021-09-24 16:58:40\"}',0.10,'',NULL,NULL,NULL,'pending',NULL,0,'pending',NULL,NULL,1632473920,1632473920,0,0),(521,'20210924170255324952',4,'{\"id\":141,\"user_id\":4,\"province\":\"\\u5317\\u4eac\\u5e02\",\"city\":\"\\u5e02\\u8f96\\u533a\",\"district\":\"\\u897f\\u57ce\\u533a\",\"address\":\"\\u3002\\u3002\\u3002\\u3002\\u3002\\u3002\",\"zip\":830000,\"name\":\"\\u662f\\u7684\",\"phone\":\"18890416087\",\"last_used_time\":1632474175,\"create_time\":\"1970-01-01 08:33:41\",\"update_time\":\"2021-09-24 17:02:55\"}',0.10,'',NULL,NULL,NULL,'pending',NULL,0,'pending',NULL,NULL,1632474175,1632474175,0,0),(522,'20210924170629165157',4,'{\"id\":141,\"user_id\":4,\"province\":\"\\u5317\\u4eac\\u5e02\",\"city\":\"\\u5e02\\u8f96\\u533a\",\"district\":\"\\u897f\\u57ce\\u533a\",\"address\":\"\\u3002\\u3002\\u3002\\u3002\\u3002\\u3002\",\"zip\":830000,\"name\":\"\\u662f\\u7684\",\"phone\":\"18890416087\",\"last_used_time\":1632474389,\"create_time\":\"1970-01-01 08:33:41\",\"update_time\":\"2021-09-24 17:06:29\"}',0.10,'',NULL,NULL,NULL,'pending',NULL,0,'pending',NULL,NULL,1632474389,1632474389,0,0),(523,'20210924172019231261',4,'{\"id\":141,\"user_id\":4,\"province\":\"\\u5317\\u4eac\\u5e02\",\"city\":\"\\u5e02\\u8f96\\u533a\",\"district\":\"\\u897f\\u57ce\\u533a\",\"address\":\"\\u3002\\u3002\\u3002\\u3002\\u3002\\u3002\",\"zip\":830000,\"name\":\"\\u662f\\u7684\",\"phone\":\"18890416087\",\"last_used_time\":1632475219,\"create_time\":\"1970-01-01 08:33:41\",\"update_time\":\"2021-09-24 17:20:19\"}',0.10,'',NULL,NULL,NULL,'pending',NULL,0,'pending',NULL,NULL,1632475219,1632475219,0,0),(524,'20210924172233495325',4,'{\"id\":141,\"user_id\":4,\"province\":\"\\u5317\\u4eac\\u5e02\",\"city\":\"\\u5e02\\u8f96\\u533a\",\"district\":\"\\u897f\\u57ce\\u533a\",\"address\":\"\\u3002\\u3002\\u3002\\u3002\\u3002\\u3002\",\"zip\":830000,\"name\":\"\\u662f\\u7684\",\"phone\":\"18890416087\",\"last_used_time\":1632475353,\"create_time\":\"1970-01-01 08:33:41\",\"update_time\":\"2021-09-24 17:22:33\"}',0.10,'',NULL,NULL,NULL,'pending',NULL,0,'pending',NULL,NULL,1632475353,1632475353,0,0),(525,'20210924175302129386',4,'{\"id\":141,\"user_id\":4,\"province\":\"\\u5317\\u4eac\\u5e02\",\"city\":\"\\u5e02\\u8f96\\u533a\",\"district\":\"\\u897f\\u57ce\\u533a\",\"address\":\"\\u3002\\u3002\\u3002\\u3002\\u3002\\u3002\",\"zip\":830000,\"name\":\"\\u662f\\u7684\",\"phone\":\"18890416087\",\"last_used_time\":1632477182,\"create_time\":\"1970-01-01 08:33:41\",\"update_time\":\"2021-09-24 17:53:02\"}',0.10,'',NULL,NULL,NULL,'pending',NULL,0,'pending',NULL,NULL,1632477182,1632477182,0,0),(526,'20210924233930648817',4,'{\"id\":141,\"user_id\":4,\"province\":\"\\u5317\\u4eac\\u5e02\",\"city\":\"\\u5e02\\u8f96\\u533a\",\"district\":\"\\u897f\\u57ce\\u533a\",\"address\":\"\\u3002\\u3002\\u3002\\u3002\\u3002\\u3002\",\"zip\":830000,\"name\":\"\\u662f\\u7684\",\"phone\":\"18890416087\",\"last_used_time\":1632497970,\"create_time\":\"1970-01-01 08:33:41\",\"update_time\":\"2021-09-24 23:39:30\"}',0.10,'',NULL,NULL,NULL,'pending',NULL,0,'pending',NULL,NULL,1632497970,1632497970,0,0),(527,'20210925105128650653',4,'{\"id\":141,\"user_id\":4,\"province\":\"\\u5317\\u4eac\\u5e02\",\"city\":\"\\u5e02\\u8f96\\u533a\",\"district\":\"\\u897f\\u57ce\\u533a\",\"address\":\"\\u3002\\u3002\\u3002\\u3002\\u3002\\u3002\",\"zip\":830000,\"name\":\"\\u662f\\u7684\",\"phone\":\"18890416087\",\"last_used_time\":1632538288,\"create_time\":\"1970-01-01 08:33:41\",\"update_time\":\"2021-09-25 10:51:28\"}',0.10,'',NULL,NULL,NULL,'pending',NULL,1,'pending',NULL,NULL,1632538288,1632538979,0,0),(528,'20210925105509431215',4,'{\"id\":141,\"user_id\":4,\"province\":\"\\u5317\\u4eac\\u5e02\",\"city\":\"\\u5e02\\u8f96\\u533a\",\"district\":\"\\u897f\\u57ce\\u533a\",\"address\":\"\\u3002\\u3002\\u3002\\u3002\\u3002\\u3002\",\"zip\":830000,\"name\":\"\\u662f\\u7684\",\"phone\":\"18890416087\",\"last_used_time\":1632538509,\"create_time\":\"1970-01-01 08:33:41\",\"update_time\":\"2021-09-25 10:55:09\"}',0.10,'',NULL,NULL,NULL,'pending',NULL,1,'pending',NULL,NULL,1632538509,1633955421,0,0),(529,'20210925130909000917',4,'{\"id\":141,\"user_id\":4,\"province\":\"\\u5317\\u4eac\\u5e02\",\"city\":\"\\u5e02\\u8f96\\u533a\",\"district\":\"\\u897f\\u57ce\\u533a\",\"address\":\"\\u3002\\u3002\\u3002\\u3002\\u3002\\u3002\",\"zip\":830000,\"name\":\"\\u662f\\u7684\",\"phone\":\"18890416087\",\"last_used_time\":1632546549,\"create_time\":\"1970-01-01 08:33:41\",\"update_time\":\"2021-09-25 13:09:09\"}',0.10,'',NULL,NULL,NULL,'pending',NULL,1,'pending',NULL,NULL,1632546549,1633955416,0,0),(530,'20210925132511750376',4,'{\"id\":141,\"user_id\":4,\"province\":\"\\u5317\\u4eac\\u5e02\",\"city\":\"\\u5e02\\u8f96\\u533a\",\"district\":\"\\u897f\\u57ce\\u533a\",\"address\":\"\\u3002\\u3002\\u3002\\u3002\\u3002\\u3002\",\"zip\":830000,\"name\":\"\\u662f\\u7684\",\"phone\":\"18890416087\",\"last_used_time\":1632547511,\"create_time\":\"1970-01-01 08:33:41\",\"update_time\":\"2021-09-25 13:25:11\"}',0.10,'',NULL,NULL,NULL,'pending',NULL,0,'pending',NULL,NULL,1632547511,1632547511,0,0),(531,'20210926172549401097',4,'{\"id\":141,\"user_id\":4,\"province\":\"\\u5317\\u4eac\\u5e02\",\"city\":\"\\u5e02\\u8f96\\u533a\",\"district\":\"\\u897f\\u57ce\\u533a\",\"address\":\"\\u3002\\u3002\\u3002\\u3002\\u3002\\u3002\",\"zip\":830000,\"name\":\"\\u662f\\u7684\",\"phone\":\"18890416087\",\"last_used_time\":1632648349,\"create_time\":\"1970-01-01 08:33:41\",\"update_time\":\"2021-09-26 17:25:49\"}',0.10,'',NULL,NULL,NULL,'pending',NULL,1,'pending',NULL,NULL,1632648349,1632732392,0,0),(532,'20210927163433930743',4,'{\"id\":152,\"user_id\":4,\"province\":\"\\u6cb3\\u5317\\u7701\",\"city\":\"\\u77f3\\u5bb6\\u5e84\\u5e02\",\"district\":\"\\u957f\\u5b89\\u533a\",\"address\":\"\\u76d1\\u63a7\",\"zip\":0,\"name\":\"\\u6d4b\\u8bd5\",\"phone\":\"13712345678\",\"last_used_time\":1632731673,\"create_time\":\"2021-09-27 16:34:26\",\"update_time\":\"2021-09-27 16:34:33\"}',1.00,'',NULL,NULL,NULL,'pending',NULL,1,'pending',NULL,NULL,1632731673,1632732391,0,0),(533,'20210927163620473082',4,'{\"id\":152,\"user_id\":4,\"province\":\"\\u6cb3\\u5317\\u7701\",\"city\":\"\\u77f3\\u5bb6\\u5e84\\u5e02\",\"district\":\"\\u957f\\u5b89\\u533a\",\"address\":\"\\u76d1\\u63a7\",\"zip\":0,\"name\":\"\\u6d4b\\u8bd5\",\"phone\":\"13712345678\",\"last_used_time\":1632731780,\"create_time\":\"2021-09-27 16:34:26\",\"update_time\":\"2021-09-27 16:36:20\"}',0.10,'',NULL,NULL,NULL,'pending',NULL,1,'pending',NULL,NULL,1632731780,1632732386,0,0),(534,'20210927171928701334',4,'{\"id\":152,\"user_id\":4,\"province\":\"\\u6cb3\\u5317\\u7701\",\"city\":\"\\u77f3\\u5bb6\\u5e84\\u5e02\",\"district\":\"\\u957f\\u5b89\\u533a\",\"address\":\"\\u76d1\\u63a7\",\"zip\":0,\"name\":\"\\u6d4b\\u8bd5\",\"phone\":\"13712345678\",\"last_used_time\":1632734368,\"create_time\":\"2021-09-27 16:34:26\",\"update_time\":\"2021-09-27 17:19:28\"}',0.50,'',NULL,NULL,NULL,'pending',NULL,1,'pending',NULL,NULL,1632734368,1633956118,0,0),(535,'20210930064536375743',4,'{\"id\":141,\"user_id\":4,\"province\":\"\\u5317\\u4eac\\u5e02\",\"city\":\"\\u5e02\\u8f96\\u533a\",\"district\":\"\\u897f\\u57ce\\u533a\",\"address\":\"\\u3002\\u3002\\u3002\\u3002\\u3002\\u3002\",\"zip\":830000,\"name\":\"\\u662f\\u7684\",\"phone\":\"18890416087\",\"last_used_time\":1632955536,\"create_time\":\"1970-01-01 08:33:41\",\"update_time\":\"2021-09-30 06:45:36\"}',0.20,'',NULL,NULL,NULL,'pending',NULL,1,'pending',NULL,NULL,1632955536,1633622743,0,0),(536,'20211005004432419043',4,'{\"id\":139,\"user_id\":4,\"province\":\"\\u5185\\u8499\\u53e4\\u81ea\\u6cbb\\u533a\",\"city\":\"\\u547c\\u548c\\u6d69\\u7279\\u5e02\",\"district\":\"\\u65b0\\u57ce\\u533a\",\"address\":\"1111111222\",\"zip\":11,\"name\":\"111qqqq\",\"phone\":\"18812365655\",\"last_used_time\":1633365872,\"create_time\":\"1970-01-01 08:32:50\",\"update_time\":\"2021-10-05 00:44:32\"}',0.10,'',NULL,NULL,NULL,'pending',NULL,1,'pending',NULL,NULL,1633365872,1633365914,0,0),(537,'20211011202356137719',4,'{\"id\":154,\"user_id\":4,\"province\":\"\\u5317\\u4eac\\u5e02\",\"city\":\"\\u5e02\\u8f96\\u533a\",\"district\":\"\\u897f\\u57ce\\u533a\",\"address\":\"ggji\",\"zip\":216100,\"name\":\"jjj\",\"phone\":\"13552525561\",\"last_used_time\":1633955036,\"create_time\":\"2021-10-05 01:13:12\",\"update_time\":\"2021-10-11 20:23:56\"}',151.90,'',NULL,NULL,NULL,'pending',NULL,1,'pending',NULL,NULL,1633955036,1633955412,0,0),(538,'20211011202516105667',4,'{\"id\":154,\"user_id\":4,\"province\":\"\\u5317\\u4eac\\u5e02\",\"city\":\"\\u5e02\\u8f96\\u533a\",\"district\":\"\\u897f\\u57ce\\u533a\",\"address\":\"ggji\",\"zip\":216100,\"name\":\"jjj\",\"phone\":\"13552525561\",\"last_used_time\":1633955116,\"create_time\":\"2021-10-05 01:13:12\",\"update_time\":\"2021-10-11 20:25:16\"}',0.10,'',NULL,NULL,NULL,'pending',NULL,1,'pending',NULL,NULL,1633955116,1633955392,0,0),(539,'20211014224801469215',4,'{\"id\":154,\"user_id\":4,\"province\":\"\\u5317\\u4eac\\u5e02\",\"city\":\"\\u5e02\\u8f96\\u533a\",\"district\":\"\\u897f\\u57ce\\u533a\",\"address\":\"ggji\",\"zip\":216100,\"name\":\"jjj\",\"phone\":\"13552525561\",\"last_used_time\":1634222881,\"create_time\":\"2021-10-05 01:13:12\",\"update_time\":\"2021-10-14 22:48:01\"}',11.00,'',NULL,NULL,NULL,'pending',NULL,1,'pending',NULL,NULL,1634222881,1634222992,0,0),(540,'20211014230249369959',4,'{\"id\":154,\"user_id\":4,\"province\":\"\\u5317\\u4eac\\u5e02\",\"city\":\"\\u5e02\\u8f96\\u533a\",\"district\":\"\\u897f\\u57ce\\u533a\",\"address\":\"ggji\",\"zip\":216100,\"name\":\"jjj\",\"phone\":\"13552525561\",\"last_used_time\":1634223769,\"create_time\":\"2021-10-05 01:13:12\",\"update_time\":\"2021-10-14 23:02:49\"}',1.00,'',NULL,NULL,NULL,'pending',NULL,0,'pending',NULL,NULL,1634223769,1634223769,0,0),(541,'20211014231319604985',4,'{\"id\":154,\"user_id\":4,\"province\":\"\\u5317\\u4eac\\u5e02\",\"city\":\"\\u5e02\\u8f96\\u533a\",\"district\":\"\\u897f\\u57ce\\u533a\",\"address\":\"ggji\",\"zip\":216100,\"name\":\"jjj\",\"phone\":\"13552525561\",\"last_used_time\":1634224399,\"create_time\":\"2021-10-05 01:13:12\",\"update_time\":\"2021-10-14 23:13:19\"}',0.10,'',NULL,NULL,NULL,'pending',NULL,0,'pending',NULL,NULL,1634224399,1634224399,0,0),(542,'20211014231520127489',4,'{\"id\":141,\"user_id\":4,\"province\":\"\\u5317\\u4eac\\u5e02\",\"city\":\"\\u5e02\\u8f96\\u533a\",\"district\":\"\\u897f\\u57ce\\u533a\",\"address\":\"\\u3002\\u3002\\u3002\\u3002\\u3002\\u3002\",\"zip\":830000,\"name\":\"\\u662f\\u7684\",\"phone\":\"18890416087\",\"last_used_time\":1634224520,\"create_time\":\"1970-01-01 08:32:50\",\"update_time\":\"2021-10-14 23:15:20\"}',0.50,'',NULL,NULL,NULL,'pending',NULL,0,'pending',NULL,NULL,1634224520,1634224520,0,0),(543,'20211014231626893037',4,'{\"id\":154,\"user_id\":4,\"province\":\"\\u5317\\u4eac\\u5e02\",\"city\":\"\\u5e02\\u8f96\\u533a\",\"district\":\"\\u897f\\u57ce\\u533a\",\"address\":\"ggji\",\"zip\":216100,\"name\":\"jjj\",\"phone\":\"13552525561\",\"last_used_time\":1634224586,\"create_time\":\"1970-01-01 08:33:41\",\"update_time\":\"2021-10-14 23:16:26\"}',30.00,'',NULL,NULL,NULL,'pending',NULL,0,'pending',NULL,NULL,1634224586,1634224586,0,0),(544,'20211014235709312817',4,'{\"id\":141,\"user_id\":4,\"province\":\"\\u5317\\u4eac\\u5e02\",\"city\":\"\\u5e02\\u8f96\\u533a\",\"district\":\"\\u897f\\u57ce\\u533a\",\"address\":\"\\u3002\\u3002\\u3002\\u3002\\u3002\\u3002\",\"zip\":830000,\"name\":\"\\u662f\\u7684\",\"phone\":\"18890416087\",\"last_used_time\":1634227029,\"create_time\":\"1970-01-01 08:32:50\",\"update_time\":\"2021-10-14 23:57:09\"}',60.00,'',NULL,NULL,NULL,'pending',NULL,0,'pending',NULL,NULL,1634227029,1634227029,0,0),(545,'20211015174842446744',4,'{\"id\":141,\"user_id\":4,\"province\":\"\\u5317\\u4eac\\u5e02\",\"city\":\"\\u5e02\\u8f96\\u533a\",\"district\":\"\\u897f\\u57ce\\u533a\",\"address\":\"\\u3002\\u3002\\u3002\\u3002\\u3002\\u3002\",\"zip\":830000,\"name\":\"\\u662f\\u7684\",\"phone\":\"18890416087\",\"last_used_time\":1634291322,\"create_time\":\"1970-01-01 08:32:50\",\"update_time\":\"2021-10-15 17:48:42\"}',0.10,'',NULL,NULL,NULL,'pending',NULL,0,'pending',NULL,NULL,1634291322,1634291322,0,0),(546,'20211015175141685320',4,'{\"id\":154,\"user_id\":4,\"province\":\"\\u5317\\u4eac\\u5e02\",\"city\":\"\\u5e02\\u8f96\\u533a\",\"district\":\"\\u897f\\u57ce\\u533a\",\"address\":\"ggji\",\"zip\":216100,\"name\":\"jjj\",\"phone\":\"13552525561\",\"last_used_time\":1634291501,\"create_time\":\"1970-01-01 08:33:41\",\"update_time\":\"2021-10-15 17:51:41\"}',1.00,'',NULL,NULL,NULL,'pending',NULL,0,'pending',NULL,NULL,1634291501,1634291501,0,0),(547,'20211015175252166336',4,'{\"id\":154,\"user_id\":4,\"province\":\"\\u5317\\u4eac\\u5e02\",\"city\":\"\\u5e02\\u8f96\\u533a\",\"district\":\"\\u897f\\u57ce\\u533a\",\"address\":\"ggji\",\"zip\":216100,\"name\":\"jjj\",\"phone\":\"13552525561\",\"last_used_time\":1634291572,\"create_time\":\"1970-01-01 08:33:41\",\"update_time\":\"2021-10-15 17:52:52\"}',90.00,'',NULL,NULL,NULL,'pending',NULL,0,'pending',NULL,NULL,1634291572,1634291572,0,0),(548,'20211015175756047807',4,'{\"id\":141,\"user_id\":4,\"province\":\"\\u5317\\u4eac\\u5e02\",\"city\":\"\\u5e02\\u8f96\\u533a\",\"district\":\"\\u897f\\u57ce\\u533a\",\"address\":\"\\u3002\\u3002\\u3002\\u3002\\u3002\\u3002\",\"zip\":830000,\"name\":\"\\u662f\\u7684\",\"phone\":\"18890416087\",\"last_used_time\":1634291876,\"create_time\":\"1970-01-01 08:32:50\",\"update_time\":\"2021-10-15 17:57:56\"}',0.10,'',NULL,NULL,NULL,'pending',NULL,0,'pending',NULL,NULL,1634291876,1634291876,0,0),(549,'20211015215511173320',4,'{\"id\":141,\"user_id\":4,\"province\":\"\\u5317\\u4eac\\u5e02\",\"city\":\"\\u5e02\\u8f96\\u533a\",\"district\":\"\\u897f\\u57ce\\u533a\",\"address\":\"\\u3002\\u3002\\u3002\\u3002\\u3002\\u3002\",\"zip\":830000,\"name\":\"\\u662f\\u7684\",\"phone\":\"18890416087\",\"last_used_time\":1634306111,\"create_time\":\"1970-01-01 08:32:50\",\"update_time\":\"2021-10-15 21:55:11\"}',0.10,'',NULL,NULL,NULL,'pending',NULL,0,'pending',NULL,NULL,1634306111,1634306111,0,0),(550,'20211015215758888015',4,'{\"id\":154,\"user_id\":4,\"province\":\"\\u5317\\u4eac\\u5e02\",\"city\":\"\\u5e02\\u8f96\\u533a\",\"district\":\"\\u897f\\u57ce\\u533a\",\"address\":\"ggji\",\"zip\":216100,\"name\":\"jjj\",\"phone\":\"13552525561\",\"last_used_time\":1634306278,\"create_time\":\"1970-01-01 08:33:41\",\"update_time\":\"2021-10-15 21:57:58\"}',0.50,'',NULL,NULL,NULL,'pending',NULL,1,'pending',NULL,NULL,1634306278,1635564433,0,0),(551,'20211015220558728092',4,'{\"id\":141,\"user_id\":4,\"province\":\"\\u5317\\u4eac\\u5e02\",\"city\":\"\\u5e02\\u8f96\\u533a\",\"district\":\"\\u897f\\u57ce\\u533a\",\"address\":\"\\u3002\\u3002\\u3002\\u3002\\u3002\\u3002\",\"zip\":830000,\"name\":\"\\u662f\\u7684\",\"phone\":\"18890416087\",\"last_used_time\":1634306758,\"create_time\":\"1970-01-01 08:32:50\",\"update_time\":\"2021-10-15 22:05:58\"}',30.00,'',NULL,NULL,NULL,'pending',NULL,0,'pending',NULL,NULL,1634306758,1634306758,0,0),(552,'20211015220735345741',4,'{\"id\":149,\"user_id\":4,\"province\":\"\\u5317\\u4eac\\u5e02\",\"city\":\"\\u5e02\\u8f96\\u533a\",\"district\":\"\\u897f\\u57ce\\u533a\",\"address\":\"\\u4ed6\",\"zip\":255255,\"name\":\"\\u5f00\\u5f00\",\"phone\":\"15252668686\",\"last_used_time\":1634306855,\"create_time\":\"1970-01-01 08:32:50\",\"update_time\":\"2021-10-15 22:07:35\"}',0.50,'',NULL,NULL,NULL,'pending',NULL,1,'pending',NULL,NULL,1634306855,1635564422,0,0),(553,'20211015221310220057',4,'{\"id\":149,\"user_id\":4,\"province\":\"\\u5317\\u4eac\\u5e02\",\"city\":\"\\u5e02\\u8f96\\u533a\",\"district\":\"\\u897f\\u57ce\\u533a\",\"address\":\"\\u4ed6\",\"zip\":255255,\"name\":\"\\u5f00\\u5f00\",\"phone\":\"15252668686\",\"last_used_time\":1634307190,\"create_time\":\"1970-01-01 08:32:50\",\"update_time\":\"2021-10-15 22:13:10\"}',0.10,'',NULL,NULL,NULL,'pending',NULL,1,'pending',NULL,NULL,1634307190,1634308414,0,0),(554,'20211016003738567349',39,'{\"id\":155,\"user_id\":39,\"province\":\"\\u5317\\u4eac\\u5e02\",\"city\":\"\\u5e02\\u8f96\\u533a\",\"district\":\"\\u897f\\u57ce\\u533a\",\"address\":\"\\u73b0\\u91d1\\u516b\\u70b9\\u534a\",\"zip\":46848,\"name\":\"\\u59da\\u6bdb\\u6bdb\",\"phone\":\"17634030352\",\"last_used_time\":1634315858,\"create_time\":\"2021-10-16 00:37:30\",\"update_time\":\"2021-10-16 00:37:38\"}',1.40,'',NULL,NULL,NULL,'pending',NULL,0,'pending',NULL,NULL,1634315858,1634315858,0,0),(555,'20211016101735081439',4,'{\"id\":149,\"user_id\":4,\"province\":\"\\u5317\\u4eac\\u5e02\",\"city\":\"\\u5e02\\u8f96\\u533a\",\"district\":\"\\u897f\\u57ce\\u533a\",\"address\":\"\\u4ed6\",\"zip\":255255,\"name\":\"\\u5f00\\u5f00\",\"phone\":\"15252668686\",\"last_used_time\":1634350655,\"create_time\":\"1970-01-01 08:32:50\",\"update_time\":\"2021-10-16 10:17:35\"}',0.50,'',NULL,NULL,NULL,'pending',NULL,0,'pending',NULL,NULL,1634350655,1634350655,0,0),(556,'20211016101939186359',4,'{\"id\":154,\"user_id\":4,\"province\":\"\\u5317\\u4eac\\u5e02\",\"city\":\"\\u5e02\\u8f96\\u533a\",\"district\":\"\\u897f\\u57ce\\u533a\",\"address\":\"ggji\",\"zip\":216100,\"name\":\"jjj\",\"phone\":\"13552525561\",\"last_used_time\":1634350779,\"create_time\":\"1970-01-01 08:33:41\",\"update_time\":\"2021-10-16 10:19:39\"}',0.10,'',NULL,NULL,NULL,'pending',NULL,0,'pending',NULL,NULL,1634350779,1634350779,0,0),(557,'20211016120317416095',4,'{\"id\":149,\"user_id\":4,\"province\":\"\\u5317\\u4eac\\u5e02\",\"city\":\"\\u5e02\\u8f96\\u533a\",\"district\":\"\\u897f\\u57ce\\u533a\",\"address\":\"\\u4ed6\",\"zip\":255255,\"name\":\"\\u5f00\\u5f00\",\"phone\":\"15252668686\",\"last_used_time\":1634356997,\"create_time\":\"1970-01-01 08:32:50\",\"update_time\":\"2021-10-16 12:03:17\"}',90.00,'',NULL,NULL,NULL,'pending',NULL,0,'pending',NULL,NULL,1634356997,1634356997,0,0),(558,'20211016145232420765',4,'{\"id\":149,\"user_id\":4,\"province\":\"\\u5317\\u4eac\\u5e02\",\"city\":\"\\u5e02\\u8f96\\u533a\",\"district\":\"\\u897f\\u57ce\\u533a\",\"address\":\"\\u4ed6\",\"zip\":255255,\"name\":\"\\u5f00\\u5f00\",\"phone\":\"15252668686\",\"last_used_time\":1634367152,\"create_time\":\"1970-01-01 08:32:50\",\"update_time\":\"2021-10-16 14:52:32\"}',0.60,'',NULL,NULL,NULL,'pending',NULL,1,'pending',NULL,NULL,1634367152,1634467853,0,0),(559,'20211018172941892095',4,'{\"id\":149,\"user_id\":4,\"province\":\"\\u5317\\u4eac\\u5e02\",\"city\":\"\\u5e02\\u8f96\\u533a\",\"district\":\"\\u897f\\u57ce\\u533a\",\"address\":\"\\u4ed6\",\"zip\":255255,\"name\":\"\\u5f00\\u5f00\",\"phone\":\"15252668686\",\"last_used_time\":1634549381,\"create_time\":\"1970-01-01 08:32:50\",\"update_time\":\"2021-10-18 17:29:41\"}',30.00,'',NULL,NULL,NULL,'pending',NULL,0,'pending',NULL,NULL,1634549381,1634549381,0,0),(560,'20211018210014714978',4,'{\"id\":149,\"user_id\":4,\"province\":\"\\u5317\\u4eac\\u5e02\",\"city\":\"\\u5e02\\u8f96\\u533a\",\"district\":\"\\u897f\\u57ce\\u533a\",\"address\":\"\\u4ed6\",\"zip\":255255,\"name\":\"\\u5f00\\u5f00\",\"phone\":\"15252668686\",\"last_used_time\":1634562014,\"create_time\":\"1970-01-01 08:32:50\",\"update_time\":\"2021-10-18 21:00:14\"}',30.00,'',NULL,NULL,NULL,'pending',NULL,1,'pending',NULL,NULL,1634562014,1634562105,0,0),(561,'20211018210118597296',4,'{\"id\":149,\"user_id\":4,\"province\":\"\\u5317\\u4eac\\u5e02\",\"city\":\"\\u5e02\\u8f96\\u533a\",\"district\":\"\\u897f\\u57ce\\u533a\",\"address\":\"\\u4ed6\",\"zip\":255255,\"name\":\"\\u5f00\\u5f00\",\"phone\":\"15252668686\",\"last_used_time\":1634562078,\"create_time\":\"1970-01-01 08:32:50\",\"update_time\":\"2021-10-18 21:01:18\"}',30.00,'',NULL,NULL,NULL,'pending',NULL,1,'pending',NULL,NULL,1634562078,1634562101,0,0),(562,'20211018212108412427',4,'{\"id\":149,\"user_id\":4,\"province\":\"\\u5317\\u4eac\\u5e02\",\"city\":\"\\u5e02\\u8f96\\u533a\",\"district\":\"\\u897f\\u57ce\\u533a\",\"address\":\"\\u4ed6\",\"zip\":255255,\"name\":\"\\u5f00\\u5f00\",\"phone\":\"15252668686\",\"last_used_time\":1634563268,\"create_time\":\"1970-01-01 08:32:50\",\"update_time\":\"2021-10-18 21:21:08\"}',0.10,'',NULL,NULL,NULL,'pending',NULL,0,'pending',NULL,NULL,1634563268,1634563268,0,0),(563,'20211018215901822502',4,'{\"id\":149,\"user_id\":4,\"province\":\"\\u5317\\u4eac\\u5e02\",\"city\":\"\\u5e02\\u8f96\\u533a\",\"district\":\"\\u897f\\u57ce\\u533a\",\"address\":\"\\u4ed6\",\"zip\":255255,\"name\":\"\\u5f00\\u5f00\",\"phone\":\"15252668686\",\"last_used_time\":1634565541,\"create_time\":\"1970-01-01 08:32:50\",\"update_time\":\"2021-10-18 21:59:01\"}',31.50,'',NULL,NULL,NULL,'pending',NULL,0,'pending',NULL,NULL,1634565541,1634565541,0,0),(564,'20211018232608552124',4,'{\"id\":149,\"user_id\":4,\"province\":\"\\u5317\\u4eac\\u5e02\",\"city\":\"\\u5e02\\u8f96\\u533a\",\"district\":\"\\u897f\\u57ce\\u533a\",\"address\":\"\\u4ed6\",\"zip\":255255,\"name\":\"\\u5f00\\u5f00\",\"phone\":\"15252668686\",\"last_used_time\":1634570768,\"create_time\":\"1970-01-01 08:32:50\",\"update_time\":\"2021-10-18 23:26:08\"}',30.00,'',NULL,NULL,NULL,'pending',NULL,0,'pending',NULL,NULL,1634570768,1634570768,0,0),(565,'20211019101508894757',4,'{\"id\":149,\"user_id\":4,\"province\":\"\\u5317\\u4eac\\u5e02\",\"city\":\"\\u5e02\\u8f96\\u533a\",\"district\":\"\\u897f\\u57ce\\u533a\",\"address\":\"\\u4ed6\",\"zip\":255255,\"name\":\"\\u5f00\\u5f00\",\"phone\":\"15252668686\",\"last_used_time\":1634609708,\"create_time\":\"1970-01-01 08:32:50\",\"update_time\":\"2021-10-19 10:15:08\"}',30.00,'',NULL,NULL,NULL,'pending',NULL,0,'pending',NULL,NULL,1634609708,1634609708,0,0),(566,'20211023192134418096',4,'{\"id\":157,\"user_id\":4,\"province\":\"\\u5409\\u6797\\u7701\",\"city\":\"\\u957f\\u6625\\u5e02\",\"district\":\"\\u5357\\u5173\\u533a\",\"address\":\"sbbs\",\"zip\":10086,\"name\":\"jj\",\"phone\":\"13793109098\",\"last_used_time\":1634988094,\"create_time\":\"2021-10-23 19:21:28\",\"update_time\":\"2021-10-23 19:21:34\"}',30.00,'',NULL,NULL,NULL,'pending',NULL,0,'pending',NULL,NULL,1634988094,1634988094,0,0),(567,'20211025215656472577',4,'{\"id\":157,\"user_id\":4,\"province\":\"\\u5409\\u6797\\u7701\",\"city\":\"\\u957f\\u6625\\u5e02\",\"district\":\"\\u5357\\u5173\\u533a\",\"address\":\"sbbs\",\"zip\":10086,\"name\":\"jj\",\"phone\":\"13793109098\",\"last_used_time\":1635170216,\"create_time\":\"2021-10-23 19:21:28\",\"update_time\":\"2021-10-25 21:56:56\"}',60.00,'',NULL,NULL,NULL,'pending',NULL,0,'pending',NULL,NULL,1635170216,1635170216,0,0),(568,'20211029202656659098',4,'{\"id\":141,\"user_id\":4,\"province\":\"\\u5317\\u4eac\\u5e02\",\"city\":\"\\u5e02\\u8f96\\u533a\",\"district\":\"\\u897f\\u57ce\\u533a\",\"address\":\"\\u3002\\u3002\\u3002\\u3002\\u3002\\u3002\",\"zip\":830000,\"name\":\"\\u662f\\u7684123\",\"phone\":\"18890416087\",\"last_used_time\":1635510416,\"create_time\":\"1970-01-01 08:32:50\",\"update_time\":\"2021-10-29 20:26:56\"}',182.60,'',NULL,NULL,NULL,'pending',NULL,1,'pending',NULL,NULL,1635510416,1635510467,0,0),(569,'20211029202821052116',4,'{\"id\":141,\"user_id\":4,\"province\":\"\\u5317\\u4eac\\u5e02\",\"city\":\"\\u5e02\\u8f96\\u533a\",\"district\":\"\\u897f\\u57ce\\u533a\",\"address\":\"\\u3002\\u3002\\u3002\\u3002\\u3002\\u3002\",\"zip\":830000,\"name\":\"\\u662f\\u7684123\",\"phone\":\"18890416087\",\"last_used_time\":1635510501,\"create_time\":\"1970-01-01 08:32:50\",\"update_time\":\"2021-10-29 20:28:21\"}',0.10,'',NULL,NULL,NULL,'pending',NULL,0,'pending',NULL,NULL,1635510501,1635510501,0,0),(570,'20211029203223191851',4,'{\"id\":141,\"user_id\":4,\"province\":\"\\u5317\\u4eac\\u5e02\",\"city\":\"\\u5e02\\u8f96\\u533a\",\"district\":\"\\u897f\\u57ce\\u533a\",\"address\":\"\\u3002\\u3002\\u3002\\u3002\\u3002\\u3002\",\"zip\":830000,\"name\":\"\\u662f\\u7684123\",\"phone\":\"18890416087\",\"last_used_time\":1635510743,\"create_time\":\"1970-01-01 08:32:50\",\"update_time\":\"2021-10-29 20:32:23\"}',0.10,'',NULL,NULL,NULL,'pending',NULL,0,'pending',NULL,NULL,1635510743,1635510743,0,0),(571,'20211030115049824193',4,'{\"id\":139,\"user_id\":4,\"province\":\"\\u5185\\u8499\\u53e4\\u81ea\\u6cbb\\u533a\",\"city\":\"\\u547c\\u548c\\u6d69\\u7279\\u5e02\",\"district\":\"\\u65b0\\u57ce\\u533a\",\"address\":\"1111111222\",\"zip\":11,\"name\":\"111qqqq\",\"phone\":\"18812365655\",\"last_used_time\":1635565849,\"create_time\":\"1970-01-01 08:32:50\",\"update_time\":\"2021-10-30 11:50:49\"}',0.50,'',NULL,NULL,NULL,'pending',NULL,0,'pending',NULL,NULL,1635565849,1635565849,0,0),(572,'20211030145302964485',4,'{\"id\":139,\"user_id\":4,\"province\":\"\\u5185\\u8499\\u53e4\\u81ea\\u6cbb\\u533a\",\"city\":\"\\u547c\\u548c\\u6d69\\u7279\\u5e02\",\"district\":\"\\u65b0\\u57ce\\u533a\",\"address\":\"1111111222\",\"zip\":11,\"name\":\"111qqqq\",\"phone\":\"18812365655\",\"last_used_time\":1635576782,\"create_time\":\"1970-01-01 08:32:50\",\"update_time\":\"2021-10-30 14:53:02\"}',0.10,'',NULL,NULL,NULL,'pending',NULL,0,'pending',NULL,NULL,1635576782,1635576782,0,0),(573,'20211030145831198275',4,'{\"id\":139,\"user_id\":4,\"province\":\"\\u5185\\u8499\\u53e4\\u81ea\\u6cbb\\u533a\",\"city\":\"\\u547c\\u548c\\u6d69\\u7279\\u5e02\",\"district\":\"\\u65b0\\u57ce\\u533a\",\"address\":\"1111111222\",\"zip\":11,\"name\":\"111qqqq\",\"phone\":\"18812365655\",\"last_used_time\":1635577111,\"create_time\":\"1970-01-01 08:32:50\",\"update_time\":\"2021-10-30 14:58:31\"}',0.10,'',NULL,NULL,NULL,'pending',NULL,0,'pending',NULL,NULL,1635577111,1635577111,0,0),(574,'20211030203529196859',4,'{\"id\":139,\"user_id\":4,\"province\":\"\\u5185\\u8499\\u53e4\\u81ea\\u6cbb\\u533a\",\"city\":\"\\u547c\\u548c\\u6d69\\u7279\\u5e02\",\"district\":\"\\u65b0\\u57ce\\u533a\",\"address\":\"1111111222\",\"zip\":11,\"name\":\"111qqqq\",\"phone\":\"18812365655\",\"last_used_time\":1635597329,\"create_time\":\"1970-01-01 08:32:50\",\"update_time\":\"2021-10-30 20:35:29\"}',0.50,'',NULL,NULL,NULL,'pending',NULL,0,'pending',NULL,NULL,1635597329,1635597329,0,0),(575,'20211030204826630094',4,'{\"id\":139,\"user_id\":4,\"province\":\"\\u5185\\u8499\\u53e4\\u81ea\\u6cbb\\u533a\",\"city\":\"\\u547c\\u548c\\u6d69\\u7279\\u5e02\",\"district\":\"\\u65b0\\u57ce\\u533a\",\"address\":\"1111111222\",\"zip\":11,\"name\":\"111qqqq\",\"phone\":\"18812365655\",\"last_used_time\":1635598106,\"create_time\":\"1970-01-01 08:32:50\",\"update_time\":\"2021-10-30 20:48:26\"}',0.10,'',NULL,NULL,NULL,'pending',NULL,0,'pending',NULL,NULL,1635598106,1635598106,0,0),(576,'20211030205619299423',4,'{\"id\":139,\"user_id\":4,\"province\":\"\\u5185\\u8499\\u53e4\\u81ea\\u6cbb\\u533a\",\"city\":\"\\u547c\\u548c\\u6d69\\u7279\\u5e02\",\"district\":\"\\u65b0\\u57ce\\u533a\",\"address\":\"1111111222\",\"zip\":11,\"name\":\"111qqqq\",\"phone\":\"18812365655\",\"last_used_time\":1635598579,\"create_time\":\"1970-01-01 08:32:50\",\"update_time\":\"2021-10-30 20:56:19\"}',0.50,'',NULL,NULL,NULL,'pending',NULL,0,'pending',NULL,NULL,1635598579,1635598579,0,0),(577,'20211101134958171906',4,'{\"id\":139,\"user_id\":4,\"province\":\"\\u5185\\u8499\\u53e4\\u81ea\\u6cbb\\u533a\",\"city\":\"\\u547c\\u548c\\u6d69\\u7279\\u5e02\",\"district\":\"\\u65b0\\u57ce\\u533a\",\"address\":\"1111111222\",\"zip\":11,\"name\":\"111qqqq\",\"phone\":\"18812365655\",\"last_used_time\":1635745798,\"create_time\":\"1970-01-01 08:32:50\",\"update_time\":\"2021-11-01 13:49:58\"}',0.10,'',NULL,NULL,NULL,'pending',NULL,0,'pending',NULL,NULL,1635745798,1635745798,0,0),(578,'20211101135111457302',4,'{\"id\":158,\"user_id\":4,\"province\":\"\\u5317\\u4eac\\u5e02\",\"city\":\"\\u5e02\\u8f96\\u533a\",\"district\":\"\\u897f\\u57ce\\u533a\",\"address\":\"123456678\",\"zip\":300000,\"name\":\"zxh5566\",\"phone\":\"15822222222\",\"last_used_time\":1635745871,\"create_time\":\"1970-01-01 08:33:41\",\"update_time\":\"2021-11-01 13:51:11\"}',1.00,'',NULL,NULL,NULL,'pending',NULL,0,'pending',NULL,NULL,1635745871,1635745871,0,0),(579,'20211101145258028892',4,'{\"id\":158,\"user_id\":4,\"province\":\"\\u5317\\u4eac\\u5e02\",\"city\":\"\\u5e02\\u8f96\\u533a\",\"district\":\"\\u897f\\u57ce\\u533a\",\"address\":\"123456678\",\"zip\":300000,\"name\":\"zxh5566\",\"phone\":\"15822222222\",\"last_used_time\":1635749578,\"create_time\":\"1970-01-01 08:33:41\",\"update_time\":\"2021-11-01 14:52:58\"}',0.10,'',NULL,NULL,NULL,'pending',NULL,0,'pending',NULL,NULL,1635749578,1635749578,0,0),(580,'20211102085552059277',4,'{\"id\":158,\"user_id\":4,\"province\":\"\\u5317\\u4eac\\u5e02\",\"city\":\"\\u5e02\\u8f96\\u533a\",\"district\":\"\\u897f\\u57ce\\u533a\",\"address\":\"123456678\",\"zip\":300000,\"name\":\"zxh5566\",\"phone\":\"15822222222\",\"last_used_time\":1635814552,\"create_time\":\"1970-01-01 08:33:41\",\"update_time\":\"2021-11-02 08:55:52\"}',3.40,'',NULL,NULL,NULL,'pending',NULL,0,'pending',NULL,NULL,1635814552,1635814552,0,0),(581,'20211102103827276489',4,'{\"id\":158,\"user_id\":4,\"province\":\"\\u5317\\u4eac\\u5e02\",\"city\":\"\\u5e02\\u8f96\\u533a\",\"district\":\"\\u897f\\u57ce\\u533a\",\"address\":\"123456678\",\"zip\":300000,\"name\":\"zxh5566\",\"phone\":\"15822222222\",\"last_used_time\":1635820707,\"create_time\":\"1970-01-01 08:33:41\",\"update_time\":\"2021-11-02 10:38:27\"}',90.00,'',NULL,NULL,NULL,'pending',NULL,0,'pending',NULL,NULL,1635820707,1635820707,0,0),(582,'20211102113805204474',4,'{\"id\":158,\"user_id\":4,\"province\":\"\\u5317\\u4eac\\u5e02\",\"city\":\"\\u5e02\\u8f96\\u533a\",\"district\":\"\\u897f\\u57ce\\u533a\",\"address\":\"123456678\",\"zip\":300000,\"name\":\"zxh5566\",\"phone\":\"15822222222\",\"last_used_time\":1635824285,\"create_time\":\"1970-01-01 08:33:41\",\"update_time\":\"2021-11-02 11:38:05\"}',0.50,'',NULL,NULL,NULL,'pending',NULL,1,'pending',NULL,NULL,1635824285,1636005392,0,0),(583,'20211107205821625038',4,'{\"id\":158,\"user_id\":4,\"province\":\"\\u5317\\u4eac\\u5e02\",\"city\":\"\\u5e02\\u8f96\\u533a\",\"district\":\"\\u897f\\u57ce\\u533a\",\"address\":\"123456678\",\"zip\":300000,\"name\":\"zxh5566\",\"phone\":\"15822222222\",\"last_used_time\":1636289901,\"create_time\":\"1970-01-01 08:33:41\",\"update_time\":\"2021-11-07 20:58:21\"}',63.60,'',NULL,NULL,NULL,'pending',NULL,1,'pending',NULL,NULL,1636289901,1636379961,0,0),(584,'20211108195821680606',4,'{\"id\":158,\"user_id\":4,\"province\":\"\\u5317\\u4eac\\u5e02\",\"city\":\"\\u5e02\\u8f96\\u533a\",\"district\":\"\\u897f\\u57ce\\u533a\",\"address\":\"123456678\",\"zip\":300000,\"name\":\"zxh5566\",\"phone\":\"15822222222\",\"last_used_time\":1636372701,\"create_time\":\"1970-01-01 08:33:41\",\"update_time\":\"2021-11-08 19:58:21\"}',0.10,'',NULL,NULL,NULL,'pending',NULL,0,'pending',NULL,NULL,1636372701,1636372701,0,0),(585,'20211108215813605945',4,'{\"id\":158,\"user_id\":4,\"province\":\"\\u5317\\u4eac\\u5e02\",\"city\":\"\\u5e02\\u8f96\\u533a\",\"district\":\"\\u897f\\u57ce\\u533a\",\"address\":\"123456678\",\"zip\":300000,\"name\":\"zxh5566\",\"phone\":\"15822222222\",\"last_used_time\":1636379893,\"create_time\":\"1970-01-01 08:33:41\",\"update_time\":\"2021-11-08 21:58:13\"}',0.10,'',NULL,NULL,NULL,'pending',NULL,1,'pending',NULL,NULL,1636379893,1636379937,0,0),(586,'20211108223058376533',4,'{\"id\":158,\"user_id\":4,\"province\":\"\\u5317\\u4eac\\u5e02\",\"city\":\"\\u5e02\\u8f96\\u533a\",\"district\":\"\\u897f\\u57ce\\u533a\",\"address\":\"123456678\",\"zip\":300000,\"name\":\"zxh5566\",\"phone\":\"15822222222\",\"last_used_time\":1636381858,\"create_time\":\"1970-01-01 08:33:41\",\"update_time\":\"2021-11-08 22:30:58\"}',0.30,'',NULL,NULL,NULL,'pending',NULL,0,'pending',NULL,NULL,1636381858,1636381858,0,0),(587,'20211110112236228381',4,'{\"id\":158,\"user_id\":4,\"province\":\"\\u5317\\u4eac\\u5e02\",\"city\":\"\\u5e02\\u8f96\\u533a\",\"district\":\"\\u897f\\u57ce\\u533a\",\"address\":\"123456678\",\"zip\":300000,\"name\":\"zxh5566\",\"phone\":\"15822222222\",\"last_used_time\":1636514556,\"create_time\":\"1970-01-01 08:33:41\",\"update_time\":\"2021-11-10 11:22:36\"}',0.10,'',NULL,NULL,NULL,'pending',NULL,0,'pending',NULL,NULL,1636514556,1636514556,0,0),(588,'20211111114053126901',4,'{\"id\":158,\"user_id\":4,\"province\":\"\\u5317\\u4eac\\u5e02\",\"city\":\"\\u5e02\\u8f96\\u533a\",\"district\":\"\\u897f\\u57ce\\u533a\",\"address\":\"123456678\",\"zip\":300000,\"name\":\"zxh5566\",\"phone\":\"15822222222\",\"last_used_time\":1636602053,\"create_time\":\"1970-01-01 08:33:41\",\"update_time\":\"2021-11-11 11:40:53\"}',0.10,'',NULL,NULL,NULL,'pending',NULL,0,'pending',NULL,NULL,1636602053,1636602053,0,0),(589,'20211111130615048350',4,'{\"id\":158,\"user_id\":4,\"province\":\"\\u5317\\u4eac\\u5e02\",\"city\":\"\\u5e02\\u8f96\\u533a\",\"district\":\"\\u897f\\u57ce\\u533a\",\"address\":\"123456678\",\"zip\":300000,\"name\":\"zxh5566\",\"phone\":\"15822222222\",\"last_used_time\":1636607175,\"create_time\":\"1970-01-01 08:33:41\",\"update_time\":\"2021-11-11 13:06:15\"}',0.50,'',NULL,NULL,NULL,'pending',NULL,0,'pending',NULL,NULL,1636607175,1636607175,0,0),(590,'20211115113218159187',4,'{\"id\":141,\"user_id\":4,\"province\":\"\\u5317\\u4eac\\u5e02\",\"city\":\"\\u5e02\\u8f96\\u533a\",\"district\":\"\\u897f\\u57ce\\u533a\",\"address\":\"\\u3002\\u3002\\u3002\\u3002\\u3002\\u3002\",\"zip\":830000,\"name\":\"\\u662f\\u7684123\",\"phone\":\"18890416087\",\"last_used_time\":1636947138,\"create_time\":\"1970-01-01 08:32:50\",\"update_time\":\"2021-11-15 11:32:18\"}',0.10,'',NULL,NULL,NULL,'pending',NULL,1,'pending',NULL,NULL,1636947138,1636955368,0,0),(591,'20211116174318484146',4,'{\"id\":141,\"user_id\":4,\"province\":\"\\u5317\\u4eac\\u5e02\",\"city\":\"\\u5e02\\u8f96\\u533a\",\"district\":\"\\u897f\\u57ce\\u533a\",\"address\":\"\\u3002\\u3002\\u3002\\u3002\\u3002\\u3002\",\"zip\":830000,\"name\":\"\\u662f\\u7684123\",\"phone\":\"18890416087\",\"last_used_time\":1637055798,\"create_time\":\"1970-01-01 08:32:50\",\"update_time\":\"2021-11-16 17:43:18\"}',92.20,'',NULL,NULL,NULL,'pending',NULL,1,'pending',NULL,NULL,1637055798,1638880843,0,0),(592,'20211116210912058902',4,'{\"id\":141,\"user_id\":4,\"province\":\"\\u5317\\u4eac\\u5e02\",\"city\":\"\\u5e02\\u8f96\\u533a\",\"district\":\"\\u897f\\u57ce\\u533a\",\"address\":\"\\u3002\\u3002\\u3002\\u3002\\u3002\\u3002\",\"zip\":830000,\"name\":\"\\u662f\\u7684123\",\"phone\":\"18890416087\",\"last_used_time\":1637068152,\"create_time\":\"1970-01-01 08:32:50\",\"update_time\":\"2021-11-16 21:09:12\"}',0.50,'',NULL,NULL,NULL,'pending',NULL,1,'pending',NULL,NULL,1637068152,1638880839,0,0),(593,'20211117121733362120',4,'{\"id\":141,\"user_id\":4,\"province\":\"\\u5317\\u4eac\\u5e02\",\"city\":\"\\u5e02\\u8f96\\u533a\",\"district\":\"\\u897f\\u57ce\\u533a\",\"address\":\"\\u3002\\u3002\\u3002\\u3002\\u3002\\u3002\",\"zip\":830000,\"name\":\"\\u662f\\u7684123\",\"phone\":\"18890416087\",\"last_used_time\":1637122653,\"create_time\":\"1970-01-01 08:32:50\",\"update_time\":\"2021-11-17 12:17:33\"}',180.00,'',NULL,NULL,NULL,'pending',NULL,1,'pending',NULL,NULL,1637122653,1638880835,0,0),(594,'20211117121856694206',4,'{\"id\":141,\"user_id\":4,\"province\":\"\\u5317\\u4eac\\u5e02\",\"city\":\"\\u5e02\\u8f96\\u533a\",\"district\":\"\\u897f\\u57ce\\u533a\",\"address\":\"\\u3002\\u3002\\u3002\\u3002\\u3002\\u3002\",\"zip\":830000,\"name\":\"\\u662f\\u7684123\",\"phone\":\"18890416087\",\"last_used_time\":1637122736,\"create_time\":\"1970-01-01 08:32:50\",\"update_time\":\"2021-11-17 12:18:56\"}',90.00,'',NULL,NULL,NULL,'pending',NULL,1,'pending',NULL,NULL,1637122736,1638880832,0,0),(595,'20211117125124625565',4,'{\"id\":141,\"user_id\":4,\"province\":\"\\u5317\\u4eac\\u5e02\",\"city\":\"\\u5e02\\u8f96\\u533a\",\"district\":\"\\u897f\\u57ce\\u533a\",\"address\":\"\\u3002\\u3002\\u3002\\u3002\\u3002\\u3002\",\"zip\":830000,\"name\":\"\\u662f\\u7684123\",\"phone\":\"18890416087\",\"last_used_time\":1637124684,\"create_time\":\"1970-01-01 08:32:50\",\"update_time\":\"2021-11-17 12:51:24\"}',0.50,'',NULL,NULL,NULL,'pending',NULL,1,'pending',NULL,NULL,1637124684,1638880820,0,0),(596,'20211122095614993825',4,'{\"id\":141,\"user_id\":4,\"province\":\"\\u5317\\u4eac\\u5e02\",\"city\":\"\\u5e02\\u8f96\\u533a\",\"district\":\"\\u897f\\u57ce\\u533a\",\"address\":\"\\u3002\\u3002\\u3002\\u3002\\u3002\\u3002\",\"zip\":830000,\"name\":\"\\u662f\\u7684123\",\"phone\":\"18890416087\",\"last_used_time\":1637546174,\"create_time\":\"1970-01-01 08:32:50\",\"update_time\":\"2021-11-22 09:56:14\"}',0.50,'',NULL,NULL,NULL,'pending',NULL,1,'pending',NULL,NULL,1637546174,1638880814,0,0),(597,'20211122104821637825',4,'{\"id\":158,\"user_id\":4,\"province\":\"\\u5317\\u4eac\\u5e02\",\"city\":\"\\u5e02\\u8f96\\u533a\",\"district\":\"\\u897f\\u57ce\\u533a\",\"address\":\"123456678\",\"zip\":300000,\"name\":\"zxh5566\",\"phone\":\"15822222222\",\"last_used_time\":1637549301,\"create_time\":\"1970-01-01 08:33:41\",\"update_time\":\"2021-11-22 10:48:21\"}',30.50,'',NULL,NULL,NULL,'pending',NULL,1,'pending',NULL,NULL,1637549301,1638880818,0,0),(598,'20211125152312304607',4,'{\"id\":141,\"user_id\":4,\"province\":\"\\u5317\\u4eac\\u5e02\",\"city\":\"\\u5e02\\u8f96\\u533a\",\"district\":\"\\u897f\\u57ce\\u533a\",\"address\":\"\\u3002\\u3002\\u3002\\u3002\\u3002\\u3002\",\"zip\":830000,\"name\":\"\\u662f\\u7684123\",\"phone\":\"18890416087\",\"last_used_time\":1637824992,\"create_time\":\"1970-01-01 08:32:50\",\"update_time\":\"2021-11-25 15:23:12\"}',0.50,'',NULL,NULL,NULL,'pending',NULL,1,'pending',NULL,NULL,1637824992,1638880809,0,0),(599,'20211126130137256233',4,'{\"id\":141,\"user_id\":4,\"province\":\"\\u5317\\u4eac\\u5e02\",\"city\":\"\\u5e02\\u8f96\\u533a\",\"district\":\"\\u897f\\u57ce\\u533a\",\"address\":\"\\u3002\\u3002\\u3002\\u3002\\u3002\\u3002\",\"zip\":830000,\"name\":\"\\u662f\\u7684123\",\"phone\":\"18890416087\",\"last_used_time\":1637902897,\"create_time\":\"1970-01-01 08:32:50\",\"update_time\":\"2021-11-26 13:01:37\"}',61.10,'',NULL,NULL,NULL,'pending',NULL,1,'pending',NULL,NULL,1637902897,1637902925,0,0),(600,'20211201140914999700',4,'{\"id\":141,\"user_id\":4,\"province\":\"\\u5317\\u4eac\\u5e02\",\"city\":\"\\u5e02\\u8f96\\u533a\",\"district\":\"\\u897f\\u57ce\\u533a\",\"address\":\"\\u3002\\u3002\\u3002\\u3002\\u3002\\u3002\",\"zip\":830000,\"name\":\"\\u662f\\u7684123\",\"phone\":\"18890416087\",\"last_used_time\":1638338954,\"create_time\":\"1970-01-01 08:32:50\",\"update_time\":\"2021-12-01 14:09:14\"}',60.70,'',NULL,NULL,NULL,'pending',NULL,1,'pending',NULL,NULL,1638338954,1638880807,0,0),(601,'20211201141052326636',4,'{\"id\":156,\"user_id\":4,\"province\":\"\\u5317\\u4eac\\u5e02\",\"city\":\"\\u5e02\\u8f96\\u533a\",\"district\":\"\\u897f\\u57ce\\u533a\",\"address\":\"bbbb\",\"zip\":2123000,\"name\":\"aaa\",\"phone\":\"13100010001\",\"last_used_time\":1638339052,\"create_time\":\"2021-10-19 10:16:49\",\"update_time\":\"2021-12-01 14:10:52\"}',0.10,'',NULL,NULL,NULL,'pending',NULL,1,'pending',NULL,NULL,1638339052,1638880805,0,0),(602,'20211202202727897702',4,'{\"id\":156,\"user_id\":4,\"province\":\"\\u5317\\u4eac\\u5e02\",\"city\":\"\\u5e02\\u8f96\\u533a\",\"district\":\"\\u897f\\u57ce\\u533a\",\"address\":\"bbbb\",\"zip\":2123000,\"name\":\"aaa\",\"phone\":\"13100010001\",\"last_used_time\":1638448047,\"create_time\":\"2021-10-19 10:16:49\",\"update_time\":\"2021-12-02 20:27:27\"}',30.00,'',NULL,NULL,NULL,'pending',NULL,1,'pending',NULL,NULL,1638448047,1638448057,0,0),(603,'20211203225727179794',4,'{\"id\":156,\"user_id\":4,\"province\":\"\\u5317\\u4eac\\u5e02\",\"city\":\"\\u5e02\\u8f96\\u533a\",\"district\":\"\\u897f\\u57ce\\u533a\",\"address\":\"bbbb\",\"zip\":2123000,\"name\":\"aaa\",\"phone\":\"13100010001\",\"last_used_time\":1638543447,\"create_time\":\"2021-10-19 10:16:49\",\"update_time\":\"2021-12-03 22:57:27\"}',0.10,'',NULL,NULL,NULL,'pending',NULL,1,'pending',NULL,NULL,1638543447,1638880803,0,0),(604,'20211204234439818045',4,'{\"id\":156,\"user_id\":4,\"province\":\"\\u5317\\u4eac\\u5e02\",\"city\":\"\\u5e02\\u8f96\\u533a\",\"district\":\"\\u897f\\u57ce\\u533a\",\"address\":\"bbbb\",\"zip\":2123000,\"name\":\"aaa\",\"phone\":\"13100010001\",\"last_used_time\":1638632679,\"create_time\":\"2021-10-19 10:16:49\",\"update_time\":\"2021-12-04 23:44:39\"}',0.50,'',NULL,NULL,NULL,'pending',NULL,1,'pending',NULL,NULL,1638632679,1638880801,0,0),(605,'20211205110617768298',4,'{\"id\":156,\"user_id\":4,\"province\":\"\\u5317\\u4eac\\u5e02\",\"city\":\"\\u5e02\\u8f96\\u533a\",\"district\":\"\\u897f\\u57ce\\u533a\",\"address\":\"bbbb\",\"zip\":2123000,\"name\":\"aaa\",\"phone\":\"13100010001\",\"last_used_time\":1638673577,\"create_time\":\"2021-10-19 10:16:49\",\"update_time\":\"2021-12-05 11:06:17\"}',30.00,'',NULL,NULL,NULL,'pending',NULL,1,'pending',NULL,NULL,1638673577,1638880798,0,0),(606,'20211206163134068828',4,'{\"id\":156,\"user_id\":4,\"province\":\"\\u5317\\u4eac\\u5e02\",\"city\":\"\\u5e02\\u8f96\\u533a\",\"district\":\"\\u897f\\u57ce\\u533a\",\"address\":\"bbbb\",\"zip\":2123000,\"name\":\"aaa\",\"phone\":\"13100010001\",\"last_used_time\":1638779494,\"create_time\":\"2021-10-19 10:16:49\",\"update_time\":\"2021-12-06 16:31:34\"}',0.10,'',NULL,NULL,NULL,'pending',NULL,1,'pending',NULL,NULL,1638779494,1638880796,0,0),(607,'20211207203904079879',4,'{\"id\":156,\"user_id\":4,\"province\":\"\\u5317\\u4eac\\u5e02\",\"city\":\"\\u5e02\\u8f96\\u533a\",\"district\":\"\\u897f\\u57ce\\u533a\",\"address\":\"bbbb\",\"zip\":2123000,\"name\":\"aaa\",\"phone\":\"13100010001\",\"last_used_time\":1638880744,\"create_time\":\"2021-10-19 10:16:49\",\"update_time\":\"2021-12-07 20:39:04\"}',0.10,'',1638880794,'alipay','20211207203904079879','pending',NULL,0,'pending',NULL,NULL,1638880744,1638880794,0,0),(608,'20211209234311144192',4,'{\"id\":156,\"user_id\":4,\"province\":\"\\u5317\\u4eac\\u5e02\",\"city\":\"\\u5e02\\u8f96\\u533a\",\"district\":\"\\u897f\\u57ce\\u533a\",\"address\":\"bbbb\",\"zip\":2123000,\"name\":\"aaa\",\"phone\":\"13100010001\",\"last_used_time\":1639064591,\"create_time\":\"2021-10-19 10:16:49\",\"update_time\":\"2021-12-09 23:43:11\"}',0.10,'',1639064591,'alipay','2019122622001446221403706833','pending',NULL,0,'pending',NULL,NULL,1639064591,1639064591,0,0);
/*!40000 ALTER TABLE `order` ENABLE KEYS */;
UNLOCK TABLES;

--
-- Table structure for table `order_item`
--

DROP TABLE IF EXISTS `order_item`;
/*!40101 SET @saved_cs_client     = @@character_set_client */;
/*!40101 SET character_set_client = utf8 */;
CREATE TABLE `order_item` (
  `id` int(11) NOT NULL AUTO_INCREMENT,
  `order_id` int(11) DEFAULT NULL COMMENT '订单id',
  `shop_id` int(11) DEFAULT NULL COMMENT '商品id/商品规则id',
  `num` int(11) DEFAULT NULL COMMENT '购买数量',
  `price` decimal(10,2) DEFAULT NULL COMMENT '购买价格',
  `rating` int(11) DEFAULT NULL COMMENT '评分',
  `review` text COMMENT '评价',
  `review_time` int(11) DEFAULT NULL COMMENT '评价时间',
  `create_time` int(11) DEFAULT NULL,
  `skus_type` tinyint(4) DEFAULT '1' COMMENT '规格类型',
  `goods_id` int(11) DEFAULT NULL,
  `goods_num` int(11) NOT NULL DEFAULT '0',
  `user_id` int(11) NOT NULL DEFAULT '0',
  `extra` text COMMENT '客服回复评论',
  `status` tinyint(1) NOT NULL DEFAULT '1' COMMENT '是否可用,1：可用，0不可用',
  PRIMARY KEY (`id`),
  KEY `order_id` (`order_id`),
  KEY `goods_id` (`goods_id`) USING BTREE,
  CONSTRAINT `order_item_ibfk_1` FOREIGN KEY (`order_id`) REFERENCES `order` (`id`) ON DELETE CASCADE ON UPDATE NO ACTION
) ENGINE=InnoDB AUTO_INCREMENT=751 DEFAULT CHARSET=utf8;
/*!40101 SET character_set_client = @saved_cs_client */;

--
-- Dumping data for table `order_item`
--

LOCK TABLES `order_item` WRITE;
/*!40000 ALTER TABLE `order_item` DISABLE KEYS */;
INSERT INTO `order_item` VALUES (36,40,2,1,5.00,NULL,NULL,NULL,1576064980,1,25,0,0,'',1),(37,41,13,1,1.00,NULL,NULL,NULL,1576065855,1,28,0,0,'',1),(38,42,2,1,5.00,NULL,NULL,NULL,1576067611,1,25,0,0,'',1),(39,43,8,1,7.00,NULL,NULL,NULL,1576067830,1,25,0,0,'',1),(40,44,8,1,7.00,NULL,NULL,NULL,1576067899,1,25,0,0,'',1),(41,45,8,1,7.00,NULL,NULL,NULL,1576068741,1,25,0,0,'',1),(42,46,8,1,7.00,NULL,NULL,NULL,1576068894,1,25,0,0,'',1),(43,47,13,1,1.00,NULL,NULL,NULL,1576069117,1,28,0,0,'',1),(44,48,2,1,5.00,NULL,NULL,NULL,1576071570,1,25,0,0,'',1),(45,49,8,2,7.00,NULL,NULL,NULL,1576071680,1,25,0,0,'',1),(46,50,8,1,7.00,NULL,NULL,NULL,1576072216,1,25,0,0,'',1),(47,51,8,1,7.00,NULL,NULL,NULL,1576072789,1,25,0,0,'',1),(48,52,13,1,1.00,NULL,NULL,NULL,1576073241,1,28,0,0,'',1),(49,53,13,1,1.00,NULL,NULL,NULL,1576073301,1,28,0,0,'',1),(50,54,2,1,5.00,NULL,NULL,NULL,1576073799,1,25,0,0,'',1),(51,55,13,1,1.00,NULL,NULL,NULL,1576073865,1,28,0,0,'',1),(52,56,14,1,1.00,NULL,NULL,NULL,1576074206,1,28,0,0,'',1),(53,57,14,1,1.00,NULL,NULL,NULL,1576074311,1,28,0,0,'',1),(54,58,2,1,0.05,NULL,NULL,NULL,1576154802,1,25,0,0,'',1),(55,58,8,2,0.07,NULL,NULL,NULL,1576154802,1,25,0,0,'',1),(56,59,2,1,0.05,NULL,NULL,NULL,1576155561,1,25,0,0,'',1),(57,60,2,1,0.05,NULL,NULL,NULL,1576156213,1,25,0,0,'',1),(58,61,2,1,0.05,NULL,NULL,NULL,1576156367,1,25,0,0,'',1),(59,62,2,1,0.05,NULL,NULL,NULL,1576156617,1,25,0,0,'',1),(60,63,2,1,0.05,NULL,NULL,NULL,1576156973,1,25,0,0,'',1),(61,64,8,1,0.07,NULL,NULL,NULL,1576157019,1,25,0,0,'',1),(62,65,2,1,0.05,NULL,NULL,NULL,1576158173,1,25,0,0,'',1),(63,66,2,1,0.05,NULL,NULL,NULL,1576158633,1,25,0,0,'',1),(64,67,2,1,0.05,NULL,NULL,NULL,1576158870,1,25,0,0,'',1),(65,68,2,1,0.05,NULL,NULL,NULL,1576159025,1,25,0,0,'',1),(66,69,2,1,0.05,NULL,NULL,NULL,1576159422,1,25,0,0,'',1),(67,70,8,1,0.07,NULL,NULL,NULL,1576159543,1,25,0,0,'',1),(68,71,2,1,0.05,NULL,NULL,NULL,1576160620,1,25,0,0,'',1),(69,72,2,1,0.05,NULL,NULL,NULL,1576160675,1,25,0,0,'',1),(70,73,2,1,0.05,NULL,NULL,NULL,1576161847,1,25,0,0,'',1),(71,74,2,1,0.05,NULL,NULL,NULL,1576161900,1,25,0,0,'',1),(72,75,2,1,0.05,NULL,NULL,NULL,1576167274,1,25,0,0,'',1),(73,76,2,1,0.05,NULL,NULL,NULL,1576167313,1,25,0,0,'',1),(74,77,2,1,0.05,NULL,NULL,NULL,1576167356,1,25,0,0,'',1),(75,78,2,1,0.05,NULL,NULL,NULL,1576167794,1,25,0,0,'',1),(76,79,2,1,0.05,NULL,NULL,NULL,1576168714,1,25,0,0,'',1),(77,80,13,1,0.01,NULL,NULL,NULL,1576168910,1,28,0,0,'',1),(78,81,2,1,0.05,NULL,NULL,NULL,1576169538,1,25,0,0,'',1),(79,82,2,1,0.05,NULL,NULL,NULL,1576169682,1,25,0,0,'',1),(80,83,2,1,0.05,NULL,NULL,NULL,1576169838,1,25,0,0,'',1),(81,84,13,1,0.01,NULL,NULL,NULL,1576169942,1,28,0,0,'',1),(82,85,2,1,0.05,NULL,NULL,NULL,1576170113,1,25,0,0,'',1),(83,86,13,1,0.01,NULL,NULL,NULL,1576170194,1,28,0,0,'',1),(84,87,8,1,0.07,NULL,NULL,NULL,1576170710,1,25,0,0,'',1),(85,88,2,1,0.05,NULL,NULL,NULL,1576171388,1,25,0,0,'',1),(86,89,14,1,0.01,NULL,NULL,NULL,1576171497,1,28,0,0,'',1),(87,90,2,1,0.05,NULL,NULL,NULL,1576172601,1,25,0,0,'',1),(88,91,13,1,0.01,NULL,NULL,NULL,1576173016,1,28,0,0,'',1),(89,92,13,1,0.01,NULL,NULL,NULL,1576173358,1,28,0,0,'',1),(90,93,14,1,0.01,NULL,NULL,NULL,1576173393,1,28,0,0,'',1),(91,94,14,1,0.01,NULL,NULL,NULL,1576173628,1,28,0,0,'',1),(92,95,14,1,0.01,NULL,NULL,NULL,1576173848,1,28,0,0,'',1),(93,96,2,1,0.05,NULL,NULL,NULL,1576174213,1,25,0,0,'',1),(94,97,14,1,0.01,NULL,NULL,NULL,1576174556,1,28,0,0,'',1),(95,98,13,1,0.01,NULL,NULL,NULL,1576174949,1,28,0,0,'',1),(96,99,2,1,0.05,NULL,NULL,NULL,1576175025,1,25,0,0,'',1),(97,100,10,1,0.01,NULL,NULL,NULL,1576175449,1,26,0,0,'',1),(98,101,2,1,0.05,NULL,NULL,NULL,1576212854,1,25,0,0,'',1),(99,102,13,1,0.01,NULL,NULL,NULL,1576224111,1,28,0,0,'',1),(100,103,8,1,0.07,NULL,NULL,NULL,1576224466,1,25,0,0,'',1),(101,104,13,1,0.01,NULL,NULL,NULL,1576224541,1,28,0,0,'',1),(102,105,11,2,0.01,NULL,NULL,NULL,1576225115,1,27,0,0,'',1),(103,106,10,2,0.01,NULL,NULL,NULL,1576225585,1,26,0,0,'',1),(104,107,14,1,0.01,NULL,NULL,NULL,1576225625,1,28,0,0,'',1),(105,108,10,1,0.01,NULL,NULL,NULL,1576225727,1,26,0,0,'',1),(106,109,9,2,0.10,NULL,NULL,NULL,1576260906,1,25,0,0,'',1),(107,110,13,1,0.01,NULL,NULL,NULL,1576261004,1,28,0,0,'',1),(108,111,30,1,30.00,NULL,NULL,NULL,1576261263,0,30,0,0,'',1),(109,112,13,1,0.01,NULL,NULL,NULL,1576261294,1,28,0,0,'',1),(110,113,14,1,0.01,NULL,NULL,NULL,1576261340,1,28,0,0,'',1),(111,114,2,1,0.05,NULL,NULL,NULL,1576261697,1,25,0,0,'',1),(112,115,2,1,0.05,NULL,NULL,NULL,1576261804,1,25,0,0,'',1),(113,116,2,1,0.05,NULL,NULL,NULL,1576261927,1,25,0,0,'',1),(114,117,2,1,0.05,NULL,NULL,NULL,1576312158,1,25,0,0,'',1),(115,118,2,1,0.05,NULL,NULL,NULL,1576313025,1,25,0,0,'',1),(116,119,2,1,0.05,NULL,NULL,NULL,1576313120,1,25,0,0,'',1),(117,120,8,1,0.07,NULL,NULL,NULL,1576313323,1,25,0,0,'',1),(121,124,2,1,0.50,NULL,NULL,NULL,1576313983,1,25,0,0,'',1),(122,125,2,1,0.50,NULL,NULL,NULL,1576313997,1,25,0,0,'',1),(123,126,13,1,0.01,NULL,NULL,NULL,1576328541,1,28,0,0,'',1),(124,127,13,1,0.01,NULL,NULL,NULL,1576345468,1,28,0,0,'',1),(125,128,8,1,0.07,NULL,NULL,NULL,1576346338,1,25,0,0,'',1),(126,129,2,1,0.50,NULL,NULL,NULL,1576346895,1,25,0,0,'',1),(127,130,13,1,0.01,NULL,NULL,NULL,1576347719,1,28,0,0,'',1),(128,131,14,1,0.01,NULL,NULL,NULL,1576347955,1,28,0,0,'',1),(129,132,14,1,0.01,NULL,NULL,NULL,1576461919,1,28,0,0,'',1),(130,133,2,1,0.50,NULL,NULL,NULL,1576462676,1,25,0,0,'',1),(131,134,2,1,0.50,NULL,NULL,NULL,1576465286,1,25,0,0,'',1),(132,135,9,4,0.10,NULL,NULL,NULL,1576545427,1,25,0,0,'',1),(133,136,13,1,0.01,NULL,NULL,NULL,1576549109,1,28,0,0,'',1),(134,137,8,1,0.07,NULL,NULL,NULL,1576550204,1,25,0,0,'',1),(135,138,2,1,0.50,NULL,NULL,NULL,1576550479,1,25,0,0,'',1),(136,139,4,1,0.01,NULL,NULL,NULL,1576550577,1,27,0,0,'',1),(137,140,3,1,0.01,NULL,NULL,NULL,1576562328,1,26,0,0,'',1),(138,141,2,1,0.50,NULL,NULL,NULL,1576562754,1,25,0,0,'',1),(139,142,2,1,0.50,NULL,NULL,NULL,1576563307,1,25,0,0,'',1),(140,143,2,1,0.50,NULL,NULL,NULL,1576564058,1,25,0,0,'',1),(141,144,3,1,0.01,NULL,NULL,NULL,1576564652,1,26,0,0,'',1),(142,145,3,1,0.01,NULL,NULL,NULL,1576564985,1,26,0,0,'',1),(143,146,2,1,0.50,NULL,NULL,NULL,1576566197,1,25,0,0,'',1),(144,147,2,1,0.50,NULL,NULL,NULL,1576566299,1,25,0,0,'',1),(145,148,3,1,0.01,NULL,NULL,NULL,1576568353,1,26,0,0,'',1),(146,149,10,1,0.01,NULL,NULL,NULL,1576568586,1,26,0,0,'',1),(147,150,10,1,0.01,NULL,NULL,NULL,1576571898,1,26,0,0,'',1),(148,151,13,1,0.01,NULL,NULL,NULL,1576578121,1,28,0,0,'',1),(149,152,10,1,0.01,1,'{\"data\":\"这个商品质量不好\",\"image\":[\"https://tangzhe123-com.oss-cn-shenzhen.aliyuncs.com/Appstatic/qsbk/demo/demo101.jpg\"]}',1567341267,1576585791,1,26,0,3,'[{\"isuser\":false,\"data\":\"\\u975e\\u5e38\\u597d\",\"good_num\":0}]',1),(150,153,10,1,0.01,NULL,NULL,NULL,1576590539,1,26,0,0,'',1),(151,154,10,1,0.01,3,'{\"data\":\"商品一般\",\"image\":[\"https://tangzhe123-com.oss-cn-shenzhen.aliyuncs.com/Appstatic/qsbk/demo/demo101.jpg\"]}',1567341267,1576590732,1,26,0,3,'[{\"isuser\":false,\"data\":\"\\u4eb2\\uff0c\\u5546\\u54c1\\u4e0d\\u9519\\uff0c\\u6027\\u4ef7\\u6bd4\\u5f88\\u597d\\u3002\",\"good_num\":0}]',1),(152,155,3,1,0.01,NULL,NULL,NULL,1576591327,1,26,0,0,'',1),(153,156,3,1,0.01,NULL,NULL,NULL,1576592031,1,26,0,0,'',1),(154,157,3,1,0.01,NULL,NULL,NULL,1576592296,1,26,0,0,'',1),(155,158,3,1,0.01,NULL,NULL,NULL,1576592452,1,26,0,0,'',1),(156,159,3,1,0.01,NULL,NULL,NULL,1576592589,1,26,0,0,'',1),(157,160,3,1,0.01,NULL,NULL,NULL,1576593250,1,26,0,0,'',1),(158,161,3,1,0.01,NULL,NULL,NULL,1576593538,1,26,0,0,'',1),(159,162,3,1,0.01,NULL,NULL,NULL,1576593641,1,26,0,0,'',1),(160,163,3,1,0.01,NULL,NULL,NULL,1576593777,1,26,0,0,'',1),(161,164,3,1,0.01,NULL,NULL,NULL,1576593820,1,26,0,0,'',1),(162,165,2,1,0.50,4,'{\"data\":\"商品不错哦\",\"image\":[\"https://tangzhe123-com.oss-cn-shenzhen.aliyuncs.com/Appstatic/qsbk/demo/demo101.jpg\"]}',1567341267,1576593906,1,25,0,3,'[{\"isuser\":false,\"data\":\"\\u4fee\\u6539\\u5ba2\\u670d\\u56de\\u590d11111tyoi\",\"good_num\":0}]',1),(163,166,3,1,0.01,5,'{\"data\":\"商品不错哦\",\"image\":[\"https://tangzhe123-com.oss-cn-shenzhen.aliyuncs.com/Appstatic/qsbk/demo/demo101.jpg\"]}',1567341267,1576594003,1,26,0,3,'[{\"isuser\":false,\"data\":\"\\u611f\\u8c22\\u652f\\u6301\\uff01\",\"good_num\":0}]',0),(164,167,3,1,0.01,NULL,NULL,NULL,1576594255,1,26,0,0,'',1),(166,169,3,1,0.01,NULL,NULL,NULL,1576635194,1,26,0,0,'',1),(167,170,8,2,0.07,NULL,NULL,NULL,1576734403,1,25,0,0,'',1),(168,171,8,1,0.07,NULL,NULL,NULL,1576734972,1,25,0,0,'',1),(169,172,9,1,0.10,NULL,NULL,NULL,1576741331,1,25,0,0,'',1),(170,172,3,1,0.01,NULL,NULL,NULL,1576741331,1,26,0,0,'',1),(171,172,11,1,0.01,NULL,NULL,NULL,1576741331,1,27,0,0,'',1),(172,172,2,1,0.50,NULL,NULL,NULL,1576741331,1,25,0,0,'',1),(173,173,2,2,0.50,NULL,NULL,NULL,1576742421,1,25,0,0,'',1),(174,174,2,1,0.50,NULL,NULL,NULL,1576743395,1,25,0,0,'',1),(175,174,3,1,0.01,NULL,NULL,NULL,1576743395,1,26,0,0,'',1),(176,175,3,1,0.01,NULL,NULL,NULL,1576745367,1,26,0,0,'',1),(177,175,30,1,30.00,NULL,NULL,NULL,1576745367,0,30,0,0,'',1),(178,175,12,1,0.01,NULL,NULL,NULL,1576745367,1,29,0,0,'',1),(179,176,8,1,0.07,NULL,NULL,NULL,1576761641,1,25,0,0,'',1),(180,176,2,1,0.50,NULL,NULL,NULL,1576761641,1,25,0,0,'',1),(181,177,2,2,0.50,NULL,NULL,NULL,1576764190,1,25,0,0,'',1),(182,177,10,1,0.01,NULL,NULL,NULL,1576764190,1,26,0,0,'',1),(183,178,2,1,0.50,NULL,NULL,NULL,1576801511,1,25,0,0,'',1),(184,179,9,2,0.10,NULL,NULL,NULL,1576809529,1,25,0,0,'',1),(185,180,2,1,0.50,NULL,NULL,NULL,1576810044,1,25,0,0,'',1),(186,181,11,1,0.01,NULL,NULL,NULL,1576810380,1,27,0,0,'',1),(187,182,2,1,0.50,NULL,NULL,NULL,1576812329,1,25,0,0,'',1),(188,183,3,4,0.01,NULL,NULL,NULL,1576824904,1,26,0,0,'',1),(189,183,2,2,0.50,NULL,NULL,NULL,1576824904,1,25,0,0,'',1),(190,184,13,1,0.01,NULL,NULL,NULL,1576830392,1,28,0,0,'',1),(191,184,2,1,0.50,NULL,NULL,NULL,1576830392,1,25,0,0,'',1),(192,185,10,1,0.01,NULL,NULL,NULL,1576830530,1,26,0,0,'',1),(193,186,3,1,0.01,NULL,NULL,NULL,1576831354,1,26,0,0,'',1),(194,187,2,2,0.50,NULL,NULL,NULL,1576831874,1,25,0,0,'',1),(195,187,11,2,0.01,NULL,NULL,NULL,1576831874,1,27,0,0,'',1),(196,187,4,2,0.01,NULL,NULL,NULL,1576831874,1,27,0,0,'',1),(197,188,14,2,0.01,NULL,NULL,NULL,1576832794,1,28,0,0,'',1),(198,189,4,3,0.01,NULL,NULL,NULL,1576834474,1,27,0,0,'',1),(199,190,8,1,0.07,NULL,NULL,NULL,1576834879,1,25,0,0,'',1),(200,190,3,2,0.01,NULL,NULL,NULL,1576834879,1,26,0,0,'',1),(201,191,13,1,0.01,NULL,NULL,NULL,1576835620,1,28,0,0,'',1),(202,191,10,1,0.01,NULL,NULL,NULL,1576835620,1,26,0,0,'',1),(203,191,30,2,30.00,NULL,NULL,NULL,1576835620,0,30,0,0,'',1),(204,192,2,1,0.50,NULL,NULL,NULL,1576838082,1,25,0,0,'',1),(205,192,3,1,0.01,NULL,NULL,NULL,1576838082,1,26,0,0,'',1),(206,193,30,1,30.00,NULL,NULL,NULL,1576838124,0,30,0,0,'',1),(207,194,30,2,30.00,NULL,NULL,NULL,1576838337,0,30,0,0,'',1),(208,194,3,1,0.01,NULL,NULL,NULL,1576838337,1,26,0,0,'',1),(209,195,2,4,0.50,NULL,NULL,NULL,1576844241,1,25,0,0,'',1),(210,196,2,1,0.50,NULL,NULL,NULL,1576845110,1,25,0,0,'',1),(211,197,2,1,0.50,NULL,NULL,NULL,1576847731,1,25,0,0,'',1),(212,198,2,1,0.50,NULL,NULL,NULL,1576847867,1,25,0,0,'',1),(213,199,2,1,0.50,NULL,NULL,NULL,1576848179,1,25,0,0,'',1),(214,200,8,1,0.07,NULL,NULL,NULL,1576848319,1,25,0,0,'',1),(215,201,2,1,0.50,NULL,NULL,NULL,1576849589,1,25,0,0,'',1),(216,202,2,1,0.50,NULL,NULL,NULL,1576850598,1,25,0,0,'',1),(217,203,14,1,0.01,NULL,NULL,NULL,1576895305,1,28,0,0,'',1),(218,203,30,2,30.00,NULL,NULL,NULL,1576895305,0,30,0,0,'',1),(219,203,8,1,0.07,NULL,NULL,NULL,1576895305,1,25,0,0,'',1),(220,204,7,1,0.06,NULL,NULL,NULL,1576927858,1,25,0,0,'',1),(221,205,3,6,0.01,NULL,NULL,NULL,1576928187,1,26,0,0,'',1),(222,206,10,1,0.01,NULL,NULL,NULL,1576991290,1,26,0,0,'',1),(223,207,2,1,0.50,NULL,NULL,NULL,1577014098,1,25,0,0,'',1),(224,208,3,1,0.01,NULL,NULL,NULL,1577014577,1,26,0,0,'',1),(225,209,2,1,0.50,NULL,NULL,NULL,1577016666,1,25,0,0,'',1),(226,210,8,1,0.07,NULL,NULL,NULL,1577016703,1,25,0,0,'',1),(227,211,3,1,0.01,NULL,NULL,NULL,1577018634,1,26,0,0,'',1),(228,212,2,1,0.50,NULL,NULL,NULL,1577019848,1,25,0,0,'',1),(229,213,2,1,0.50,NULL,NULL,NULL,1577019911,1,25,0,0,'',1),(230,214,9,1,0.10,NULL,NULL,NULL,1577027777,1,25,0,0,'',1),(235,219,2,1,0.50,NULL,NULL,NULL,1577028204,1,25,0,0,'',1),(236,220,2,1,0.50,NULL,NULL,NULL,1577028324,1,25,0,0,'',1),(237,221,2,1,0.50,NULL,NULL,NULL,1577028514,1,25,0,0,'',1),(238,222,3,1,0.01,NULL,NULL,NULL,1577071148,1,26,0,0,'',1),(239,223,2,1,0.50,NULL,NULL,NULL,1577073132,1,25,0,0,'',1),(240,224,3,4,0.01,NULL,NULL,NULL,1577073620,1,26,0,0,'',1),(241,224,2,1,0.50,NULL,NULL,NULL,1577073620,1,25,0,0,'',1),(242,224,30,1,30.00,NULL,NULL,NULL,1577073620,0,30,0,0,'',1),(243,225,10,1,0.01,NULL,NULL,NULL,1577095855,1,26,0,0,'',1),(244,225,2,2,0.50,NULL,NULL,NULL,1577095855,1,25,0,0,'',1),(245,226,3,1,0.01,NULL,NULL,NULL,1577096170,1,26,0,0,'',1),(246,226,9,2,0.10,NULL,NULL,NULL,1577096170,1,25,0,0,'',1),(247,227,12,1,0.01,NULL,NULL,NULL,1577096529,1,29,0,0,'',1),(248,228,3,3,0.01,NULL,NULL,NULL,1577096801,1,26,0,0,'',1),(249,229,2,3,0.50,NULL,NULL,NULL,1577104574,1,25,0,0,'',1),(250,230,2,1,0.50,NULL,NULL,NULL,1577151274,1,25,0,0,'',1),(251,231,8,1,0.07,NULL,NULL,NULL,1577153950,1,25,0,0,'',1),(252,231,9,2,0.10,NULL,NULL,NULL,1577153950,1,25,0,0,'',1),(253,231,3,3,0.01,NULL,NULL,NULL,1577153950,1,26,0,0,'',1),(254,231,10,1,0.01,NULL,NULL,NULL,1577153950,1,26,0,0,'',1),(255,232,3,1,0.01,NULL,NULL,NULL,1577155293,1,26,0,0,'',1),(256,233,7,1,0.06,NULL,NULL,NULL,1577158908,1,25,0,0,'',1),(257,233,2,9,0.50,NULL,NULL,NULL,1577158908,1,25,0,0,'',1),(258,233,3,10,0.01,NULL,NULL,NULL,1577158908,1,26,0,0,'',1),(259,234,3,1,0.01,NULL,NULL,NULL,1577170978,1,26,0,0,'',1),(260,234,2,2,0.50,NULL,NULL,NULL,1577170978,1,25,0,0,'',1),(261,235,8,2,0.07,NULL,NULL,NULL,1577171709,1,25,0,0,'',1),(262,235,30,1,30.00,NULL,NULL,NULL,1577171709,0,30,0,0,'',1),(263,236,14,2,0.01,NULL,NULL,NULL,1577181641,1,28,0,0,'',1),(264,236,3,3,0.01,NULL,NULL,NULL,1577181641,1,26,0,0,'',1),(265,237,2,2,0.50,NULL,NULL,NULL,1577181766,1,25,0,0,'',1),(266,237,3,1,0.01,NULL,NULL,NULL,1577181766,1,26,0,0,'',1),(267,238,13,1,0.01,NULL,NULL,NULL,1577254986,1,28,0,0,'',1),(268,238,10,1,0.01,NULL,NULL,NULL,1577254986,1,26,0,0,'',1),(269,238,7,2,0.06,NULL,NULL,NULL,1577254986,1,25,0,0,'',1),(270,238,2,1,0.50,NULL,NULL,NULL,1577254986,1,25,0,0,'',1),(271,239,2,1,0.50,NULL,NULL,NULL,1577255166,1,25,0,0,'',1),(272,240,7,1,0.06,NULL,NULL,NULL,1577261341,1,25,0,0,'',1),(273,241,2,2,0.50,NULL,NULL,NULL,1577261455,1,25,0,0,'',1),(274,242,2,1,0.50,NULL,NULL,NULL,1577265499,1,25,0,0,'',1),(275,243,30,4,30.00,NULL,NULL,NULL,1577266402,0,30,0,0,'',1),(276,244,2,1,0.50,NULL,NULL,NULL,1577266497,1,25,0,0,'',1),(277,245,8,4,0.07,NULL,NULL,NULL,1577266672,1,25,0,0,'',1),(278,246,2,1,0.50,NULL,NULL,NULL,1577267155,1,25,0,0,'',1),(291,251,7,1,0.06,NULL,NULL,NULL,1577330312,1,25,0,0,'',1),(292,252,8,1,0.07,NULL,NULL,NULL,1577331171,1,25,0,0,'',1),(293,253,7,1,0.06,NULL,NULL,NULL,1577331831,1,25,0,0,'',1),(294,254,2,1,0.50,NULL,NULL,NULL,1577334833,1,25,0,0,'',1),(295,255,7,1,0.06,NULL,NULL,NULL,1577338320,1,25,0,0,'',1),(296,256,3,1,0.01,NULL,NULL,NULL,1577338810,1,26,0,0,'',1),(297,257,8,1,0.07,NULL,NULL,NULL,1577343137,1,25,0,0,'',1),(298,258,13,1,0.01,NULL,NULL,NULL,1577344494,1,28,0,0,'',1),(299,259,10,1,0.01,NULL,NULL,NULL,1577346102,1,26,0,0,'',1),(300,260,2,1,0.50,NULL,NULL,NULL,1577349043,1,25,0,0,'',1),(301,261,9,1,0.10,NULL,NULL,NULL,1577351012,1,25,0,0,'',1),(302,262,2,1,0.50,NULL,NULL,NULL,1577352996,1,25,0,0,'',1),(303,263,8,1,0.07,NULL,NULL,NULL,1577361826,1,25,0,0,'',1),(304,264,10,2,0.01,NULL,NULL,NULL,1577602214,1,26,0,0,'',1),(305,265,3,1,0.01,NULL,NULL,NULL,1577602479,1,26,0,0,'',1),(306,266,7,7,0.06,NULL,NULL,NULL,1577602592,1,25,0,0,'',1),(307,267,2,7,0.50,NULL,NULL,NULL,1577621469,1,25,0,0,'',1),(308,268,3,1,0.01,NULL,NULL,NULL,1577623283,1,26,0,0,'',1),(309,269,2,1,0.50,NULL,NULL,NULL,1577627598,1,25,0,0,'',1),(310,270,13,1,0.01,NULL,NULL,NULL,1577668158,1,28,0,0,'',1),(311,271,8,2,0.07,NULL,NULL,NULL,1577669056,1,25,0,0,'',1),(312,272,13,1,0.01,NULL,NULL,NULL,1577670453,1,28,0,0,'',1),(313,273,3,1,0.01,NULL,NULL,NULL,1577670605,1,26,0,0,'',1),(314,274,3,2,0.01,NULL,NULL,NULL,1577670904,1,26,0,0,'',1),(315,275,6,1,0.01,NULL,NULL,NULL,1577692004,1,29,0,0,'',1),(316,275,12,1,0.01,NULL,NULL,NULL,1577692004,1,29,0,0,'',1),(317,275,3,2,0.01,NULL,NULL,NULL,1577692004,1,26,0,0,'',1),(318,276,8,1,0.07,NULL,NULL,NULL,1577693391,1,25,0,0,'',1),(319,277,2,1,0.50,NULL,NULL,NULL,1577695540,1,25,0,0,'',1),(320,278,3,1,0.01,NULL,NULL,NULL,1577762580,1,26,0,0,'',1),(321,278,30,1,30.00,NULL,NULL,NULL,1577762580,0,30,0,0,'',1),(322,279,2,1,0.50,NULL,NULL,NULL,1577774510,1,25,0,0,'',1),(323,280,2,1,0.50,NULL,NULL,NULL,1577791956,1,25,0,0,'',1),(324,281,3,1,0.01,NULL,NULL,NULL,1577794091,1,26,0,0,'',1),(325,282,3,1,0.01,NULL,NULL,NULL,1577799338,1,26,0,0,'',1),(326,283,3,1,0.01,NULL,NULL,NULL,1577803040,1,26,0,0,'',1),(327,284,8,2,0.07,NULL,NULL,NULL,1577814391,1,25,0,0,'',1),(328,284,13,1,0.01,NULL,NULL,NULL,1577814391,1,28,0,0,'',1),(329,285,6,1,0.01,NULL,NULL,NULL,1577862699,1,29,0,0,'',1),(330,286,7,1,0.06,NULL,NULL,NULL,1577935238,1,25,0,0,'',1),(331,287,2,4,0.50,NULL,NULL,NULL,1577950003,1,25,0,0,'',1),(332,287,7,3,0.06,NULL,NULL,NULL,1577950003,1,25,0,0,'',1),(333,288,2,1,0.50,NULL,NULL,NULL,1577951732,1,25,0,0,'',1),(334,289,8,1,0.07,NULL,NULL,NULL,1577954392,1,25,0,0,'',1),(335,290,2,6,0.50,NULL,NULL,NULL,1578121003,1,25,0,0,'',1),(336,290,7,14,0.06,NULL,NULL,NULL,1578121003,1,25,0,0,'',1),(337,290,12,3,0.01,NULL,NULL,NULL,1578121003,1,29,0,0,'',1),(338,291,2,1,0.50,NULL,NULL,NULL,1578304707,1,25,0,0,'',1),(339,292,2,1,0.50,NULL,NULL,NULL,1578306364,1,25,0,0,'',1),(340,293,2,2,0.50,NULL,NULL,NULL,1578307143,1,25,0,0,'',1),(341,294,13,1,0.01,NULL,NULL,NULL,1578307242,1,28,0,0,'',1),(342,295,13,1,0.01,NULL,NULL,NULL,1578309313,1,28,0,0,'',1),(343,296,8,3,0.07,NULL,NULL,NULL,1578316976,1,25,0,0,'',1),(344,297,8,6,0.07,NULL,NULL,NULL,1578383501,1,25,0,0,'',1),(345,298,13,3,0.01,NULL,NULL,NULL,1578386998,1,28,0,0,'',1),(346,298,10,2,0.01,NULL,NULL,NULL,1578386998,1,26,0,0,'',1),(347,299,9,2,0.10,NULL,NULL,NULL,1578387358,1,25,0,0,'',1),(348,300,2,1,0.50,NULL,NULL,NULL,1578396779,1,25,0,0,'',1),(349,301,2,1,0.50,NULL,NULL,NULL,1578400964,1,25,0,0,'',1),(350,302,13,1,0.01,NULL,NULL,NULL,1578452837,1,28,0,0,'',1),(351,303,8,1,0.07,NULL,NULL,NULL,1578455906,1,25,0,0,'',1),(352,304,7,2,0.06,NULL,NULL,NULL,1578456108,1,25,0,0,'',1),(353,305,2,9,0.50,NULL,NULL,NULL,1578472115,1,25,0,0,'',1),(354,306,2,1,0.50,NULL,NULL,NULL,1578472418,1,25,0,0,'',1),(355,307,2,1,0.50,NULL,NULL,NULL,1578473021,1,25,0,0,'',1),(356,308,9,1,0.10,NULL,NULL,NULL,1578475961,1,25,0,0,'',1),(357,309,2,1,0.50,NULL,NULL,NULL,1578478692,1,25,0,0,'',1),(358,310,2,1,0.50,NULL,NULL,NULL,1578486855,1,25,0,0,'',1),(359,311,2,1,0.50,NULL,NULL,NULL,1578487071,1,25,0,0,'',1),(360,312,2,1,0.50,NULL,NULL,NULL,1578487441,1,25,0,0,'',1),(361,313,10,1,0.01,NULL,NULL,NULL,1578487516,1,26,0,0,'',1),(362,314,12,1,0.01,NULL,NULL,NULL,1578488424,1,29,0,0,'',1),(363,315,11,1,0.01,NULL,NULL,NULL,1578488474,1,27,0,0,'',1),(364,316,11,1,0.01,NULL,NULL,NULL,1578488576,1,27,0,0,'',1),(365,317,10,1,0.01,NULL,NULL,NULL,1578488624,1,26,0,0,'',1),(366,318,2,1,0.50,NULL,NULL,NULL,1578491220,1,25,0,0,'',1),(367,319,2,2,0.50,NULL,NULL,NULL,1578535237,1,25,0,0,'',1),(368,320,3,1,0.01,NULL,NULL,NULL,1578540978,1,26,0,0,'',1),(369,321,8,2,0.07,NULL,NULL,NULL,1578552278,1,25,0,0,'',1),(370,322,9,1,0.10,NULL,NULL,NULL,1578556179,1,25,0,0,'',1),(371,323,11,1,0.01,NULL,NULL,NULL,1578558705,1,27,0,0,'',1),(372,324,8,1,0.07,NULL,NULL,NULL,1578581842,1,25,0,0,'',1),(373,325,2,1,0.50,NULL,NULL,NULL,1578592729,1,25,0,0,'',1),(374,326,10,1,0.01,NULL,NULL,NULL,1578624772,1,26,0,0,'',1),(375,327,3,1,0.01,NULL,NULL,NULL,1578642190,1,26,0,0,'',1),(376,328,11,1,0.01,NULL,NULL,NULL,1578642463,1,27,0,0,'',1),(377,329,11,1,0.01,NULL,NULL,NULL,1578644731,1,27,0,0,'',1),(378,330,8,1,0.07,NULL,NULL,NULL,1578668325,1,25,0,0,'',1),(379,331,7,1,0.06,NULL,NULL,NULL,1578671430,1,25,0,0,'',1),(380,332,3,1,0.01,NULL,NULL,NULL,1578672525,1,26,0,0,'',1),(381,333,7,4,0.06,NULL,NULL,NULL,1578965998,1,25,0,0,'',1),(382,333,10,1,0.01,NULL,NULL,NULL,1578965998,1,26,0,0,'',1),(383,333,13,1,0.01,NULL,NULL,NULL,1578965998,1,28,0,0,'',1),(384,333,2,1,0.50,NULL,NULL,NULL,1578965998,1,25,0,0,'',1),(385,333,6,1,0.01,NULL,NULL,NULL,1578965998,1,29,0,0,'',1),(386,334,6,1,0.01,NULL,NULL,NULL,1578998808,1,29,0,0,'',1),(387,335,2,1,0.50,NULL,NULL,NULL,1578999514,1,25,0,0,'',1),(388,336,3,1,0.01,NULL,NULL,NULL,1579001363,1,26,0,0,'',1),(389,337,3,1,0.01,NULL,NULL,NULL,1579068165,1,26,0,0,'',1),(390,338,2,2,0.50,NULL,NULL,NULL,1579081424,1,25,0,3,'',1),(391,339,2,5,0.50,NULL,NULL,NULL,1579223570,1,25,0,3,'',1),(392,339,3,1,0.01,NULL,NULL,NULL,1579223570,1,26,0,3,'',1),(393,340,2,3,0.50,NULL,NULL,NULL,1579250535,1,25,0,3,'',1),(394,340,9,2,0.10,NULL,NULL,NULL,1579250535,1,25,0,3,'',1),(395,341,8,2,0.07,NULL,NULL,NULL,1579251852,1,25,0,3,'',1),(396,341,6,1,0.01,NULL,NULL,NULL,1579251852,1,29,0,3,'',1),(397,342,2,1,0.50,NULL,NULL,NULL,1579252931,1,25,0,3,'',1),(398,343,2,1,0.50,NULL,NULL,NULL,1579252987,1,25,0,3,'',1),(399,344,3,1,0.01,NULL,NULL,NULL,1579253832,1,26,0,3,'',1),(400,345,2,1,0.50,NULL,NULL,NULL,1579256730,1,25,0,3,'',1),(401,346,10,2,0.01,NULL,NULL,NULL,1579262209,1,26,0,3,'',1),(402,347,8,5,0.07,NULL,NULL,NULL,1579267148,1,25,0,3,'',1),(403,347,2,1,0.50,NULL,NULL,NULL,1579267148,1,25,0,3,'',1),(404,348,41,1,0.50,4,'{\"data\":\"\\u53ef\\u4ee5\",\"image\":[]}',1623611946,1623579740,0,41,0,4,NULL,1),(405,349,73,1,0.10,NULL,NULL,NULL,1623585894,1,25,0,30,NULL,1),(406,350,71,1,0.10,NULL,NULL,NULL,1623589811,1,25,0,4,NULL,1),(407,351,74,1,0.10,NULL,NULL,NULL,1623589947,1,25,0,4,NULL,1),(408,352,72,1,0.10,NULL,NULL,NULL,1623601977,1,25,0,4,NULL,1),(411,355,70,1,0.10,NULL,NULL,NULL,1623602245,1,25,0,4,NULL,1),(412,356,70,1,0.10,NULL,NULL,NULL,1623613169,1,25,0,4,NULL,1),(413,357,76,1,0.50,NULL,NULL,NULL,1623764598,1,40,0,4,NULL,1),(414,358,76,1,0.50,NULL,NULL,NULL,1623917858,1,40,0,4,NULL,1),(415,358,27,1,30.00,NULL,NULL,NULL,1623917858,0,27,0,4,NULL,1),(416,358,30,1,30.00,NULL,NULL,NULL,1623917858,0,30,0,4,NULL,1),(417,359,70,2,0.10,NULL,NULL,NULL,1624454010,1,25,0,4,NULL,1),(418,359,74,1,0.10,NULL,NULL,NULL,1624454010,1,25,0,4,NULL,1),(419,360,70,1,0.10,NULL,NULL,NULL,1624545736,1,25,0,4,NULL,1),(420,361,70,1,0.10,NULL,NULL,NULL,1625102543,1,25,0,4,NULL,1),(421,362,83,4,0.50,NULL,NULL,NULL,1625103058,1,26,0,4,NULL,1),(422,363,84,1,0.50,NULL,NULL,NULL,1625116221,1,32,0,4,NULL,1),(423,364,75,1,0.10,NULL,NULL,NULL,1625131491,1,25,0,4,NULL,1),(424,364,71,1,0.10,NULL,NULL,NULL,1625131491,1,25,0,4,NULL,1),(425,364,27,6,30.00,NULL,NULL,NULL,1625131491,0,27,0,4,NULL,1),(426,364,30,5,30.00,NULL,NULL,NULL,1625131491,0,30,0,4,NULL,1),(427,365,70,1,0.10,NULL,NULL,NULL,1625152112,1,25,0,4,NULL,1),(428,366,70,1,0.10,NULL,NULL,NULL,1625152149,1,25,0,4,NULL,1),(429,367,70,3,0.10,NULL,NULL,NULL,1625195645,1,25,0,4,NULL,1),(430,368,70,1,0.10,NULL,NULL,NULL,1625195680,1,25,0,4,NULL,1),(431,369,70,1,0.10,NULL,NULL,NULL,1625198827,1,25,0,4,NULL,1),(432,370,70,1,0.10,NULL,NULL,NULL,1625207698,1,25,0,4,NULL,1),(433,371,76,5,0.50,NULL,NULL,NULL,1625469880,1,40,0,4,NULL,1),(434,371,30,3,30.00,NULL,NULL,NULL,1625469880,0,30,0,4,NULL,1),(435,372,82,1,0.50,NULL,NULL,NULL,1625840718,1,26,0,4,NULL,1),(436,373,71,1,0.10,NULL,NULL,NULL,1625854475,1,25,0,4,NULL,1),(437,373,83,2,0.50,NULL,NULL,NULL,1625854475,1,26,0,4,NULL,1),(438,373,70,1,0.10,NULL,NULL,NULL,1625854475,1,25,0,4,NULL,1),(439,374,82,1,0.50,NULL,NULL,NULL,1625882121,1,26,0,4,NULL,1),(440,375,71,1,0.10,NULL,NULL,NULL,1625882209,1,25,0,4,NULL,1),(441,376,84,1,0.50,NULL,NULL,NULL,1625894682,1,32,0,4,NULL,1),(442,377,28,1,30.00,NULL,NULL,NULL,1625895205,0,28,0,4,NULL,1),(443,378,38,8,90.00,NULL,NULL,NULL,1626095962,0,38,0,4,NULL,1),(444,379,82,1,0.50,NULL,NULL,NULL,1626241963,1,26,0,4,NULL,1),(445,379,27,1,30.00,NULL,NULL,NULL,1626241963,0,27,0,4,NULL,1),(446,379,38,2,90.00,NULL,NULL,NULL,1626241963,0,38,0,4,NULL,1),(447,380,29,1,30.00,NULL,NULL,NULL,1626263121,0,29,0,4,NULL,1),(448,381,29,1,30.00,NULL,NULL,NULL,1626596210,0,29,0,4,NULL,1),(449,382,70,13,0.10,NULL,NULL,NULL,1626703813,1,25,0,4,NULL,1),(450,382,76,3,0.50,NULL,NULL,NULL,1626703813,1,40,0,4,NULL,1),(451,383,75,1,0.10,NULL,NULL,NULL,1626704056,1,25,0,4,NULL,1),(452,383,70,1,0.10,NULL,NULL,NULL,1626704056,1,25,0,4,NULL,1),(453,384,70,1,0.10,NULL,NULL,NULL,1626858044,1,25,0,4,NULL,1),(454,384,38,1,90.00,NULL,NULL,NULL,1626858044,0,38,0,4,NULL,1),(455,384,29,1,30.00,NULL,NULL,NULL,1626858044,0,29,0,4,NULL,1),(456,385,70,1,0.10,NULL,NULL,NULL,1626898196,1,25,0,4,NULL,1),(457,385,85,2,0.50,NULL,NULL,NULL,1626898196,1,32,0,4,NULL,1),(458,386,70,25,0.10,NULL,NULL,NULL,1627092963,1,25,0,4,NULL,1),(459,386,72,40,0.10,NULL,NULL,NULL,1627092963,1,25,0,4,NULL,1),(460,387,27,16,30.00,NULL,NULL,NULL,1627093022,0,27,0,4,NULL,1),(461,387,71,80,0.10,NULL,NULL,NULL,1627093022,1,25,0,4,NULL,1),(462,388,84,1,0.50,NULL,NULL,NULL,1627093469,1,32,0,4,NULL,1),(463,388,76,9,0.50,NULL,NULL,NULL,1627093469,1,40,0,4,NULL,1),(464,389,30,10,30.00,NULL,NULL,NULL,1627093488,0,30,0,4,NULL,1),(465,390,38,11,90.00,NULL,NULL,NULL,1627093674,0,38,0,4,NULL,1),(466,391,76,3,0.50,NULL,NULL,NULL,1627093737,1,40,0,4,NULL,1),(467,392,82,5,0.50,NULL,NULL,NULL,1627093777,1,26,0,4,NULL,1),(468,393,27,5,30.00,NULL,NULL,NULL,1627093868,0,27,0,4,NULL,1),(469,394,84,3,0.50,NULL,NULL,NULL,1627093958,1,32,0,4,NULL,1),(470,395,38,5,90.00,NULL,NULL,NULL,1627093986,0,38,0,4,NULL,1),(471,396,29,4,30.00,NULL,NULL,NULL,1627094141,0,29,0,4,NULL,1),(472,397,38,5,90.00,NULL,NULL,NULL,1627094193,0,38,0,4,NULL,1),(473,398,27,6,30.00,NULL,NULL,NULL,1627094299,0,27,0,4,NULL,1),(474,399,30,5,30.00,NULL,NULL,NULL,1627094487,0,30,0,4,NULL,1),(475,400,84,4,0.50,NULL,NULL,NULL,1627094513,1,32,0,4,NULL,1),(476,401,27,1,30.00,NULL,NULL,NULL,1627094605,0,27,0,4,NULL,1),(477,402,30,4,30.00,NULL,NULL,NULL,1627094716,0,30,0,4,NULL,1),(478,403,38,4,90.00,NULL,NULL,NULL,1627094901,0,38,0,4,NULL,1),(479,404,70,1,0.10,NULL,NULL,NULL,1627096260,1,25,0,4,NULL,1),(480,405,29,1,30.00,NULL,NULL,NULL,1627097749,0,29,0,4,NULL,1),(481,405,72,1,0.10,NULL,NULL,NULL,1627097749,1,25,0,4,NULL,1),(482,406,30,11,30.00,NULL,NULL,NULL,1627097758,0,30,0,4,NULL,1),(483,406,82,2,0.50,NULL,NULL,NULL,1627097758,1,26,0,4,NULL,1),(484,407,84,4,0.50,NULL,NULL,NULL,1627097789,1,32,0,4,NULL,1),(485,408,76,16,0.50,NULL,NULL,NULL,1627097846,1,40,0,4,NULL,1),(486,409,38,1,90.00,NULL,NULL,NULL,1627097961,0,38,0,4,NULL,1),(487,410,76,1,0.50,NULL,NULL,NULL,1627098066,1,40,0,4,NULL,1),(488,411,29,1,30.00,NULL,NULL,NULL,1627098121,0,29,0,4,NULL,1),(489,412,38,1,90.00,NULL,NULL,NULL,1627098166,0,38,0,4,NULL,1),(490,413,76,1,0.50,NULL,NULL,NULL,1627098243,1,40,0,4,NULL,1),(491,414,84,2,0.50,NULL,NULL,NULL,1627098321,1,32,0,4,NULL,1),(492,415,76,1,0.50,NULL,NULL,NULL,1627108938,1,40,0,4,NULL,1),(493,416,76,1,0.50,NULL,NULL,NULL,1627108960,1,40,0,4,NULL,1),(494,417,82,1,0.50,NULL,NULL,NULL,1627109762,1,26,0,4,NULL,1),(495,418,82,1,0.50,NULL,NULL,NULL,1627110561,1,26,0,4,NULL,1),(496,419,27,1,30.00,NULL,NULL,NULL,1627110796,0,27,0,4,NULL,1),(497,420,28,1,30.00,NULL,NULL,NULL,1627111229,0,28,0,4,NULL,1),(498,421,70,1,0.10,NULL,NULL,NULL,1627111447,1,25,0,4,NULL,1),(499,422,70,1,0.10,NULL,NULL,NULL,1627111563,1,25,0,4,NULL,1),(500,423,28,1,30.00,NULL,NULL,NULL,1627111716,0,28,0,4,NULL,1),(501,424,82,1,0.50,NULL,NULL,NULL,1627120464,1,26,0,4,NULL,1),(502,425,76,1,0.50,NULL,NULL,NULL,1627120547,1,40,0,4,NULL,1),(503,426,76,1,0.50,NULL,NULL,NULL,1627120623,1,40,0,4,NULL,1),(504,427,76,1,0.50,NULL,NULL,NULL,1627120807,1,40,0,4,NULL,1),(505,428,76,1,0.50,NULL,NULL,NULL,1627121157,1,40,0,4,NULL,1),(506,429,70,1,0.10,NULL,NULL,NULL,1627121245,1,25,0,4,NULL,1),(507,430,76,1,0.50,NULL,NULL,NULL,1627121339,1,40,0,4,NULL,1),(508,431,70,1,0.10,NULL,NULL,NULL,1627121490,1,25,0,4,NULL,1),(509,432,70,1,0.10,NULL,NULL,NULL,1627121711,1,25,0,4,NULL,1),(510,433,29,1,30.00,NULL,NULL,NULL,1627127041,0,29,0,4,NULL,1),(511,434,82,1,0.50,NULL,NULL,NULL,1627127068,1,26,0,4,NULL,1),(512,435,27,2,30.00,NULL,NULL,NULL,1627127416,0,27,0,4,NULL,1),(513,436,27,1,30.00,NULL,NULL,NULL,1627127450,0,27,0,4,NULL,1),(514,437,30,2,30.00,NULL,NULL,NULL,1627292165,0,30,0,4,NULL,1),(515,437,76,2,0.50,NULL,NULL,NULL,1627292165,1,40,0,4,NULL,1),(516,437,28,1,30.00,NULL,NULL,NULL,1627292165,0,28,0,4,NULL,1),(517,437,82,1,0.50,NULL,NULL,NULL,1627292165,1,26,0,4,NULL,1),(518,437,71,1,0.10,NULL,NULL,NULL,1627292165,1,25,0,4,NULL,1),(519,437,75,1,0.10,NULL,NULL,NULL,1627292165,1,25,0,4,NULL,1),(520,437,70,2,0.10,NULL,NULL,NULL,1627292165,1,25,0,4,NULL,1),(521,437,84,1,0.50,NULL,NULL,NULL,1627292165,1,32,0,4,NULL,1),(522,438,28,1,30.00,NULL,NULL,NULL,1627321071,0,28,0,4,NULL,1),(523,439,29,6,30.00,NULL,NULL,NULL,1627400600,0,29,0,4,NULL,1),(524,440,28,1,30.00,NULL,NULL,NULL,1627457287,0,28,0,4,NULL,1),(525,440,76,1,0.50,NULL,NULL,NULL,1627457287,1,40,0,4,NULL,1),(526,440,84,1,0.50,NULL,NULL,NULL,1627457287,1,32,0,4,NULL,1),(527,440,70,1,0.10,NULL,NULL,NULL,1627457287,1,25,0,4,NULL,1),(528,441,70,1,0.10,NULL,NULL,NULL,1627467502,1,25,0,4,NULL,1),(529,442,70,1,0.10,NULL,NULL,NULL,1627665446,1,25,0,4,NULL,1),(530,443,77,2,0.50,NULL,NULL,NULL,1627805658,1,40,0,4,NULL,1),(531,443,38,1,90.00,NULL,NULL,NULL,1627805658,0,38,0,4,NULL,1),(532,444,29,3,30.00,NULL,NULL,NULL,1627836613,0,29,0,4,NULL,1),(533,445,70,4,0.10,NULL,NULL,NULL,1628676442,1,25,0,4,NULL,1),(534,445,84,1,0.50,NULL,NULL,NULL,1628676442,1,32,0,4,NULL,1),(535,445,29,1,30.00,NULL,NULL,NULL,1628676442,0,29,0,4,NULL,1),(536,445,85,2,0.50,NULL,NULL,NULL,1628676442,1,32,0,4,NULL,1),(537,446,76,1,0.50,NULL,NULL,NULL,1628839596,1,40,0,4,NULL,1),(538,447,74,1,0.10,NULL,NULL,NULL,1629281673,1,25,0,4,NULL,1),(539,448,70,1,0.10,NULL,NULL,NULL,1629732104,1,25,0,35,NULL,1),(540,449,84,4,0.50,NULL,NULL,NULL,1629976660,1,32,0,4,NULL,1),(541,449,28,4,30.00,NULL,NULL,NULL,1629976660,0,28,0,4,NULL,1),(542,449,38,1,90.00,NULL,NULL,NULL,1629976660,0,38,0,4,NULL,1),(543,449,76,11,0.50,NULL,NULL,NULL,1629976660,1,40,0,4,NULL,1),(544,450,84,1,0.50,NULL,NULL,NULL,1629976852,1,32,0,4,NULL,1),(545,451,70,1,0.10,NULL,NULL,NULL,1629976901,1,25,0,4,NULL,1),(546,452,38,2,90.00,NULL,NULL,NULL,1629977006,0,38,0,4,NULL,1),(547,453,30,1,30.00,NULL,NULL,NULL,1629977359,0,30,0,4,NULL,1),(548,454,76,1,0.50,NULL,NULL,NULL,1629978342,1,40,0,4,NULL,1),(549,455,70,2,0.10,NULL,NULL,NULL,1629978415,1,25,0,4,NULL,1),(550,456,84,1,0.50,NULL,NULL,NULL,1630041048,1,32,0,4,NULL,1),(551,457,82,2,0.50,NULL,NULL,NULL,1630042192,1,26,0,4,NULL,1),(552,458,70,1,0.10,NULL,NULL,NULL,1630042964,1,25,0,4,NULL,1),(553,459,70,1,0.10,NULL,NULL,NULL,1630043612,1,25,0,4,NULL,1),(554,460,70,1,0.10,NULL,NULL,NULL,1630044233,1,25,0,4,NULL,1),(555,461,74,1,0.10,NULL,NULL,NULL,1630048967,1,25,0,4,NULL,1),(556,462,70,1,0.10,NULL,NULL,NULL,1630051291,1,25,0,4,NULL,1),(557,463,83,1,0.50,NULL,NULL,NULL,1630128691,1,26,0,4,NULL,1),(558,464,38,3,90.00,NULL,NULL,NULL,1630143018,0,38,0,4,NULL,1),(559,465,70,1,0.10,NULL,NULL,NULL,1630143164,1,25,0,4,NULL,1),(560,466,76,1,0.50,NULL,NULL,NULL,1630152675,1,40,0,4,NULL,1),(561,467,76,1,0.50,NULL,NULL,NULL,1630153514,1,40,0,4,NULL,1),(562,468,76,1,0.50,NULL,NULL,NULL,1630155614,1,40,0,4,NULL,1),(563,469,70,1,0.10,NULL,NULL,NULL,1630167473,1,25,0,4,NULL,1),(564,470,84,1,0.50,NULL,NULL,NULL,1630175705,1,32,0,4,NULL,1),(565,471,38,1,90.00,NULL,NULL,NULL,1630177554,0,38,0,4,NULL,1),(566,472,84,1,0.50,NULL,NULL,NULL,1630178296,1,32,0,4,NULL,1),(567,473,82,1,0.50,NULL,NULL,NULL,1630204105,1,26,0,4,NULL,1),(568,473,70,1,0.10,NULL,NULL,NULL,1630204105,1,25,0,4,NULL,1),(569,474,70,1,0.10,NULL,NULL,NULL,1630211886,1,25,0,4,NULL,1),(570,475,70,1,0.10,NULL,NULL,NULL,1630213743,1,25,0,4,NULL,1),(571,476,70,1,0.10,NULL,NULL,NULL,1630221317,1,25,0,4,NULL,1),(572,477,70,1,0.10,NULL,NULL,NULL,1630225553,1,25,0,4,NULL,1),(573,478,30,1,30.00,NULL,NULL,NULL,1630234002,0,30,0,4,NULL,1),(574,479,28,1,30.00,NULL,NULL,NULL,1630239447,0,28,0,4,NULL,1),(575,480,77,1,0.50,NULL,NULL,NULL,1630294222,1,40,0,4,NULL,1),(576,481,74,1,0.10,NULL,NULL,NULL,1630294695,1,25,0,4,NULL,1),(577,482,76,1,0.50,NULL,NULL,NULL,1630298781,1,40,0,4,NULL,1),(578,482,75,1,0.10,NULL,NULL,NULL,1630298781,1,25,0,4,NULL,1),(579,483,70,1,0.10,NULL,NULL,NULL,1630304802,1,25,0,4,NULL,1),(580,483,76,1,0.50,NULL,NULL,NULL,1630304802,1,40,0,4,NULL,1),(581,483,73,1,0.10,NULL,NULL,NULL,1630304802,1,25,0,4,NULL,1),(582,484,74,3,0.10,NULL,NULL,NULL,1630570330,1,25,0,4,NULL,1),(583,485,70,1,0.10,NULL,NULL,NULL,1630659936,1,25,0,36,NULL,1),(584,485,74,1,0.10,NULL,NULL,NULL,1630659936,1,25,0,36,NULL,1),(585,486,74,1,0.10,NULL,NULL,NULL,1630918010,1,25,0,4,NULL,1),(586,487,75,2,0.10,NULL,NULL,NULL,1630992177,1,25,0,4,NULL,1),(587,487,83,1,0.50,NULL,NULL,NULL,1630992177,1,26,0,4,NULL,1),(588,488,70,1,0.10,NULL,NULL,NULL,1631115172,1,25,0,36,NULL,1),(589,489,70,1,0.10,NULL,NULL,NULL,1631120706,1,25,0,36,NULL,1),(590,490,74,1,0.10,NULL,NULL,NULL,1631155044,1,25,0,4,NULL,1),(591,490,84,1,0.50,NULL,NULL,NULL,1631155044,1,32,0,4,NULL,1),(592,490,28,2,30.00,NULL,NULL,NULL,1631155044,0,28,0,4,NULL,1),(593,490,76,3,0.50,NULL,NULL,NULL,1631155044,1,40,0,4,NULL,1),(594,490,70,2,0.10,NULL,NULL,NULL,1631155044,1,25,0,4,NULL,1),(595,491,38,1,90.00,NULL,NULL,NULL,1631266636,0,38,0,36,NULL,1),(596,492,70,1,0.10,NULL,NULL,NULL,1631267263,1,25,0,36,NULL,1),(597,492,82,1,0.50,NULL,NULL,NULL,1631267263,1,26,0,36,NULL,1),(598,492,28,1,30.00,NULL,NULL,NULL,1631267263,0,28,0,36,NULL,1),(599,493,70,1,0.10,NULL,NULL,NULL,1631283769,1,25,0,36,NULL,1),(600,494,38,1,90.00,NULL,NULL,NULL,1631287815,0,38,0,36,NULL,1),(601,495,38,1,90.00,NULL,NULL,NULL,1631293176,0,38,0,36,NULL,1),(602,496,70,1,0.10,NULL,NULL,NULL,1631511981,1,25,0,36,NULL,1),(603,497,70,1,0.10,NULL,NULL,NULL,1631720282,1,25,0,4,NULL,1),(604,497,84,2,0.50,NULL,NULL,NULL,1631720282,1,32,0,4,NULL,1),(605,498,76,1,0.50,NULL,NULL,NULL,1631730482,1,40,0,4,NULL,1),(606,499,85,4,0.50,NULL,NULL,NULL,1631777744,1,32,0,4,NULL,1),(607,500,74,1,0.10,NULL,NULL,NULL,1631864888,1,25,0,4,NULL,1),(608,501,84,1,0.50,NULL,NULL,NULL,1632293709,1,32,0,4,NULL,1),(609,502,70,2,0.10,NULL,NULL,NULL,1632295110,1,25,0,4,NULL,1),(610,502,30,1,30.00,NULL,NULL,NULL,1632295110,0,30,0,4,NULL,1),(611,503,70,1,0.10,NULL,NULL,NULL,1632295996,1,25,0,4,NULL,1),(612,504,70,1,0.10,NULL,NULL,NULL,1632358554,1,25,0,4,NULL,1),(613,505,70,1,0.10,NULL,NULL,NULL,1632452647,1,25,0,37,NULL,1),(614,506,70,1,0.10,NULL,NULL,NULL,1632452790,1,25,0,37,NULL,1),(615,507,70,1,0.10,NULL,NULL,NULL,1632452840,1,25,0,37,NULL,1),(616,508,82,1,0.50,NULL,NULL,NULL,1632452869,1,26,0,37,NULL,1),(617,509,29,1,30.00,NULL,NULL,NULL,1632452917,0,29,0,37,NULL,1),(618,510,70,1,0.10,NULL,NULL,NULL,1632456836,1,25,0,37,NULL,1),(619,511,70,1,0.10,NULL,NULL,NULL,1632457021,1,25,0,37,NULL,1),(620,512,70,1,0.10,NULL,NULL,NULL,1632460624,1,25,0,37,NULL,1),(621,513,70,1,0.10,NULL,NULL,NULL,1632461211,1,25,0,37,NULL,1),(622,514,70,1,0.10,NULL,NULL,NULL,1632470244,1,25,0,37,NULL,1),(623,515,70,1,0.10,NULL,NULL,NULL,1632470756,1,25,0,37,NULL,1),(624,516,70,1,0.10,NULL,NULL,NULL,1632470852,1,25,0,37,NULL,1),(625,517,84,1,0.50,NULL,NULL,NULL,1632473266,1,32,0,4,NULL,1),(626,518,70,1,0.10,NULL,NULL,NULL,1632473718,1,25,0,4,NULL,1),(627,519,70,1,0.10,NULL,NULL,NULL,1632473784,1,25,0,4,NULL,1),(628,520,70,1,0.10,NULL,NULL,NULL,1632473920,1,25,0,4,NULL,1),(629,521,70,1,0.10,NULL,NULL,NULL,1632474175,1,25,0,4,NULL,1),(630,522,70,1,0.10,NULL,NULL,NULL,1632474389,1,25,0,4,NULL,1),(631,523,70,1,0.10,NULL,NULL,NULL,1632475219,1,25,0,4,NULL,1),(632,524,70,1,0.10,NULL,NULL,NULL,1632475353,1,25,0,4,NULL,1),(633,525,70,1,0.10,NULL,NULL,NULL,1632477182,1,25,0,4,NULL,1),(634,526,70,1,0.10,NULL,NULL,NULL,1632497970,1,25,0,4,NULL,1),(635,527,70,1,0.10,NULL,NULL,NULL,1632538288,1,25,0,4,NULL,1),(636,528,70,1,0.10,NULL,NULL,NULL,1632538509,1,25,0,4,NULL,1),(637,529,70,1,0.10,NULL,NULL,NULL,1632546549,1,25,0,4,NULL,1),(638,530,70,1,0.10,NULL,NULL,NULL,1632547511,1,25,0,4,NULL,1),(639,531,72,1,0.10,NULL,NULL,NULL,1632648349,1,25,0,4,NULL,1),(640,532,82,2,0.50,NULL,NULL,NULL,1632731673,1,26,0,4,NULL,1),(641,533,74,1,0.10,NULL,NULL,NULL,1632731780,1,25,0,4,NULL,1),(642,534,84,1,0.50,NULL,NULL,NULL,1632734368,1,32,0,4,NULL,1),(643,535,73,2,0.10,NULL,NULL,NULL,1632955536,1,25,0,4,NULL,1),(644,536,71,1,0.10,NULL,NULL,NULL,1633365872,1,25,0,4,NULL,1),(645,537,70,3,0.10,NULL,NULL,NULL,1633955036,1,25,0,4,NULL,1),(646,537,30,1,30.00,NULL,NULL,NULL,1633955036,0,30,0,4,NULL,1),(647,537,27,1,30.00,NULL,NULL,NULL,1633955036,0,27,0,4,NULL,1),(648,537,77,1,0.50,NULL,NULL,NULL,1633955036,1,40,0,4,NULL,1),(649,537,73,1,0.10,NULL,NULL,NULL,1633955036,1,25,0,4,NULL,1),(650,537,83,2,0.50,NULL,NULL,NULL,1633955036,1,26,0,4,NULL,1),(651,537,38,1,90.00,NULL,NULL,NULL,1633955036,0,38,0,4,NULL,1),(652,538,70,1,0.10,NULL,NULL,NULL,1633955116,1,25,0,4,NULL,1),(653,539,84,22,0.50,NULL,NULL,NULL,1634222881,1,32,0,4,NULL,1),(654,540,76,2,0.50,NULL,NULL,NULL,1634223769,1,40,0,4,NULL,1),(655,541,70,1,0.10,NULL,NULL,NULL,1634224399,1,25,0,4,NULL,1),(656,542,82,1,0.50,NULL,NULL,NULL,1634224520,1,26,0,4,NULL,1),(657,543,28,1,30.00,NULL,NULL,NULL,1634224586,0,28,0,4,NULL,1),(658,544,28,2,30.00,NULL,NULL,NULL,1634227029,0,28,0,4,NULL,1),(659,545,70,1,0.10,NULL,NULL,NULL,1634291322,1,25,0,4,NULL,1),(660,546,82,2,0.50,NULL,NULL,NULL,1634291501,1,26,0,4,NULL,1),(661,547,38,1,90.00,NULL,NULL,NULL,1634291572,0,38,0,4,NULL,1),(662,548,70,1,0.10,NULL,NULL,NULL,1634291876,1,25,0,4,NULL,1),(663,549,70,1,0.10,NULL,NULL,NULL,1634306111,1,25,0,4,NULL,1),(664,550,84,1,0.50,NULL,NULL,NULL,1634306278,1,32,0,4,NULL,1),(665,551,30,1,30.00,NULL,NULL,NULL,1634306758,0,30,0,4,NULL,1),(666,552,84,1,0.50,NULL,NULL,NULL,1634306855,1,32,0,4,NULL,1),(667,553,70,1,0.10,NULL,NULL,NULL,1634307190,1,25,0,4,NULL,1),(668,554,75,6,0.10,NULL,NULL,NULL,1634315858,1,25,0,39,NULL,1),(669,554,71,8,0.10,NULL,NULL,NULL,1634315858,1,25,0,39,NULL,1),(670,555,82,1,0.50,NULL,NULL,NULL,1634350655,1,26,0,4,NULL,1),(671,556,70,1,0.10,NULL,NULL,NULL,1634350779,1,25,0,4,NULL,1),(672,557,38,1,90.00,NULL,NULL,NULL,1634356997,0,38,0,4,NULL,1),(673,558,71,1,0.10,NULL,NULL,NULL,1634367152,1,25,0,4,NULL,1),(674,558,83,1,0.50,NULL,NULL,NULL,1634367152,1,26,0,4,NULL,1),(675,559,27,1,30.00,NULL,NULL,NULL,1634549381,0,27,0,4,NULL,1),(676,560,28,1,30.00,NULL,NULL,NULL,1634562014,0,28,0,4,NULL,1),(677,561,29,1,30.00,NULL,NULL,NULL,1634562078,0,29,0,4,NULL,1),(678,562,70,1,0.10,NULL,NULL,NULL,1634563268,1,25,0,4,NULL,1),(679,563,76,1,0.50,NULL,NULL,NULL,1634565541,1,40,0,4,NULL,1),(680,563,82,1,0.50,NULL,NULL,NULL,1634565541,1,26,0,4,NULL,1),(681,563,84,1,0.50,NULL,NULL,NULL,1634565541,1,32,0,4,NULL,1),(682,563,30,1,30.00,NULL,NULL,NULL,1634565541,0,30,0,4,NULL,1),(683,564,29,1,30.00,NULL,NULL,NULL,1634570768,0,29,0,4,NULL,1),(684,565,30,1,30.00,NULL,NULL,NULL,1634609708,0,30,0,4,NULL,1),(685,566,28,1,30.00,NULL,NULL,NULL,1634988094,0,28,0,4,NULL,1),(686,567,30,2,30.00,NULL,NULL,NULL,1635170216,0,30,0,4,NULL,1),(687,568,75,5,0.10,NULL,NULL,NULL,1635510416,1,25,0,4,NULL,1),(688,568,30,1,30.00,NULL,NULL,NULL,1635510416,0,30,0,4,NULL,1),(689,568,82,1,0.50,NULL,NULL,NULL,1635510416,1,26,0,4,NULL,1),(690,568,28,1,30.00,NULL,NULL,NULL,1635510416,0,28,0,4,NULL,1),(691,568,27,1,30.00,NULL,NULL,NULL,1635510416,0,27,0,4,NULL,1),(692,568,83,3,0.50,NULL,NULL,NULL,1635510416,1,26,0,4,NULL,1),(693,568,29,3,30.00,NULL,NULL,NULL,1635510416,0,29,0,4,NULL,1),(694,568,70,1,0.10,NULL,NULL,NULL,1635510416,1,25,0,4,NULL,1),(695,569,70,1,0.10,NULL,NULL,NULL,1635510501,1,25,0,4,NULL,1),(696,570,70,1,0.10,NULL,NULL,NULL,1635510743,1,25,0,4,NULL,1),(697,571,82,1,0.50,NULL,NULL,NULL,1635565849,1,26,0,4,NULL,1),(698,572,73,1,0.10,NULL,NULL,NULL,1635576782,1,25,0,4,NULL,1),(699,573,70,1,0.10,NULL,NULL,NULL,1635577111,1,25,0,4,NULL,1),(700,574,76,1,0.50,NULL,NULL,NULL,1635597329,1,40,0,4,NULL,1),(701,575,70,1,0.10,NULL,NULL,NULL,1635598106,1,25,0,4,NULL,1),(702,576,82,1,0.50,NULL,NULL,NULL,1635598579,1,26,0,4,NULL,1),(703,577,70,1,0.10,NULL,NULL,NULL,1635745798,1,25,0,4,NULL,1),(704,578,83,2,0.50,NULL,NULL,NULL,1635745871,1,26,0,4,NULL,1),(705,579,70,1,0.10,NULL,NULL,NULL,1635749578,1,25,0,4,NULL,1),(706,580,82,6,0.50,NULL,NULL,NULL,1635814552,1,26,0,4,NULL,1),(707,580,71,1,0.10,NULL,NULL,NULL,1635814552,1,25,0,4,NULL,1),(708,580,75,3,0.10,NULL,NULL,NULL,1635814552,1,25,0,4,NULL,1),(709,581,38,1,90.00,NULL,NULL,NULL,1635820707,0,38,0,4,NULL,1),(710,582,84,1,0.50,NULL,NULL,NULL,1635824285,1,32,0,4,NULL,1),(711,583,30,1,30.00,NULL,NULL,NULL,1636289901,0,30,0,4,NULL,1),(712,583,83,5,0.50,NULL,NULL,NULL,1636289901,1,26,0,4,NULL,1),(713,583,82,1,0.50,NULL,NULL,NULL,1636289901,1,26,0,4,NULL,1),(714,583,27,1,30.00,NULL,NULL,NULL,1636289901,0,27,0,4,NULL,1),(715,583,70,6,0.10,NULL,NULL,NULL,1636289901,1,25,0,4,NULL,1),(716,584,70,1,0.10,NULL,NULL,NULL,1636372701,1,25,0,4,NULL,1),(717,585,70,1,0.10,NULL,NULL,NULL,1636379893,1,25,0,4,NULL,1),(718,586,70,3,0.10,NULL,NULL,NULL,1636381858,1,25,0,4,NULL,1),(719,587,71,1,0.10,NULL,NULL,NULL,1636514556,1,25,0,4,NULL,1),(720,588,70,1,0.10,NULL,NULL,NULL,1636602053,1,25,0,4,NULL,1),(721,589,82,1,0.50,NULL,NULL,NULL,1636607175,1,26,0,4,NULL,1),(722,590,70,1,0.10,NULL,NULL,NULL,1636947138,1,25,0,4,NULL,1),(723,591,70,1,0.10,NULL,NULL,NULL,1637055798,1,25,0,4,NULL,1),(724,591,77,1,0.50,NULL,NULL,NULL,1637055798,1,40,0,4,NULL,1),(725,591,38,1,90.00,NULL,NULL,NULL,1637055798,0,38,0,4,NULL,1),(726,591,76,3,0.50,NULL,NULL,NULL,1637055798,1,40,0,4,NULL,1),(727,591,73,1,0.10,NULL,NULL,NULL,1637055798,1,25,0,4,NULL,1),(728,592,76,1,0.50,NULL,NULL,NULL,1637068152,1,40,0,4,NULL,1),(729,593,38,2,90.00,NULL,NULL,NULL,1637122653,0,38,0,4,NULL,1),(730,594,38,1,90.00,NULL,NULL,NULL,1637122736,0,38,0,4,NULL,1),(731,595,82,1,0.50,NULL,NULL,NULL,1637124684,1,26,0,4,NULL,1),(732,596,84,1,0.50,NULL,NULL,NULL,1637546174,1,32,0,4,NULL,1),(733,597,84,1,0.50,NULL,NULL,NULL,1637549301,1,32,0,4,NULL,1),(734,597,27,1,30.00,NULL,NULL,NULL,1637549301,0,27,0,4,NULL,1),(735,598,84,1,0.50,NULL,NULL,NULL,1637824992,1,32,0,4,NULL,1),(736,599,82,2,0.50,NULL,NULL,NULL,1637902897,1,26,0,4,NULL,1),(737,599,30,2,30.00,NULL,NULL,NULL,1637902897,0,30,0,4,NULL,1),(738,599,71,1,0.10,NULL,NULL,NULL,1637902897,1,25,0,4,NULL,1),(739,600,77,1,0.50,NULL,NULL,NULL,1638338954,1,40,0,4,NULL,1),(740,600,30,1,30.00,NULL,NULL,NULL,1638338954,0,30,0,4,NULL,1),(741,600,70,2,0.10,NULL,NULL,NULL,1638338954,1,25,0,4,NULL,1),(742,600,28,1,30.00,NULL,NULL,NULL,1638338954,0,28,0,4,NULL,1),(743,601,70,1,0.10,NULL,NULL,NULL,1638339052,1,25,0,4,NULL,1),(744,602,29,1,30.00,NULL,NULL,NULL,1638448047,0,29,0,4,NULL,1),(745,603,70,1,0.10,NULL,NULL,NULL,1638543447,1,25,0,4,NULL,1),(746,604,84,1,0.50,NULL,NULL,NULL,1638632679,1,32,0,4,NULL,1),(747,605,28,1,30.00,NULL,NULL,NULL,1638673577,0,28,0,4,NULL,1),(748,606,70,1,0.10,NULL,NULL,NULL,1638779494,1,25,0,4,NULL,1),(749,607,70,1,0.10,NULL,NULL,NULL,1638880744,1,25,0,4,NULL,1),(750,608,71,1,0.10,NULL,NULL,NULL,1639064591,1,25,0,4,NULL,1);
/*!40000 ALTER TABLE `order_item` ENABLE KEYS */;
UNLOCK TABLES;

--
-- Table structure for table `role`
--

DROP TABLE IF EXISTS `role`;
/*!40101 SET @saved_cs_client     = @@character_set_client */;
/*!40101 SET character_set_client = utf8 */;
CREATE TABLE `role` (
  `id` int(11) NOT NULL AUTO_INCREMENT,
  `status` tinyint(1) DEFAULT '1' COMMENT '状态：0禁用1启用',
  `create_time` int(11) DEFAULT NULL,
  `update_time` int(11) DEFAULT NULL,
  `name` varchar(20) DEFAULT NULL COMMENT '角色名称',
  `desc` varchar(255) DEFAULT NULL COMMENT '描述',
  PRIMARY KEY (`id`)
) ENGINE=InnoDB AUTO_INCREMENT=105 DEFAULT CHARSET=utf8;
/*!40101 SET character_set_client = @saved_cs_client */;

--
-- Dumping data for table `role`
--

LOCK TABLES `role` WRITE;
/*!40000 ALTER TABLE `role` DISABLE KEYS */;
INSERT INTO `role` VALUES (2,1,1565508879,1639856608,'超级管理员','最高权限'),(3,1,1572200383,1639856805,'运营','上架商品等权限'),(9,0,2020,1658547718,'测试','测试人员'),(19,1,1581858983,1658833247,'销售','销售'),(21,0,2020,1658832582,'技术','技术测试'),(31,0,1604824634,1659253282,'测试的故事','1231231'),(35,1,1606714843,1658912371,'普通管理员',''),(36,1,1617238178,1659024952,'后勤','首页与菜单'),(38,0,1639856871,1659254306,'测试','测试角111');
/*!40000 ALTER TABLE `role` ENABLE KEYS */;
UNLOCK TABLES;

--
-- Table structure for table `role_rule`
--

DROP TABLE IF EXISTS `role_rule`;
/*!40101 SET @saved_cs_client     = @@character_set_client */;
/*!40101 SET character_set_client = utf8 */;
CREATE TABLE `role_rule` (
  `id` int(11) NOT NULL AUTO_INCREMENT,
  `role_id` int(11) DEFAULT NULL COMMENT '角色id',
  `rule_id` int(11) DEFAULT NULL COMMENT '规则id',
  PRIMARY KEY (`id`)
) ENGINE=InnoDB AUTO_INCREMENT=3491 DEFAULT CHARSET=utf8;
/*!40101 SET character_set_client = @saved_cs_client */;

--
-- Dumping data for table `role_rule`
--

LOCK TABLES `role_rule` WRITE;
/*!40000 ALTER TABLE `role_rule` DISABLE KEYS */;
INSERT INTO `role_rule` VALUES (114,2,11),(127,19,11),(163,2,5),(164,2,10),(165,2,6),(166,2,13),(167,2,14),(168,2,15),(170,2,17),(171,2,7),(172,2,18),(175,2,8),(176,2,21),(177,2,22),(178,2,9),(179,2,23),(180,2,24),(181,2,25),(182,2,26),(183,2,27),(184,2,28),(185,2,29),(186,2,30),(187,2,31),(188,2,32),(189,2,33),(190,2,34),(191,2,35),(192,2,36),(193,2,37),(194,2,38),(195,3,5),(196,3,10),(197,3,11),(199,3,6),(200,3,13),(201,3,14),(202,3,15),(203,3,7),(204,3,18),(206,21,5),(207,21,10),(217,35,6),(222,35,13),(223,35,14),(224,35,15),(230,35,61),(233,36,11),(234,36,62),(235,36,63),(236,36,64),(237,36,65),(238,36,66),(239,36,67),(240,36,68),(241,36,69),(243,36,9),(244,36,23),(245,36,121),(246,36,123),(247,36,24),(256,36,25),(258,36,108),(259,36,109),(260,36,110),(261,36,111),(262,36,112),(263,36,26),(264,36,122),(265,36,124),(266,36,125),(317,2,94),(318,2,95),(319,2,96),(320,2,89),(321,2,90),(322,2,91),(323,2,92),(324,2,93),(325,2,97),(326,2,98),(327,2,99),(328,2,100),(329,2,101),(330,2,102),(331,2,103),(332,2,104),(333,2,105),(334,2,106),(335,2,173),(336,2,174),(337,2,175),(338,2,176),(339,2,61),(340,2,127),(341,2,128),(342,2,129),(343,2,131),(344,2,132),(345,2,133),(346,2,134),(347,2,135),(348,2,136),(349,2,137),(350,2,140),(351,2,141),(352,2,142),(353,2,143),(354,2,145),(355,2,147),(356,2,148),(357,2,71),(358,2,72),(359,2,73),(360,2,74),(361,2,75),(362,2,76),(363,2,162),(364,2,163),(365,2,164),(366,2,77),(367,2,78),(368,2,79),(369,2,80),(370,2,81),(371,2,157),(372,2,158),(373,2,159),(374,2,160),(375,2,161),(376,2,108),(377,2,109),(378,2,110),(379,2,111),(380,2,112),(381,2,121),(382,2,123),(383,2,122),(384,2,124),(385,2,125),(386,2,172),(387,2,62),(388,2,63),(389,2,64),(390,2,65),(391,2,66),(392,2,67),(393,2,68),(394,2,69),(395,2,149),(396,2,150),(397,2,151),(398,2,152),(399,2,153),(400,2,177),(401,2,178),(402,2,179),(403,2,181),(404,2,182),(405,2,183),(406,2,180),(407,19,62),(408,19,63),(409,19,64),(410,19,65),(411,19,66),(412,19,67),(413,19,68),(414,19,69),(415,19,97),(416,19,61),(417,19,13),(418,19,21),(419,19,6),(420,19,173),(421,19,172),(423,38,175),(425,38,5),(426,38,176),(456,38,10),(489,38,174),(705,36,8),(706,36,172),(758,9,172),(759,9,11),(760,9,62),(761,9,63),(762,9,64),(763,9,65),(764,9,66),(765,9,67),(766,9,68),(767,9,69),(768,9,149),(769,9,150),(770,9,151),(771,9,152),(772,9,153),(773,9,178),(774,9,177),(1354,35,127),(1355,35,128),(1356,35,129),(1357,35,131),(1358,35,132),(1359,35,133),(1360,35,134),(1361,35,135),(1362,35,136),(1363,35,137),(1364,35,140),(1365,35,141),(1366,35,142),(1367,35,143),(1368,35,145),(1369,35,147),(1370,35,148),(1371,35,71),(1372,35,72),(1373,35,73),(1374,35,74),(1375,35,75),(1376,35,76),(1377,35,162),(1378,35,163),(1379,35,164),(1380,35,77),(1381,35,78),(1382,35,79),(1383,35,80),(1384,35,81),(1385,35,157),(1386,35,158),(1387,35,159),(1388,35,160),(1389,35,161),(1390,35,181),(1627,21,174),(1628,21,175),(1629,21,176),(1717,78,NULL),(1718,78,NULL),(1743,36,30),(1919,21,102),(1920,21,103),(1921,21,22),(1922,21,173),(1923,31,5),(1924,31,10),(1925,31,174),(1926,31,175),(1927,31,176),(1934,31,13),(1935,31,61),(1936,31,127),(1937,31,128),(1938,31,129),(1939,31,131),(1940,31,132),(1941,31,133),(1942,31,134),(1943,31,135),(1944,31,136),(1945,31,137),(1946,31,140),(1947,31,141),(1948,31,142),(1949,31,143),(1950,31,145),(1951,31,147),(1952,31,148),(1953,31,14),(1954,31,71),(1955,31,72),(1956,31,73),(1957,31,74),(1958,31,75),(1959,31,76),(1960,31,162),(1961,31,163),(1962,31,164),(1963,31,15),(1964,31,77),(1965,31,78),(1966,31,79),(1967,31,80),(1968,31,81),(1969,31,158),(1970,31,159),(1971,31,160),(1972,31,157),(1973,31,6),(1977,9,179),(1978,9,61),(1979,9,127),(1980,9,128),(1981,9,129),(1982,9,131),(1985,9,135),(1986,9,136),(1987,9,137),(1988,9,140),(1989,9,141),(1990,9,142),(1991,9,77),(1992,9,78),(1993,9,13),(1994,9,15),(1995,9,6),(1996,9,143),(1997,9,145),(1998,9,147),(1999,9,148),(2000,9,79),(2001,9,80),(2002,9,81),(2003,9,14),(2004,9,71),(2005,9,72),(2006,9,73),(2007,9,74),(2008,9,75),(2009,9,76),(2010,9,162),(2011,9,163),(2012,9,164),(2013,9,157),(2014,9,158),(2015,9,159),(2016,9,160),(2017,9,161),(2018,9,181),(2019,9,5),(2020,9,10),(2021,9,174),(2022,9,175),(2023,9,176),(2030,9,97),(2031,9,98),(2032,9,21),(2033,9,173),(2036,38,71),(2037,38,72),(2038,38,73),(2039,38,74),(2040,38,75),(2041,38,76),(2042,38,162),(2043,38,163),(2044,38,164),(2045,38,15),(2046,38,77),(2047,38,78),(2048,38,79),(2049,38,80),(2050,38,81),(2051,38,157),(2052,38,158),(2053,38,159),(2054,38,160),(2055,38,161),(2056,38,181),(2058,38,6),(2079,38,173),(2108,38,22),(2109,38,102),(2110,38,103),(2111,38,104),(2112,38,105),(2113,38,106),(2114,38,14),(2119,38,27),(2120,38,28),(2121,38,29),(2122,38,30),(2123,38,31),(2124,38,32),(2125,38,33),(2126,38,34),(2127,38,35),(2128,38,36),(2129,38,37),(2130,38,38),(2131,38,180),(2138,38,8),(2140,38,13),(2142,38,127),(2143,38,128),(2144,38,129),(2145,38,131),(2146,38,132),(2147,38,133),(2148,38,134),(2149,38,135),(2150,38,136),(2151,38,137),(2152,38,140),(2153,38,141),(2154,38,142),(2155,38,143),(2156,38,145),(2157,38,147),(2158,38,148),(2167,38,25),(2168,38,108),(2169,38,109),(2170,38,110),(2171,38,111),(2172,38,112),(2249,85,NULL),(2250,85,NULL),(2840,19,5),(2841,19,10),(2842,19,174),(2843,19,175),(2844,19,176),(2845,19,127),(2846,19,128),(2847,19,129),(2848,19,131),(2849,19,132),(2850,19,133),(2851,19,134),(2852,19,135),(2853,19,136),(2854,19,137),(2855,19,140),(2856,19,141),(2857,19,142),(2858,19,143),(2859,19,145),(2860,19,147),(2861,19,148),(2862,19,14),(2863,19,71),(2864,19,72),(2865,19,73),(2866,19,74),(2867,19,75),(2868,19,76),(2869,19,162),(2870,19,163),(2871,19,164),(2872,19,15),(2873,19,77),(2874,19,78),(2875,19,79),(2876,19,80),(2877,19,81),(2878,19,157),(2879,19,158),(2880,19,159),(2881,19,160),(2882,19,161),(2883,19,181),(2884,19,98),(2885,19,99),(2886,19,100),(2887,19,101),(2888,19,22),(2889,19,102),(2890,19,103),(2891,19,104),(2892,19,105),(2893,19,106),(2894,19,7),(2895,19,18),(2896,19,89),(2897,19,90),(2898,19,91),(2899,19,92),(2900,19,93),(2901,19,182),(2902,19,183),(2903,19,17),(2904,19,94),(2905,19,95),(2906,19,96),(2907,19,8),(2908,19,25),(2909,19,108),(2910,19,109),(2911,19,110),(2912,19,111),(2913,19,112),(2914,19,27),(2915,19,28),(2916,19,29),(2917,19,30),(2918,19,31),(2919,19,32),(2920,19,33),(2921,19,34),(2922,19,35),(2923,19,36),(2924,19,37),(2925,19,38),(2926,19,180),(2927,19,9),(2928,19,23),(2929,19,121),(2930,19,123),(2931,19,26),(2932,19,122),(2933,19,124),(2934,19,125),(2935,19,24),(2936,19,177),(2937,19,178),(2938,19,179),(2939,19,149),(2940,19,150),(2941,19,151),(2942,19,152),(2943,19,153),(3129,38,21),(3130,38,97),(3131,38,98),(3132,38,99),(3133,38,100),(3134,38,101),(3356,36,27),(3357,36,28),(3358,36,29),(3359,36,31),(3360,36,32),(3361,36,33),(3362,36,34),(3363,36,35),(3364,36,36),(3365,36,37),(3366,36,38),(3367,36,180),(3368,36,149),(3369,36,150),(3370,36,151),(3371,36,152),(3372,36,153),(3374,36,6),(3375,36,13),(3376,36,61),(3377,36,127),(3378,36,128),(3379,36,129),(3380,36,131),(3381,36,132),(3382,36,133),(3383,36,134),(3384,36,135),(3385,36,136),(3386,36,137),(3387,36,140),(3388,36,141),(3389,36,142),(3390,36,143),(3391,36,145),(3392,36,147),(3393,36,148),(3394,36,328),(3395,36,14),(3396,36,71),(3397,36,72),(3398,36,73),(3399,36,74),(3400,36,75),(3401,36,76),(3402,36,162),(3403,36,163),(3404,36,164),(3405,36,15),(3406,36,77),(3407,36,78),(3408,36,79),(3409,36,80),(3410,36,81),(3411,36,157),(3412,36,158),(3413,36,159),(3414,36,160),(3415,36,161),(3416,36,181),(3422,35,328),(3478,38,7),(3479,38,18),(3480,38,89),(3481,38,90),(3482,38,91),(3483,38,92),(3484,38,93),(3485,38,182),(3486,38,183),(3487,38,17),(3488,38,94),(3489,38,95),(3490,38,96);
/*!40000 ALTER TABLE `role_rule` ENABLE KEYS */;
UNLOCK TABLES;

--
-- Table structure for table `rule`
--

DROP TABLE IF EXISTS `rule`;
/*!40101 SET @saved_cs_client     = @@character_set_client */;
/*!40101 SET character_set_client = utf8 */;
CREATE TABLE `rule` (
  `id` int(11) NOT NULL AUTO_INCREMENT,
  `rule_id` int(11) DEFAULT '0' COMMENT '父级id',
  `status` tinyint(1) DEFAULT '1' COMMENT '状态0关闭1启用',
  `create_time` int(11) DEFAULT NULL,
  `update_time` int(11) DEFAULT NULL,
  `name` varchar(20) DEFAULT NULL,
  `desc` varchar(50) DEFAULT NULL COMMENT '前端路由name值',
  `frontpath` varchar(50) DEFAULT NULL COMMENT '前台路由注册路径',
  `condition` varchar(100) DEFAULT NULL,
  `menu` tinyint(1) DEFAULT '1' COMMENT '是否显示为菜单：0不显示1关闭',
  `order` int(11) DEFAULT '50' COMMENT '排序',
  `icon` varchar(100) DEFAULT NULL COMMENT '图标',
  `method` varchar(10) NOT NULL DEFAULT 'GET' COMMENT '请求类型',
  PRIMARY KEY (`id`)
) ENGINE=InnoDB AUTO_INCREMENT=363 DEFAULT CHARSET=utf8;
/*!40101 SET character_set_client = @saved_cs_client */;

--
-- Dumping data for table `rule`
--

LOCK TABLES `rule` WRITE;
/*!40000 ALTER TABLE `rule` DISABLE KEYS */;
INSERT INTO `rule` VALUES (5,0,1,1565501769,1640086271,'后台面板','index',NULL,NULL,1,1,'help','GET'),(6,0,1,1565501796,1640086631,'商品管理','shop_goods_list',NULL,NULL,1,2,'shopping-bag','GET'),(7,0,1,1565501800,1640086638,'订单管理','order_order_list',NULL,NULL,1,4,'message-box','GET'),(8,0,1,1565501803,1640086645,'管理员管理','user_user-list_list',NULL,NULL,1,5,'management','GET'),(9,0,1,1565501810,1640085015,'系统设置','set_base',NULL,NULL,1,6,'setting','GET'),(10,5,1,1565501822,1640089283,'主控台','index','/',NULL,1,20,'home-filled','GET'),(11,172,1,1577511512,1640089423,'图库管理','image','/image/list',NULL,1,20,'picture-filled','GET'),(13,6,1,1577511733,1640089302,'商品管理','shop_goods_list','/goods/list','',1,20,'shopping-cart-full','GET'),(14,6,1,1577511840,1640089320,'分类管理','shop_category_list','/category/list','',1,20,'menu','GET'),(15,6,1,1577511872,1640089331,'规格管理','shop_sku_list','/skus/list','',1,20,'aim','GET'),(17,7,1,1577511896,1640089346,'评论管理','shop_comment_list','/comment/list','',1,20,'comment','GET'),(18,7,1,1577511942,1640089382,'订单管理','order_order_list','/order/list','',1,1,'reading','GET'),(21,173,1,1577512005,1640089355,'用户管理','user_user-list_list','/user/list','',1,20,'user-filled','GET'),(22,173,1,1577512019,1640089364,'会员等级','user_user-level_list','/level/list','',1,20,'data-analysis','GET'),(23,9,1,1577512035,1640089392,'基础设置','set_base','/setting/base','',1,19,'baseball','GET'),(24,9,1,1577512047,1640089253,'物流设置','set_express','/setting/ship','',1,21,'bicycle','GET'),(25,8,1,1577512059,1640089433,'管理员管理','set_manager','/manager/list','',1,20,'coordinate','GET'),(26,9,1,1577512077,1640089402,'交易设置','set_payment','/setting/buy','',1,20,'credit-card','GET'),(27,8,1,1578056750,1640089444,'权限管理','','/access/list','',1,20,'connection','GET'),(28,27,1,1578056810,1578056810,'添加规则','',NULL,'createRule',0,20,'','POST'),(29,27,1,1578056971,1578056971,'更新规则','',NULL,'updateRule',0,20,'','POST'),(30,27,1,1578056989,1580843611,'删除规则','',NULL,'deleteRule',0,20,'','POST'),(31,27,1,1578057010,1578057010,'规则列表','',NULL,'getRuleList',0,20,'','GET'),(32,27,1,1578057059,1578057059,'更新规则状态','',NULL,'updateRuleStatus',0,20,'','POST'),(33,8,1,1578132947,1640089091,'角色管理','','/role/list','',1,20,'histogram','GET'),(34,33,1,1578132976,1578132976,'添加角色','',NULL,'createRole',0,20,'','POST'),(35,33,1,1580843550,1580843550,'更新角色','','','updateRole',0,20,'','POST'),(36,33,1,1580843640,1580843640,'删除角色','','','deleteRole',0,20,'','POST'),(37,33,1,1580843665,1580843665,'角色列表','','','getRoleList',0,20,'','GET'),(38,33,1,1580843693,1580843693,'更新角色状态','','','updateRoleStatus',0,20,'','POST'),(61,13,1,1610555933,1655480535,'商品列表分页','','','getGoodsList',0,50,'','GET'),(62,11,1,1614232689,1614232739,'指定图库下的图片列表','','','getCurrentImageList',0,50,'','GET'),(63,11,1,1614232765,1614232775,'图库列表','','','getImageClassList',0,50,'','GET'),(64,11,1,1614232792,1614232810,'创建图库','','','createImageClass',0,50,'','POST'),(65,11,1,1614232829,1623141782,'更新图库','','','updateImageClass',0,50,'','POST'),(66,11,1,1614232861,1614232870,'删除图库','','','deleteImageClass',0,50,'','POST'),(67,11,1,1614232934,1614232934,'上传图片','','','uploadImage',0,50,'','POST'),(68,11,1,1614233002,1614233002,'批量删除图片','','','deleteImage',0,50,'','POST'),(69,11,1,1614233022,1614233022,'更新图片','','','updateImage',0,50,'','POST'),(71,14,1,1614233191,1655481043,'分类列表','','','getCategoryList',0,50,'','GET'),(72,14,1,1614233214,1614233214,'创建分类','','','createCategory',0,50,'','POST'),(73,14,1,1614233232,1614233232,'分类排序','','','sortCategory',0,50,'','POST'),(74,14,1,1614233248,1614233248,'更新分类','','','updateCategory',0,50,'','POST'),(75,14,1,1614233269,1614233269,'更新分类状态','','','updateCategoryStatus',0,50,'','POST'),(76,14,1,1614233338,1614233338,'删除分类','','','deleteCategory',0,50,'','DELETE'),(77,15,1,1614233357,1614233357,'商品规格分类','','','getSkusList',0,50,'','GET'),(78,15,1,1614233371,1614233371,'创建规格','','','createSkus',0,50,'','POST'),(79,15,1,1614233387,1614233387,'批量删除规格','','','deleteSkus',0,50,'','POST'),(80,15,1,1614233401,1614233401,'更新规格','','','updateSkus',0,50,'','POST'),(81,15,1,1614233417,1614233417,'更新规格状态','','','updateSkusStatus',0,50,'','POST'),(89,18,1,1614234903,1614234903,'订单列表','','','getOrderList',0,50,'','GET'),(90,18,1,1614234984,1614234984,'批量删除订单','','','deleteOrder',0,50,'','POST'),(91,18,1,1614235009,1614235009,'订单发货','','','shipOrder',0,50,'','POST'),(92,18,1,1614235050,1614235050,'拒绝/同意退货','','','refundOrder',0,50,'','POST'),(93,18,1,1614235068,1614235068,'导出订单','','','exportOrder',0,50,'','POST'),(94,17,1,1614235114,1614235114,'评论列表','','','getCommentList',0,50,'','GET'),(95,17,1,1614235140,1614235140,'回复评论','','','reviewComment',0,50,'','POST'),(96,17,1,1614235165,1614235165,'更新评论状态','','','updateCommentStatus',0,50,'','POST'),(97,21,1,1614235202,1614235202,'会员列表','','','getUserList',0,50,'','GET'),(98,21,1,1614235373,1614235373,'创建会员','','','createUser',0,50,'','POST'),(99,21,1,1614235393,1614235393,'更新会员','','','updateUser',0,50,'','POST'),(100,21,1,1614235444,1614235444,'更新会员状态','','','updateUserStatus',0,50,'','POST'),(101,21,1,1614235469,1614235469,'删除会员','','','deleteUser',0,50,'','POST'),(102,22,1,1614238191,1614238191,'会员等级列表','','','getUserLevelList',0,50,'','GET'),(103,22,1,1614238215,1614238215,'创建会员等级','','','createUserLevel',0,50,'','POST'),(104,22,1,1614238234,1614238234,'更新会员等级','','','updateUserLevel',0,50,'','POST'),(105,22,1,1614238266,1614238266,'更新会员等级状态','','','updateUserLevelStatus',0,50,'','POST'),(106,22,1,1614238286,1614238294,'删除会员等级','','','deleteUserLevel',0,50,'','POST'),(108,25,1,1614238399,1614238399,'删除管理员','','','deleteManager',0,50,'','POST'),(109,25,1,1614238434,1614238434,'管理员列表','','','getManagerList',0,50,'','GET'),(110,25,1,1614238451,1614238451,'创建管理员','','','createManager',0,50,'','POST'),(111,25,1,1614238469,1614238469,'更新管理员','','','updateManager',0,50,'','POST'),(112,25,1,1614238486,1614238486,'更新管理员状态','','','updateManagerStatus',0,50,'','POST'),(121,23,1,1614239307,1614239485,'获取配置信息','','','getSysSetting',0,50,'','GET'),(122,26,1,1614239410,1614239553,'上传相关配置文件','','','sysconfigUpload',0,50,'','POST'),(123,23,1,1614239440,1614239502,'设置配置信息','','','setSysSetting',0,50,'','POST'),(124,26,1,1614239920,1614239920,'获取配置','','','getSysSetting',0,50,'','GET'),(125,26,1,1614239934,1614239934,'设置配置','','','setSysSetting',0,50,'','GET'),(127,13,1,1614240099,1655480806,'查看指定商品','','','readGoods',0,50,'','GET'),(128,13,1,1614240180,1655480824,'配置商品规格','','','updateGoodsSkus',0,50,'','POST'),(129,13,1,1614240292,1655480836,'配置商品轮播图','','','setGoodsBanner',0,50,'','POST'),(131,13,1,1614240407,1655480851,'恢复商品','','','restoreGoods',0,50,'','POST'),(132,13,1,1614240431,1655480860,'彻底删除商品','','','destroyGoods',0,50,'','POST'),(133,13,1,1614240448,1655480873,'批量删除商品','','','deleteGoods',0,50,'','POST'),(134,13,1,1614240467,1655480884,'修改商品状态','','','updateGoodsStatus',0,50,'','POST'),(135,13,1,1614240484,1655480893,'创建商品','','','createGoods',0,50,'','POST'),(136,13,1,1614240505,1655480902,'更新商品','','','updateGoods',0,50,'','POST'),(137,13,1,1614240532,1655480911,'审核商品','','','checkGoods',0,50,'','POST'),(140,13,1,1614240598,1655480939,'创建商品规格','','','createGoodsSkusCard',0,50,'','POST'),(141,13,1,1614240619,1655480948,'排序商品规格','','','sortGoodsSkusCard',0,50,'','POST'),(142,13,1,1614240639,1655480961,'更新商品规格','','','updateGoodsSkusCard',0,50,'','POST'),(143,13,1,1614240661,1655480978,'删除商品规格','','','deleteGoodsSkusCard',0,50,'','POST'),(145,13,1,1614240719,1655480994,'创建指定商品规格的值','','','createGoodsSkusCardValue',0,50,'','POST'),(147,13,1,1614240771,1655481019,'更新指定商品规格的值','','','updateGoodsSkusCardValue',0,50,'','POST'),(148,13,1,1614240794,1655481031,'删除指定商品规格的值','','','deleteGoodsSkusCardValue',0,50,'','POST'),(149,172,1,1623424884,1640089413,'公告管理','set_notice','/notice/list','',1,50,'notification','GET'),(150,149,1,1623425504,1623425504,'公告列表','','','getNoticeList',0,50,'','GET'),(151,149,1,1623425537,1623425537,'创建公告','','','createNotice',0,50,'','POST'),(152,149,1,1623425556,1623425556,'更新公告','','','updateNotice',0,50,'','POST'),(153,149,1,1623425586,1623425596,'删除公告','','','deleteNotice',0,50,'','POST'),(157,6,1,1623506222,1640089372,'优惠券管理','shop_coupon_list','/coupon/list','',1,50,'postcard','GET'),(158,157,1,1623506435,1623506435,'优惠券列表','','','getCouponList',0,50,'','GET'),(159,157,1,1623506462,1623506462,'新增优惠券','','','createCoupon',0,50,'','POST'),(160,157,1,1623506482,1623506482,'更新优惠券','','','updateCoupon',0,50,'','POST'),(161,157,1,1623506503,1623555240,'失效优惠券','','','updateCouponStatus',0,50,'','POST'),(162,14,1,1623663659,1623663679,'分类下的推荐列表','','','getCategoryGoods',0,50,'','GET'),(163,14,1,1623663706,1623663706,'添加分类推荐','','','connectCategoryGoods',0,50,'','POST'),(164,14,1,1623663731,1623663759,'删除分类推荐','','','deleteCategoryGoods',0,50,'','POST'),(172,0,1,1640085034,1640085047,'其他模块','','','',1,8,'mostly-cloudy','GET'),(173,0,1,1640086701,1640086701,'用户管理','','','',1,3,'user','GET'),(174,10,1,1655481853,1655481853,'后台面板统计1','','','getStatistics1',0,50,'','GET'),(175,10,1,1655481882,1655481882,'后台面板统计2','','','getStatistics2',0,50,'','GET'),(176,10,1,1655481893,1655481893,'后台面板统计3','','','getStatistics3',0,50,'','GET'),(177,0,1,1655482330,1655482330,'分销模块',NULL,'','',1,7,'shopping-cart','GET'),(178,177,1,1655482498,1655482498,'分销员管理',NULL,'/distribution/index','',1,50,'user-filled','GET'),(179,177,1,1655482525,1655482525,'分销设置',NULL,'/distribution/setting','',1,50,'set-up','GET'),(180,33,1,1655484307,1655484307,'给角色配置权限','','','setRoleRules',0,50,'','POST'),(181,157,1,1655484549,1655484549,'删除优惠券','','','deleteCoupon',0,50,'','POST'),(182,18,1,1655485141,1655485141,'查看物流信息','','','getShipInfo',0,50,'','GET'),(183,18,1,1655485166,1655485166,'获取快递列表','','','getExpressCompanyList',0,50,'','GET'),(231,231,0,1656902042,1656919182,'www',NULL,'wewe','',1,50,'',''),(233,233,0,1656902119,1656918814,'wq',NULL,'wwwwwq','',1,50,'Aim',''),(239,239,1,1656902484,1656918585,'1',NULL,'1','',1,50,'AddLocation',''),(241,241,1,1656902823,1656918544,'sd',NULL,'sdsds','',1,50,'AddLocation',''),(242,242,0,1656902933,1656918903,'l',NULL,'l','',1,50,'AddLocation',''),(243,243,1,1656902971,1656918717,'2323',NULL,'22','',1,50,'Aim',''),(244,244,0,1656903060,1656918740,'12',NULL,'12144','',1,50,'ArrowLeft',''),(245,245,1,1656903119,1656919957,'后台面板',NULL,'sdd',NULL,1,1,'help','GET'),(246,246,0,1656903180,1656919010,'3',NULL,'/adsd','',1,50,'AddLocation',''),(247,247,0,1656903221,1656919221,'2',NULL,'2','',1,50,'AddLocation',''),(248,248,0,1656903250,1656919301,'2',NULL,'2','',1,50,'AddLocation',''),(249,249,0,1656903378,1656920233,'wwww2',NULL,'ww2w','',1,50,'Aim',''),(250,250,0,1656905765,1656920349,'xw2',NULL,'x','',1,50,'AddLocation',''),(255,245,1,1656919957,1656919957,'后台面板',NULL,'sdd',NULL,1,1,'help','GET'),(258,249,0,1656920008,1656920008,'c',NULL,'c','',1,50,'AddLocation',''),(259,249,0,1656920008,1656920008,'c',NULL,'c','',1,50,'AddLocation',''),(260,250,0,1656920044,1656920044,'x',NULL,'x','',1,50,'AddLocation',''),(261,250,0,1656920044,1656920044,'x',NULL,'x','',1,50,'AddLocation',''),(263,249,0,1656920186,1656920186,'ww',NULL,'ww','',1,50,'AddLocation',''),(281,281,1,1657554427,1657554505,'测试菜单1',NULL,'test/test','',1,50,'','GET'),(342,178,1,1658916957,1658916957,'分销数据统计',NULL,'','getAgentStatistics',0,50,'','GET'),(343,178,1,1658916974,1658916974,'分销推广员列表',NULL,'','getAgentList',0,50,'','GET'),(344,178,1,1658916992,1658916992,'推广订单列表',NULL,'','getUserBillList',0,50,'','GET'),(345,179,1,1658917017,1658917017,'获取分销配置',NULL,'','getDistributionSetting',0,50,'','GET'),(346,179,1,1658917050,1658917050,'修改分销配置',NULL,'','setDistributionSetting',0,50,'','POST');
/*!40000 ALTER TABLE `rule` ENABLE KEYS */;
UNLOCK TABLES;

--
-- Table structure for table `skus`
--

DROP TABLE IF EXISTS `skus`;
/*!40101 SET @saved_cs_client     = @@character_set_client */;
/*!40101 SET character_set_client = utf8 */;
CREATE TABLE `skus` (
  `id` int(11) NOT NULL AUTO_INCREMENT,
  `name` varchar(20) DEFAULT NULL COMMENT '规格分类名称',
  `type` tinyint(255) DEFAULT '0' COMMENT '规格类型 0无 1颜色 2图片',
  `create_time` int(11) DEFAULT NULL,
  `update_time` int(11) DEFAULT NULL,
  `status` tinyint(1) DEFAULT '1' COMMENT '状态：0禁用1启用',
  `order` int(11) DEFAULT '50' COMMENT '排序',
  `default` varchar(255) DEFAULT NULL,
  PRIMARY KEY (`id`)
) ENGINE=InnoDB AUTO_INCREMENT=389 DEFAULT CHARSET=utf8;
/*!40101 SET character_set_client = @saved_cs_client */;

--
-- Dumping data for table `skus`
--

LOCK TABLES `skus` WRITE;
/*!40000 ALTER TABLE `skus` DISABLE KEYS */;
INSERT INTO `skus` VALUES (157,'颜色',0,1581859416,1659163745,1,1001,'绿色,黄色,白色'),(158,'尺寸',0,1581859436,1658367613,0,50,'S,M,L,XL,XXL,XXXL'),(160,'内存',0,1582028576,1659163740,0,1001,'32g,64g,128g'),(161,'新增规格',0,1607301562,1658365227,0,50,'1'),(165,'测试一下',0,1582558887,1658147555,0,50,'kkk,lllll,sdfsdf'),(176,'达娃1111',0,1606872965,1658841791,0,50,'达娃'),(177,'名称',0,1606873141,1658187717,0,44,'规格值'),(202,'这是啥',0,1607064311,1656660907,1,1,'阿萨大啊实打实'),(205,'品牌',0,1616332535,1658841791,0,50,' 品牌1,品牌2'),(206,'身高',0,1616332854,1659163777,1,1001,'150,160,170'),(207,'身高',2,1616332854,1658121052,1,10,'170,185'),(208,'嗡嗡嗡',0,1616332854,1657602991,1,10,'000000,111'),(358,'我2313',0,1658669061,1658843474,1,54,'150,160,170,180,190'),(372,'56+56+',0,1658847637,1658847637,1,53,'4564,456456,456456,456456'),(373,'5645',0,1658848198,1658848198,1,50,'4564,4564,789,7978'),(380,'后端开发',0,1658972601,1659163402,0,666,'ASP,PHP,.Net');
/*!40000 ALTER TABLE `skus` ENABLE KEYS */;
UNLOCK TABLES;

--
-- Table structure for table `skus_goods_type`
--

DROP TABLE IF EXISTS `skus_goods_type`;
/*!40101 SET @saved_cs_client     = @@character_set_client */;
/*!40101 SET character_set_client = utf8 */;
CREATE TABLE `skus_goods_type` (
  `id` int(11) NOT NULL AUTO_INCREMENT,
  `skus_id` int(11) DEFAULT NULL,
  `goods_type_id` int(11) DEFAULT NULL,
  PRIMARY KEY (`id`)
) ENGINE=InnoDB AUTO_INCREMENT=204 DEFAULT CHARSET=utf8;
/*!40101 SET character_set_client = @saved_cs_client */;

--
-- Dumping data for table `skus_goods_type`
--

LOCK TABLES `skus_goods_type` WRITE;
/*!40000 ALTER TABLE `skus_goods_type` DISABLE KEYS */;
INSERT INTO `skus_goods_type` VALUES (29,13,26),(38,20,29),(39,20,30),(53,45,36),(59,59,39),(84,59,42),(93,59,46),(96,59,49),(104,59,55),(120,59,59),(121,109,59),(122,110,59),(128,140,62),(132,140,63),(133,140,66),(175,171,69),(185,186,137),(186,167,137),(187,207,138),(202,157,68),(203,158,68);
/*!40000 ALTER TABLE `skus_goods_type` ENABLE KEYS */;
UNLOCK TABLES;

--
-- Table structure for table `sys_area`
--

DROP TABLE IF EXISTS `sys_area`;
/*!40101 SET @saved_cs_client     = @@character_set_client */;
/*!40101 SET character_set_client = utf8 */;
CREATE TABLE `sys_area` (
  `id` int(11) NOT NULL AUTO_INCREMENT,
  `name` varchar(50) NOT NULL DEFAULT '',
  `order` int(11) DEFAULT NULL,
  PRIMARY KEY (`id`)
) ENGINE=InnoDB AUTO_INCREMENT=9 DEFAULT CHARSET=utf8 AVG_ROW_LENGTH=2048 COMMENT='全部区域表';
/*!40101 SET character_set_client = @saved_cs_client */;

--
-- Dumping data for table `sys_area`
--

LOCK TABLES `sys_area` WRITE;
/*!40000 ALTER TABLE `sys_area` DISABLE KEYS */;
INSERT INTO `sys_area` VALUES (1,'华东',0),(2,'华北',0),(3,'华南',0),(4,'华中',0),(5,'东北',0),(6,'西北',0),(7,'西南',0),(8,'港澳台',0);
/*!40000 ALTER TABLE `sys_area` ENABLE KEYS */;
UNLOCK TABLES;

--
-- Table structure for table `sys_city`
--

DROP TABLE IF EXISTS `sys_city`;
/*!40101 SET @saved_cs_client     = @@character_set_client */;
/*!40101 SET character_set_client = utf8 */;
CREATE TABLE `sys_city` (
  `id` int(11) NOT NULL AUTO_INCREMENT,
  `sys_province_id` int(11) NOT NULL DEFAULT '0',
  `name` varchar(255) NOT NULL DEFAULT '',
  `zip` varchar(6) NOT NULL DEFAULT '',
  `order` int(10) NOT NULL DEFAULT '0',
  PRIMARY KEY (`id`)
) ENGINE=InnoDB AUTO_INCREMENT=347 DEFAULT CHARSET=utf8 AVG_ROW_LENGTH=135;
/*!40101 SET character_set_client = @saved_cs_client */;

--
-- Dumping data for table `sys_city`
--

LOCK TABLES `sys_city` WRITE;
/*!40000 ALTER TABLE `sys_city` DISABLE KEYS */;
INSERT INTO `sys_city` VALUES (1,1,'北京市','100000',1),(2,2,'天津市','100000',0),(3,3,'石家庄市','050000',0),(4,3,'唐山市','063000',0),(5,3,'秦皇岛市','066000',0),(6,3,'邯郸市','056000',0),(7,3,'邢台市','054000',0),(8,3,'保定市','071000',0),(9,3,'张家口市','075000',0),(10,3,'承德市','067000',0),(11,3,'沧州市','061000',0),(12,3,'廊坊市','065000',0),(13,3,'衡水市','053000',0),(14,4,'太原市','030000',0),(15,4,'大同市','037000',0),(16,4,'阳泉市','045000',0),(17,4,'长治市','046000',0),(18,4,'晋城市','048000',0),(19,4,'朔州市','036000',0),(20,4,'晋中市','030600',0),(21,4,'运城市','044000',0),(22,4,'忻州市','034000',0),(23,4,'临汾市','041000',0),(24,4,'吕梁市','030500',0),(25,5,'呼和浩特市','010000',0),(26,5,'包头市','014000',0),(27,5,'乌海市','016000',0),(28,5,'赤峰市','024000',0),(29,5,'通辽市','028000',0),(30,5,'鄂尔多斯市','010300',0),(31,5,'呼伦贝尔市','021000',0),(32,5,'巴彦淖尔市','014400',0),(33,5,'乌兰察布市','011800',0),(34,5,'兴安盟','137500',0),(35,5,'锡林郭勒盟','011100',0),(36,5,'阿拉善盟','016000',0),(37,6,'沈阳市','110000',0),(38,6,'大连市','116000',0),(39,6,'鞍山市','114000',0),(40,6,'抚顺市','113000',0),(41,6,'本溪市','117000',0),(42,6,'丹东市','118000',0),(43,6,'锦州市','121000',0),(44,6,'营口市','115000',0),(45,6,'阜新市','123000',0),(46,6,'辽阳市','111000',0),(47,6,'盘锦市','124000',0),(48,6,'铁岭市','112000',0),(49,6,'朝阳市','122000',0),(50,6,'葫芦岛市','125000',0),(51,7,'长春市','130000',0),(52,7,'吉林市','132000',0),(53,7,'四平市','136000',0),(54,7,'辽源市','136200',0),(55,7,'通化市','134000',0),(56,7,'白山市','134300',0),(57,7,'松原市','131100',0),(58,7,'白城市','137000',0),(59,7,'延边朝鲜族自治州','133000',0),(60,8,'哈尔滨市','150000',0),(61,8,'齐齐哈尔市','161000',0),(62,8,'鸡西市','158100',0),(63,8,'鹤岗市','154100',0),(64,8,'双鸭山市','155100',0),(65,8,'大庆市','163000',0),(66,8,'伊春市','152300',0),(67,8,'佳木斯市','154000',0),(68,8,'七台河市','154600',0),(69,8,'牡丹江市','157000',0),(70,8,'黑河市','164300',0),(71,8,'绥化市','152000',0),(72,8,'大兴安岭地区','165000',0),(73,9,'上海市','200000',0),(74,10,'南京市','210000',0),(75,10,'无锡市','214000',0),(76,10,'徐州市','221000',0),(77,10,'常州市','213000',0),(78,10,'苏州市','215000',0),(79,10,'南通市','226000',0),(80,10,'连云港市','222000',0),(81,10,'淮安市','223200',0),(82,10,'盐城市','224000',0),(83,10,'扬州市','225000',0),(84,10,'镇江市','212000',0),(85,10,'泰州市','225300',0),(86,10,'宿迁市','223800',0),(87,11,'杭州市','310000',0),(88,11,'宁波市','315000',0),(89,11,'温州市','325000',0),(90,11,'嘉兴市','314000',0),(91,11,'湖州市','313000',0),(92,11,'绍兴市','312000',0),(93,11,'金华市','321000',0),(94,11,'衢州市','324000',0),(95,11,'舟山市','316000',0),(96,11,'台州市','318000',0),(97,11,'丽水市','323000',0),(98,12,'合肥市','230000',0),(99,12,'芜湖市','241000',0),(100,12,'蚌埠市','233000',0),(101,12,'淮南市','232000',0),(102,12,'马鞍山市','243000',0),(103,12,'淮北市','235000',0),(104,12,'铜陵市','244000',0),(105,12,'安庆市','246000',0),(106,12,'黄山市','242700',0),(107,12,'滁州市','239000',0),(108,12,'阜阳市','236100',0),(109,12,'宿州市','234100',0),(110,12,'巢湖市','238000',0),(111,12,'六安市','237000',0),(112,12,'亳州市','236800',0),(113,12,'池州市','247100',0),(114,12,'宣城市','366000',0),(115,13,'福州市','350000',0),(116,13,'厦门市','361000',0),(117,13,'莆田市','351100',0),(118,13,'三明市','365000',0),(119,13,'泉州市','362000',0),(120,13,'漳州市','363000',0),(121,13,'南平市','353000',0),(122,13,'龙岩市','364000',0),(123,13,'宁德市','352100',0),(124,14,'南昌市','330000',0),(125,14,'景德镇市','333000',0),(126,14,'萍乡市','337000',0),(127,14,'九江市','332000',0),(128,14,'新余市','338000',0),(129,14,'鹰潭市','335000',0),(130,14,'赣州市','341000',0),(131,14,'吉安市','343000',0),(132,14,'宜春市','336000',0),(133,14,'抚州市','332900',0),(134,14,'上饶市','334000',0),(135,15,'济南市','250000',0),(136,15,'青岛市','266000',0),(137,15,'淄博市','255000',0),(138,15,'枣庄市','277100',0),(139,15,'东营市','257000',0),(140,15,'烟台市','264000',0),(141,15,'潍坊市','261000',0),(142,15,'济宁市','272100',0),(143,15,'泰安市','271000',0),(144,15,'威海市','265700',0),(145,15,'日照市','276800',0),(146,15,'莱芜市','271100',0),(147,15,'临沂市','276000',0),(148,15,'德州市','253000',0),(149,15,'聊城市','252000',0),(150,15,'滨州市','256600',0),(151,15,'荷泽市','255000',0),(152,16,'郑州市','450000',0),(153,16,'开封市','475000',0),(154,16,'洛阳市','471000',0),(155,16,'平顶山市','467000',0),(156,16,'安阳市','454900',0),(157,16,'鹤壁市','456600',0),(158,16,'新乡市','453000',0),(159,16,'焦作市','454100',0),(160,16,'濮阳市','457000',0),(161,16,'许昌市','461000',0),(162,16,'漯河市','462000',0),(163,16,'三门峡市','472000',0),(164,16,'南阳市','473000',0),(165,16,'商丘市','476000',0),(166,16,'信阳市','464000',0),(167,16,'周口市','466000',0),(168,16,'驻马店市','463000',0),(169,17,'武汉市','430000',0),(170,17,'黄石市','435000',0),(171,17,'十堰市','442000',0),(172,17,'宜昌市','443000',0),(173,17,'襄樊市','441000',0),(174,17,'鄂州市','436000',0),(175,17,'荆门市','448000',0),(176,17,'孝感市','432100',0),(177,17,'荆州市','434000',0),(178,17,'黄冈市','438000',0),(179,17,'咸宁市','437000',0),(180,17,'随州市','441300',0),(181,17,'恩施土家族苗族自治州','445000',0),(182,17,'神农架','442400',0),(183,18,'长沙市','410000',0),(184,18,'株洲市','412000',0),(185,18,'湘潭市','411100',0),(186,18,'衡阳市','421000',0),(187,18,'邵阳市','422000',0),(188,18,'岳阳市','414000',0),(189,18,'常德市','415000',0),(190,18,'张家界市','427000',0),(191,18,'益阳市','413000',0),(192,18,'郴州市','423000',0),(193,18,'永州市','425000',0),(194,18,'怀化市','418000',0),(195,18,'娄底市','417000',0),(196,18,'湘西土家族苗族自治州','416000',0),(197,19,'广州市','510000',0),(198,19,'韶关市','521000',0),(199,19,'深圳市','518000',0),(200,19,'珠海市','519000',0),(201,19,'汕头市','515000',0),(202,19,'佛山市','528000',0),(203,19,'江门市','529000',0),(204,19,'湛江市','524000',0),(205,19,'茂名市','525000',0),(206,19,'肇庆市','526000',0),(207,19,'惠州市','516000',0),(208,19,'梅州市','514000',0),(209,19,'汕尾市','516600',1),(210,19,'河源市','517000',0),(211,19,'阳江市','529500',0),(212,19,'清远市','511500',0),(213,19,'东莞市','511700',0),(214,19,'中山市','528400',0),(215,19,'潮州市','515600',0),(216,19,'揭阳市','522000',0),(217,19,'云浮市','527300',0),(218,20,'南宁市','530000',0),(219,20,'柳州市','545000',0),(220,20,'桂林市','541000',0),(221,20,'梧州市','543000',0),(222,20,'北海市','536000',0),(223,20,'防城港市','538000',0),(224,20,'钦州市','535000',0),(225,20,'贵港市','537100',0),(226,20,'玉林市','537000',0),(227,20,'百色市','533000',0),(228,20,'贺州市','542800',0),(229,20,'河池市','547000',0),(230,20,'来宾市','546100',0),(231,20,'崇左市','532200',0),(232,21,'海口市','570000',0),(233,21,'三亚市','572000',0),(234,22,'重庆市','400000',0),(235,23,'成都市','610000',0),(236,23,'自贡市','643000',0),(237,23,'攀枝花市','617000',0),(238,23,'泸州市','646100',0),(239,23,'德阳市','618000',0),(240,23,'绵阳市','621000',0),(241,23,'广元市','628000',0),(242,23,'遂宁市','629000',0),(243,23,'内江市','641000',0),(244,23,'乐山市','614000',0),(245,23,'南充市','637000',0),(246,23,'眉山市','612100',0),(247,23,'宜宾市','644000',0),(248,23,'广安市','638000',0),(249,23,'达州市','635000',0),(250,23,'雅安市','625000',0),(251,23,'巴中市','635500',0),(252,23,'资阳市','641300',0),(253,23,'阿坝藏族羌族自治州','624600',0),(254,23,'甘孜藏族自治州','626000',0),(255,23,'凉山彝族自治州','615000',0),(256,24,'贵阳市','55000',0),(257,24,'六盘水市','553000',0),(258,24,'遵义市','563000',0),(259,24,'安顺市','561000',0),(260,24,'铜仁地区','554300',0),(261,24,'黔西南布依族苗族自治州','551500',0),(262,24,'毕节地区','551700',0),(263,24,'黔东南苗族侗族自治州','551500',0),(264,24,'黔南布依族苗族自治州','550100',0),(265,25,'昆明市','650000',0),(266,25,'曲靖市','655000',0),(267,25,'玉溪市','653100',0),(268,25,'保山市','678000',0),(269,25,'昭通市','657000',0),(270,25,'丽江市','674100',0),(271,25,'思茅市','665000',0),(272,25,'临沧市','677000',0),(273,25,'楚雄彝族自治州','675000',0),(274,25,'红河哈尼族彝族自治州','654400',0),(275,25,'文山壮族苗族自治州','663000',0),(276,25,'西双版纳傣族自治州','666200',0),(277,25,'大理白族自治州','671000',0),(278,25,'德宏傣族景颇族自治州','678400',0),(279,25,'怒江傈僳族自治州','671400',0),(280,25,'迪庆藏族自治州','674400',0),(281,26,'拉萨市','850000',0),(282,26,'昌都地区','854000',0),(283,26,'山南地区','856000',0),(284,26,'日喀则地区','857000',0),(285,26,'那曲地区','852000',0),(286,26,'阿里地区','859100',0),(287,26,'林芝地区','860100',0),(288,27,'西安市','710000',0),(289,27,'铜川市','727000',0),(290,27,'宝鸡市','721000',0),(291,27,'咸阳市','712000',0),(292,27,'渭南市','714000',0),(293,27,'延安市','716000',0),(294,27,'汉中市','723000',0),(295,27,'榆林市','719000',0),(296,27,'安康市','725000',0),(297,27,'商洛市','711500',0),(298,28,'兰州市','730000',0),(299,28,'嘉峪关市','735100',0),(300,28,'金昌市','737100',0),(301,28,'白银市','730900',0),(302,28,'天水市','741000',0),(303,28,'武威市','733000',0),(304,28,'张掖市','734000',0),(305,28,'平凉市','744000',0),(306,28,'酒泉市','735000',0),(307,28,'庆阳市','744500',0),(308,28,'定西市','743000',0),(309,28,'陇南市','742100',0),(310,28,'临夏回族自治州','731100',0),(311,28,'甘南藏族自治州','747000',0),(312,29,'西宁市','810000',0),(313,29,'海东地区','810600',0),(314,29,'海北藏族自治州','810300',0),(315,29,'黄南藏族自治州','811300',0),(316,29,'海南藏族自治州','813000',0),(317,29,'果洛藏族自治州','814000',0),(318,29,'玉树藏族自治州','815000',0),(319,29,'海西蒙古族藏族自治州','817000',0),(320,30,'银川市','750000',0),(321,30,'石嘴山市','753000',0),(322,30,'吴忠市','751100',0),(323,30,'固原市','756000',0),(324,30,'中卫市','751700',0),(325,31,'乌鲁木齐市','830000',0),(326,31,'克拉玛依市','834000',0),(327,31,'吐鲁番地区','838000',0),(328,31,'哈密地区','839000',0),(329,31,'昌吉回族自治州','831100',0),(330,31,'博尔塔拉蒙古自治州','833400',0),(331,31,'巴音郭楞蒙古自治州','841000',0),(332,31,'阿克苏地区','843000',0),(333,31,'克孜勒苏柯尔克孜自治州','835600',0),(334,31,'喀什地区','844000',0),(335,31,'和田地区','848000',0),(336,31,'伊犁哈萨克自治州','833200',0),(337,31,'塔城地区','834700',0),(338,31,'阿勒泰地区','836500',0),(339,31,'石河子市','832000',0),(340,31,'阿拉尔市','843300',0),(341,31,'图木舒克市','843900',0),(342,31,'五家渠市','831300',0),(343,32,'香港特别行政区','000000',0),(344,33,'澳门特别行政区','000000',0),(345,34,'台湾省','000000',0),(346,35,'所有','000000',0);
/*!40000 ALTER TABLE `sys_city` ENABLE KEYS */;
UNLOCK TABLES;

--
-- Table structure for table `sys_district`
--

DROP TABLE IF EXISTS `sys_district`;
/*!40101 SET @saved_cs_client     = @@character_set_client */;
/*!40101 SET character_set_client = utf8 */;
CREATE TABLE `sys_district` (
  `id` int(11) NOT NULL AUTO_INCREMENT,
  `sys_city_id` int(11) DEFAULT '0',
  `name` varchar(255) NOT NULL DEFAULT '',
  `order` int(10) NOT NULL DEFAULT '0',
  PRIMARY KEY (`id`)
) ENGINE=InnoDB AUTO_INCREMENT=2871 DEFAULT CHARSET=utf8 AVG_ROW_LENGTH=50;
/*!40101 SET character_set_client = @saved_cs_client */;

--
-- Dumping data for table `sys_district`
--

LOCK TABLES `sys_district` WRITE;
/*!40000 ALTER TABLE `sys_district` DISABLE KEYS */;
INSERT INTO `sys_district` VALUES (1,1,'东城区',0),(2,1,'西城区',0),(3,1,'崇文区',0),(4,1,'宣武区',0),(5,1,'朝阳区',0),(6,1,'丰台区',0),(7,1,'石景山区',0),(8,1,'海淀区',0),(9,1,'门头沟区',0),(10,1,'房山区',0),(11,1,'通州区',0),(12,1,'顺义区',0),(13,1,'昌平区',0),(14,1,'大兴区',0),(15,1,'怀柔区',0),(16,1,'平谷区',0),(17,1,'密云县',0),(18,1,'延庆县',0),(19,2,'和平区',0),(20,2,'河东区',0),(21,2,'河西区',0),(22,2,'南开区',0),(23,2,'河北区',0),(24,2,'红桥区',0),(25,2,'塘沽区',0),(26,2,'汉沽区',0),(27,2,'大港区',0),(28,2,'东丽区',0),(29,2,'西青区',0),(30,2,'津南区',0),(31,2,'北辰区',0),(32,2,'武清区',0),(33,2,'宝坻区',0),(34,2,'宁河县',0),(35,2,'静海县',0),(36,2,'蓟县',0),(37,3,'长安区',0),(38,3,'桥东区',0),(39,3,'桥西区',0),(40,3,'新华区',0),(41,3,'井陉矿区',0),(42,3,'裕华区',0),(43,3,'井陉县',0),(44,3,'正定县',0),(45,3,'栾城县',0),(46,3,'行唐县',0),(47,3,'灵寿县',0),(48,3,'高邑县',0),(49,3,'深泽县',0),(50,3,'赞皇县',0),(51,3,'无极县',0),(52,3,'平山县',0),(53,3,'元氏县',0),(54,3,'赵县',0),(55,3,'辛集市',0),(56,3,'藁城市',0),(57,3,'晋州市',0),(58,3,'新乐市',0),(59,3,'鹿泉市',0),(60,4,'路南区',0),(61,4,'路北区',0),(62,4,'古冶区',0),(63,4,'开平区',0),(64,4,'丰南区',0),(65,4,'丰润区',0),(66,4,'滦县',0),(67,4,'滦南县',0),(68,4,'乐亭县',0),(69,4,'迁西县',0),(70,4,'玉田县',0),(71,4,'唐海县',0),(72,4,'遵化市',0),(73,4,'迁安市',0),(74,5,'海港区',0),(75,5,'山海关区',0),(76,5,'北戴河区',0),(77,5,'青龙满族自治县',0),(78,5,'昌黎县',0),(79,5,'抚宁县',0),(80,5,'卢龙县',0),(81,6,'邯山区',0),(82,6,'丛台区',0),(83,6,'复兴区',0),(84,6,'峰峰矿区',0),(85,6,'邯郸县',0),(86,6,'临漳县',0),(87,6,'成安县',0),(88,6,'大名县',0),(89,6,'涉县',0),(90,6,'磁县',0),(91,6,'肥乡县',0),(92,6,'永年县',0),(93,6,'邱县',0),(94,6,'鸡泽县',0),(95,6,'广平县',0),(96,6,'馆陶县',0),(97,6,'魏县',0),(98,6,'曲周县',0),(99,6,'武安市',0),(100,7,'桥东区',0),(101,7,'桥西区',0),(102,7,'邢台县',0),(103,7,'临城县',0),(104,7,'内丘县',0),(105,7,'柏乡县',0),(106,7,'隆尧县',0),(107,7,'任县',0),(108,7,'南和县',0),(109,7,'宁晋县',0),(110,7,'巨鹿县',0),(111,7,'新河县',0),(112,7,'广宗县',0),(113,7,'平乡县',0),(114,7,'威县',0),(115,7,'清河县',0),(116,7,'临西县',0),(117,7,'南宫市',0),(118,7,'沙河市',0),(119,8,'新市区',0),(120,8,'北市区',0),(121,8,'南市区',0),(122,8,'满城县',0),(123,8,'清苑县',0),(124,8,'涞水县',0),(125,8,'阜平县',0),(126,8,'徐水县',0),(127,8,'定兴县',0),(128,8,'唐县',0),(129,8,'高阳县',0),(130,8,'容城县',0),(131,8,'涞源县',0),(132,8,'望都县',0),(133,8,'安新县',0),(134,8,'易县',0),(135,8,'曲阳县',0),(136,8,'蠡县',0),(137,8,'顺平县',0),(138,8,'博野县',0),(139,8,'雄县',0),(140,8,'涿州市',0),(141,8,'定州市',0),(142,8,'安国市',0),(143,8,'高碑店市',0),(144,9,'桥东区',0),(145,9,'桥西区',0),(146,9,'宣化区',0),(147,9,'下花园区',0),(148,9,'宣化县',0),(149,9,'张北县',0),(150,9,'康保县',0),(151,9,'沽源县',0),(152,9,'尚义县',0),(153,9,'蔚县',0),(154,9,'阳原县',0),(155,9,'怀安县',0),(156,9,'万全县',0),(157,9,'怀来县',0),(158,9,'涿鹿县',0),(159,9,'赤城县',0),(160,9,'崇礼县',0),(161,10,'双桥区',0),(162,10,'双滦区',0),(163,10,'鹰手营子矿区',0),(164,10,'承德县',0),(165,10,'兴隆县',0),(166,10,'平泉县',0),(167,10,'滦平县',0),(168,10,'隆化县',0),(169,10,'丰宁满族自治县',0),(170,10,'宽城满族自治县',0),(171,10,'围场满族蒙古族自治县',0),(172,11,'新华区',0),(173,11,'运河区',0),(174,11,'沧县',0),(175,11,'青县',0),(176,11,'东光县',0),(177,11,'海兴县',0),(178,11,'盐山县',0),(179,11,'肃宁县',0),(180,11,'南皮县',0),(181,11,'吴桥县',0),(182,11,'献县',0),(183,11,'孟村回族自治县',0),(184,11,'泊头市',0),(185,11,'任丘市',0),(186,11,'黄骅市',0),(187,11,'河间市',0),(188,12,'安次区',0),(189,12,'广阳区',0),(190,12,'固安县',0),(191,12,'永清县',0),(192,12,'香河县',0),(193,12,'大城县',0),(194,12,'文安县',0),(195,12,'大厂回族自治县',0),(196,12,'霸州市',0),(197,12,'三河市',0),(198,13,'桃城区',0),(199,13,'枣强县',0),(200,13,'武邑县',0),(201,13,'武强县',0),(202,13,'饶阳县',0),(203,13,'安平县',0),(204,13,'故城县',0),(205,13,'景县',0),(206,13,'阜城县',0),(207,13,'冀州市',0),(208,13,'深州市',0),(209,14,'小店区',0),(210,14,'迎泽区',0),(211,14,'杏花岭区',0),(212,14,'尖草坪区',0),(213,14,'万柏林区',0),(214,14,'晋源区',0),(215,14,'清徐县',0),(216,14,'阳曲县',0),(217,14,'娄烦县',0),(218,14,'古交市',0),(219,15,'城区',0),(220,15,'矿区',0),(221,15,'南郊区',0),(222,15,'新荣区',0),(223,15,'阳高县',0),(224,15,'天镇县',0),(225,15,'广灵县',0),(226,15,'灵丘县',0),(227,15,'浑源县',0),(228,15,'左云县',0),(229,15,'大同县',0),(230,16,'城区',0),(231,16,'矿区',0),(232,16,'郊区',0),(233,16,'平定县',0),(234,16,'盂县',0),(235,17,'城区',0),(236,17,'郊区',0),(237,17,'长治县',0),(238,17,'襄垣县',0),(239,17,'屯留县',0),(240,17,'平顺县',0),(241,17,'黎城县',0),(242,17,'壶关县',0),(243,17,'长子县',0),(244,17,'武乡县',0),(245,17,'沁县',0),(246,17,'沁源县',0),(247,17,'潞城市',0),(248,18,'城区',0),(249,18,'沁水县',0),(250,18,'阳城县',0),(251,18,'陵川县',0),(252,18,'泽州县',0),(253,18,'高平市',0),(254,19,'朔城区',0),(255,19,'平鲁区',0),(256,19,'山阴县',0),(257,19,'应县',0),(258,19,'右玉县',0),(259,19,'怀仁县',0),(260,20,'榆次区',0),(261,20,'榆社县',0),(262,20,'左权县',0),(263,20,'和顺县',0),(264,20,'昔阳县',0),(265,20,'寿阳县',0),(266,20,'太谷县',0),(267,20,'祁县',0),(268,20,'平遥县',0),(269,20,'灵石县',0),(270,20,'介休市',0),(271,21,'盐湖区',0),(272,21,'临猗县',0),(273,21,'万荣县',0),(274,21,'闻喜县',0),(275,21,'稷山县',0),(276,21,'新绛县',0),(277,21,'绛县',0),(278,21,'垣曲县',0),(279,21,'夏县',0),(280,21,'平陆县',0),(281,21,'芮城县',0),(282,21,'永济市',0),(283,21,'河津市',0),(284,22,'忻府区',0),(285,22,'定襄县',0),(286,22,'五台县',0),(287,22,'代县',0),(288,22,'繁峙县',0),(289,22,'宁武县',0),(290,22,'静乐县',0),(291,22,'神池县',0),(292,22,'五寨县',0),(293,22,'岢岚县',0),(294,22,'河曲县',0),(295,22,'保德县',0),(296,22,'偏关县',0),(297,22,'原平市',0),(298,23,'尧都区',0),(299,23,'曲沃县',0),(300,23,'翼城县',0),(301,23,'襄汾县',0),(302,23,'洪洞县',0),(303,23,'古县',0),(304,23,'安泽县',0),(305,23,'浮山县',0),(306,23,'吉县',0),(307,23,'乡宁县',0),(308,23,'大宁县',0),(309,23,'隰县',0),(310,23,'永和县',0),(311,23,'蒲县',0),(312,23,'汾西县',0),(313,23,'侯马市',0),(314,23,'霍州市',0),(315,24,'离石区',0),(316,24,'文水县',0),(317,24,'交城县',0),(318,24,'兴县',0),(319,24,'临县',0),(320,24,'柳林县',0),(321,24,'石楼县',0),(322,24,'岚县',0),(323,24,'方山县',0),(324,24,'中阳县',0),(325,24,'交口县',0),(326,24,'孝义市',0),(327,24,'汾阳市',0),(328,25,'新城区',0),(329,25,'回民区',0),(330,25,'玉泉区',0),(331,25,'赛罕区',0),(332,25,'土默特左旗',0),(333,25,'托克托县',0),(334,25,'和林格尔县',0),(335,25,'清水河县',0),(336,25,'武川县',0),(337,26,'东河区',0),(338,26,'昆都仑区',0),(339,26,'青山区',0),(340,26,'石拐区',0),(341,26,'白云矿区',0),(342,26,'九原区',0),(343,26,'土默特右旗',0),(344,26,'固阳县',0),(345,26,'达尔罕茂明安联合旗',0),(346,27,'海勃湾区',0),(347,27,'海南区',0),(348,27,'乌达区',0),(349,28,'红山区',0),(350,28,'元宝山区',0),(351,28,'松山区',0),(352,28,'阿鲁科尔沁旗',0),(353,28,'巴林左旗',0),(354,28,'巴林右旗',0),(355,28,'林西县',0),(356,28,'克什克腾旗',0),(357,28,'翁牛特旗',0),(358,28,'喀喇沁旗',0),(359,28,'宁城县',0),(360,28,'敖汉旗',0),(361,29,'科尔沁区',0),(362,29,'科尔沁左翼中旗',0),(363,29,'科尔沁左翼后旗',0),(364,29,'开鲁县',0),(365,29,'库伦旗',0),(366,29,'奈曼旗',0),(367,29,'扎鲁特旗',0),(368,29,'霍林郭勒市',0),(369,30,'东胜区',0),(370,30,'达拉特旗',0),(371,30,'准格尔旗',0),(372,30,'鄂托克前旗',0),(373,30,'鄂托克旗',0),(374,30,'杭锦旗',0),(375,30,'乌审旗',0),(376,30,'伊金霍洛旗',0),(377,31,'海拉尔区',0),(378,31,'阿荣旗',0),(379,31,'莫力达瓦达斡尔族自治旗',0),(380,31,'鄂伦春自治旗',0),(381,31,'鄂温克族自治旗',0),(382,31,'陈巴尔虎旗',0),(383,31,'新巴尔虎左旗',0),(384,31,'新巴尔虎右旗',0),(385,31,'满洲里市',0),(386,31,'牙克石市',0),(387,31,'扎兰屯市',0),(388,31,'额尔古纳市',0),(389,31,'根河市',0),(390,32,'临河区',0),(391,32,'五原县',0),(392,32,'磴口县',0),(393,32,'乌拉特前旗',0),(394,32,'乌拉特中旗',0),(395,32,'乌拉特后旗',0),(396,32,'杭锦后旗',0),(397,33,'集宁区',0),(398,33,'卓资县',0),(399,33,'化德县',0),(400,33,'商都县',0),(401,33,'兴和县',0),(402,33,'凉城县',0),(403,33,'察哈尔右翼前旗',0),(404,33,'察哈尔右翼中旗',0),(405,33,'察哈尔右翼后旗',0),(406,33,'四子王旗',0),(407,33,'丰镇市',0),(408,34,'乌兰浩特市',0),(409,34,'阿尔山市',0),(410,34,'科尔沁右翼前旗',0),(411,34,'科尔沁右翼中旗',0),(412,34,'扎赉特旗',0),(413,34,'突泉县',0),(414,35,'二连浩特市',0),(415,35,'锡林浩特市',0),(416,35,'阿巴嘎旗',0),(417,35,'苏尼特左旗',0),(418,35,'苏尼特右旗',0),(419,35,'东乌珠穆沁旗',0),(420,35,'西乌珠穆沁旗',0),(421,35,'太仆寺旗',0),(422,35,'镶黄旗',0),(423,35,'正镶白旗',0),(424,35,'正蓝旗',0),(425,35,'多伦县',0),(426,36,'阿拉善左旗',0),(427,36,'阿拉善右旗',0),(428,36,'额济纳旗',0),(429,37,'和平区',0),(430,37,'沈河区',0),(431,37,'大东区',0),(432,37,'皇姑区',0),(433,37,'铁西区',0),(434,37,'苏家屯区',0),(435,37,'东陵区',0),(436,37,'新城子区',0),(437,37,'于洪区',0),(438,37,'辽中县',0),(439,37,'康平县',0),(440,37,'法库县',0),(441,37,'新民市',0),(442,38,'中山区',0),(443,38,'西岗区',0),(444,38,'沙河口区',0),(445,38,'甘井子区',0),(446,38,'旅顺口区',0),(447,38,'金州区',0),(448,38,'长海县',0),(449,38,'瓦房店市',0),(450,38,'普兰店市',0),(451,38,'庄河市',0),(452,39,'铁东区',0),(453,39,'铁西区',0),(454,39,'立山区',0),(455,39,'千山区',0),(456,39,'台安县',0),(457,39,'岫岩满族自治县',0),(458,39,'海城市',0),(459,40,'新抚区',0),(460,40,'东洲区',0),(461,40,'望花区',0),(462,40,'顺城区',0),(463,40,'抚顺县',0),(464,40,'新宾满族自治县',0),(465,40,'清原满族自治县',0),(466,41,'平山区',0),(467,41,'溪湖区',0),(468,41,'明山区',0),(469,41,'南芬区',0),(470,41,'本溪满族自治县',0),(471,41,'桓仁满族自治县',0),(472,42,'元宝区',0),(473,42,'振兴区',0),(474,42,'振安区',0),(475,42,'宽甸满族自治县',0),(476,42,'东港市',0),(477,42,'凤城市',0),(478,43,'古塔区',0),(479,43,'凌河区',0),(480,43,'太和区',0),(481,43,'黑山县',0),(482,43,'义县',0),(483,43,'凌海市',0),(484,43,'北宁市',0),(485,44,'站前区',0),(486,44,'西市区',0),(487,44,'鲅鱼圈区',0),(488,44,'老边区',0),(489,44,'盖州市',0),(490,44,'大石桥市',0),(491,45,'海州区',0),(492,45,'新邱区',0),(493,45,'太平区',0),(494,45,'清河门区',0),(495,45,'细河区',0),(496,45,'阜新蒙古族自治县',0),(497,45,'彰武县',0),(498,46,'白塔区',0),(499,46,'文圣区',0),(500,46,'宏伟区',0),(501,46,'弓长岭区',0),(502,46,'太子河区',0),(503,46,'辽阳县',0),(504,46,'灯塔市',0),(505,47,'双台子区',0),(506,47,'兴隆台区',0),(507,47,'大洼县',0),(508,47,'盘山县',0),(509,48,'银州区',0),(510,48,'清河区',0),(511,48,'铁岭县',0),(512,48,'西丰县',0),(513,48,'昌图县',0),(514,48,'调兵山市',0),(515,48,'开原市',0),(516,49,'双塔区',0),(517,49,'龙城区',0),(518,49,'朝阳县',0),(519,49,'建平县',0),(520,49,'喀喇沁左翼蒙古族自治县',0),(521,49,'北票市',0),(522,49,'凌源市',0),(523,50,'连山区',0),(524,50,'龙港区',0),(525,50,'南票区',0),(526,50,'绥中县',0),(527,50,'建昌县',0),(528,50,'兴城市',0),(529,51,'南关区',0),(530,51,'宽城区',0),(531,51,'朝阳区',0),(532,51,'二道区',0),(533,51,'绿园区',0),(534,51,'双阳区',0),(535,51,'农安县',0),(536,51,'九台市',0),(537,51,'榆树市',0),(538,51,'德惠市',0),(539,52,'昌邑区',0),(540,52,'龙潭区',0),(541,52,'船营区',0),(542,52,'丰满区',0),(543,52,'永吉县',0),(544,52,'蛟河市',0),(545,52,'桦甸市',0),(546,52,'舒兰市',0),(547,52,'磐石市',0),(548,53,'铁西区',0),(549,53,'铁东区',0),(550,53,'梨树县',0),(551,53,'伊通满族自治县',0),(552,53,'公主岭市',0),(553,53,'双辽市',0),(554,54,'龙山区',0),(555,54,'西安区',0),(556,54,'东丰县',0),(557,54,'东辽县',0),(558,55,'东昌区',0),(559,55,'二道江区',0),(560,55,'通化县',0),(561,55,'辉南县',0),(562,55,'柳河县',0),(563,55,'梅河口市',0),(564,55,'集安市',0),(565,56,'八道江区',0),(566,56,'抚松县',0),(567,56,'靖宇县',0),(568,56,'长白朝鲜族自治县',0),(569,56,'江源县',0),(570,56,'临江市',0),(571,57,'宁江区',0),(572,57,'前郭尔罗斯蒙古族自治县',0),(573,57,'长岭县',0),(574,57,'乾安县',0),(575,57,'扶余县',0),(576,58,'洮北区',0),(577,58,'镇赉县',0),(578,58,'通榆县',0),(579,58,'洮南市',0),(580,58,'大安市',0),(581,59,'延吉市',0),(582,59,'图们市',0),(583,59,'敦化市',0),(584,59,'珲春市',0),(585,59,'龙井市',0),(586,59,'和龙市',0),(587,59,'汪清县',0),(588,59,'安图县',0),(589,60,'道里区',0),(590,60,'南岗区',0),(591,60,'道外区',0),(592,60,'香坊区',0),(593,60,'动力区',0),(594,60,'平房区',0),(595,60,'松北区',0),(596,60,'呼兰区',0),(597,60,'依兰县',0),(598,60,'方正县',0),(599,60,'宾县',0),(600,60,'巴彦县',0),(601,60,'木兰县',0),(602,60,'通河县',0),(603,60,'延寿县',0),(604,60,'阿城市',0),(605,60,'双城市',0),(606,60,'尚志市',0),(607,60,'五常市',0),(608,61,'龙沙区',0),(609,61,'建华区',0),(610,61,'铁锋区',0),(611,61,'昂昂溪区',0),(612,61,'富拉尔基区',0),(613,61,'碾子山区',0),(614,61,'梅里斯达斡尔族区',0),(615,61,'龙江县',0),(616,61,'依安县',0),(617,61,'泰来县',0),(618,61,'甘南县',0),(619,61,'富裕县',0),(620,61,'克山县',0),(621,61,'克东县',0),(622,61,'拜泉县',0),(623,61,'讷河市',0),(624,62,'鸡冠区',0),(625,62,'恒山区',0),(626,62,'滴道区',0),(627,62,'梨树区',0),(628,62,'城子河区',0),(629,62,'麻山区',0),(630,62,'鸡东县',0),(631,62,'虎林市',0),(632,62,'密山市',0),(633,63,'向阳区',0),(634,63,'工农区',0),(635,63,'南山区',0),(636,63,'兴安区',0),(637,63,'东山区',0),(638,63,'兴山区',0),(639,63,'萝北县',0),(640,63,'绥滨县',0),(641,64,'尖山区',0),(642,64,'岭东区',0),(643,64,'四方台区',0),(644,64,'宝山区',0),(645,64,'集贤县',0),(646,64,'友谊县',0),(647,64,'宝清县',0),(648,64,'饶河县',0),(649,65,'萨尔图区',0),(650,65,'龙凤区',0),(651,65,'让胡路区',0),(652,65,'红岗区',0),(653,65,'大同区',0),(654,65,'肇州县',0),(655,65,'肇源县',0),(656,65,'林甸县',0),(657,65,'杜尔伯特蒙古族自治县',0),(658,66,'伊春区',0),(659,66,'南岔区',0),(660,66,'友好区',0),(661,66,'西林区',0),(662,66,'翠峦区',0),(663,66,'新青区',0),(664,66,'美溪区',0),(665,66,'金山屯区',0),(666,66,'五营区',0),(667,66,'乌马河区',0),(668,66,'汤旺河区',0),(669,66,'带岭区',0),(670,66,'乌伊岭区',0),(671,66,'红星区',0),(672,66,'上甘岭区',0),(673,66,'嘉荫县',0),(674,66,'铁力市',0),(675,67,'永红区',0),(676,67,'向阳区',0),(677,67,'前进区',0),(678,67,'东风区',0),(679,67,'郊区',0),(680,67,'桦南县',0),(681,67,'桦川县',0),(682,67,'汤原县',0),(683,67,'抚远县',0),(684,67,'同江市',0),(685,67,'富锦市',0),(686,68,'新兴区',0),(687,68,'桃山区',0),(688,68,'茄子河区',0),(689,68,'勃利县',0),(690,69,'东安区',0),(691,69,'阳明区',0),(692,69,'爱民区',0),(693,69,'西安区',0),(694,69,'东宁县',0),(695,69,'林口县',0),(696,69,'绥芬河市',0),(697,69,'海林市',0),(698,69,'宁安市',0),(699,69,'穆棱市',0),(700,70,'爱辉区',0),(701,70,'嫩江县',0),(702,70,'逊克县',0),(703,70,'孙吴县',0),(704,70,'北安市',0),(705,70,'五大连池市',0),(706,71,'北林区',0),(707,71,'望奎县',0),(708,71,'兰西县',0),(709,71,'青冈县',0),(710,71,'庆安县',0),(711,71,'明水县',0),(712,71,'绥棱县',0),(713,71,'安达市',0),(714,71,'肇东市',0),(715,71,'海伦市',0),(716,72,'呼玛县',0),(717,72,'塔河县',0),(718,72,'漠河县',0),(719,73,'黄浦区',0),(720,73,'卢湾区',0),(721,73,'徐汇区',0),(722,73,'长宁区',0),(723,73,'静安区',0),(724,73,'普陀区',0),(725,73,'闸北区',0),(726,73,'虹口区',0),(727,73,'杨浦区',0),(728,73,'闵行区',0),(729,73,'宝山区',0),(730,73,'嘉定区',0),(731,73,'浦东新区',0),(732,73,'金山区',0),(733,73,'松江区',0),(734,73,'青浦区',0),(735,73,'南汇区',0),(736,73,'奉贤区',0),(737,73,'崇明县',0),(738,74,'玄武区',0),(739,74,'白下区',0),(740,74,'秦淮区',0),(741,74,'建邺区',0),(742,74,'鼓楼区',0),(743,74,'下关区',0),(744,74,'浦口区',0),(745,74,'栖霞区',0),(746,74,'雨花台区',0),(747,74,'江宁区',0),(748,74,'六合区',0),(749,74,'溧水县',0),(750,74,'高淳县',0),(751,75,'崇安区',0),(752,75,'南长区',0),(753,75,'北塘区',0),(754,75,'锡山区',0),(755,75,'惠山区',0),(756,75,'滨湖区',0),(757,75,'江阴市',0),(758,75,'宜兴市',0),(759,76,'鼓楼区',0),(760,76,'云龙区',0),(761,76,'九里区',0),(762,76,'贾汪区',0),(763,76,'泉山区',0),(764,76,'丰县',0),(765,76,'沛县',0),(766,76,'铜山县',0),(767,76,'睢宁县',0),(768,76,'新沂市',0),(769,76,'邳州市',0),(770,77,'天宁区',0),(771,77,'钟楼区',0),(772,77,'戚墅堰区',0),(773,77,'新北区',0),(774,77,'武进区',0),(775,77,'溧阳市',0),(776,77,'金坛市',0),(777,78,'沧浪区',0),(778,78,'平江区',0),(779,78,'金阊区',0),(780,78,'虎丘区',0),(781,78,'吴中区',0),(782,78,'相城区',0),(783,78,'常熟市',0),(784,78,'张家港市',0),(785,78,'昆山市',0),(786,78,'吴江市',0),(787,78,'太仓市',0),(788,79,'崇川区',0),(789,79,'港闸区',0),(790,79,'海安县',0),(791,79,'如东县',0),(792,79,'启东市',0),(793,79,'如皋市',0),(794,79,'通州市',0),(795,79,'海门市',0),(796,80,'连云区',0),(797,80,'新浦区',0),(798,80,'海州区',0),(799,80,'赣榆县',0),(800,80,'东海县',0),(801,80,'灌云县',0),(802,80,'灌南县',0),(803,81,'清河区',0),(804,81,'楚州区',0),(805,81,'淮阴区',0),(806,81,'清浦区',0),(807,81,'涟水县',0),(808,81,'洪泽县',0),(809,81,'盱眙县',0),(810,81,'金湖县',0),(811,82,'亭湖区',0),(812,82,'盐都区',0),(813,82,'响水县',0),(814,82,'滨海县',0),(815,82,'阜宁县',0),(816,82,'射阳县',0),(817,82,'建湖县',0),(818,82,'东台市',0),(819,82,'大丰市',0),(820,83,'广陵区',0),(821,83,'邗江区',0),(822,83,'维扬区',0),(823,83,'宝应县',0),(824,83,'仪征市',0),(825,83,'高邮市',0),(826,83,'江都市',0),(827,84,'京口区',0),(828,84,'润州区',0),(829,84,'丹徒区',0),(830,84,'丹阳市',0),(831,84,'扬中市',0),(832,84,'句容市',0),(833,85,'海陵区',0),(834,85,'高港区',0),(835,85,'兴化市',0),(836,85,'靖江市',0),(837,85,'泰兴市',0),(838,85,'姜堰市',0),(839,86,'宿城区',0),(840,86,'宿豫区',0),(841,86,'沭阳县',0),(842,86,'泗阳县',0),(843,86,'泗洪县',0),(844,87,'上城区',0),(845,87,'下城区',0),(846,87,'江干区',0),(847,87,'拱墅区',0),(848,87,'西湖区',0),(849,87,'滨江区',0),(850,87,'萧山区',0),(851,87,'余杭区',0),(852,87,'桐庐县',0),(853,87,'淳安县',0),(854,87,'建德市',0),(855,87,'富阳市',0),(856,87,'临安市',0),(857,88,'海曙区',0),(858,88,'江东区',0),(859,88,'江北区',0),(860,88,'北仑区',0),(861,88,'镇海区',0),(862,88,'鄞州区',0),(863,88,'象山县',0),(864,88,'宁海县',0),(865,88,'余姚市',0),(866,88,'慈溪市',0),(867,88,'奉化市',0),(868,89,'鹿城区',0),(869,89,'龙湾区',0),(870,89,'瓯海区',0),(871,89,'洞头县',0),(872,89,'永嘉县',0),(873,89,'平阳县',0),(874,89,'苍南县',0),(875,89,'文成县',0),(876,89,'泰顺县',0),(877,89,'瑞安市',0),(878,89,'乐清市',0),(879,90,'秀城区',0),(880,90,'秀洲区',0),(881,90,'嘉善县',0),(882,90,'海盐县',0),(883,90,'海宁市',0),(884,90,'平湖市',0),(885,90,'桐乡市',0),(886,91,'吴兴区',0),(887,91,'南浔区',0),(888,91,'德清县',0),(889,91,'长兴县',0),(890,91,'安吉县',0),(891,92,'越城区',0),(892,92,'绍兴县',0),(893,92,'新昌县',0),(894,92,'诸暨市',0),(895,92,'上虞市',0),(896,92,'嵊州市',0),(897,93,'婺城区',0),(898,93,'金东区',0),(899,93,'武义县',0),(900,93,'浦江县',0),(901,93,'磐安县',0),(902,93,'兰溪市',0),(903,93,'义乌市',0),(904,93,'东阳市',0),(905,93,'永康市',0),(906,94,'柯城区',0),(907,94,'衢江区',0),(908,94,'常山县',0),(909,94,'开化县',0),(910,94,'龙游县',0),(911,94,'江山市',0),(912,95,'定海区',0),(913,95,'普陀区',0),(914,95,'岱山县',0),(915,95,'嵊泗县',0),(916,96,'椒江区',0),(917,96,'黄岩区',0),(918,96,'路桥区',0),(919,96,'玉环县',0),(920,96,'三门县',0),(921,96,'天台县',0),(922,96,'仙居县',0),(923,96,'温岭市',0),(924,96,'临海市',0),(925,97,'莲都区',0),(926,97,'青田县',0),(927,97,'缙云县',0),(928,97,'遂昌县',0),(929,97,'松阳县',0),(930,97,'云和县',0),(931,97,'庆元县',0),(932,97,'景宁畲族自治县',0),(933,97,'龙泉市',0),(934,98,'瑶海区',0),(935,98,'庐阳区',0),(936,98,'蜀山区',0),(937,98,'包河区',0),(938,98,'长丰县',0),(939,98,'肥东县',0),(940,98,'肥西县',0),(941,99,'镜湖区',0),(942,99,'马塘区',0),(943,99,'新芜区',0),(944,99,'鸠江区',0),(945,99,'芜湖县',0),(946,99,'繁昌县',0),(947,99,'南陵县',0),(948,100,'龙子湖区',0),(949,100,'蚌山区',0),(950,100,'禹会区',0),(951,100,'淮上区',0),(952,100,'怀远县',0),(953,100,'五河县',0),(954,100,'固镇县',0),(955,101,'大通区',0),(956,101,'田家庵区',0),(957,101,'谢家集区',0),(958,101,'八公山区',0),(959,101,'潘集区',0),(960,101,'凤台县',0),(961,102,'金家庄区',0),(962,102,'花山区',0),(963,102,'雨山区',0),(964,102,'当涂县',0),(965,103,'杜集区',0),(966,103,'相山区',0),(967,103,'烈山区',0),(968,103,'濉溪县',0),(969,104,'铜官山区',0),(970,104,'狮子山区',0),(971,104,'郊区',0),(972,104,'铜陵县',0),(973,105,'迎江区',0),(974,105,'大观区',0),(975,105,'郊区',0),(976,105,'怀宁县',0),(977,105,'枞阳县',0),(978,105,'潜山县',0),(979,105,'太湖县',0),(980,105,'宿松县',0),(981,105,'望江县',0),(982,105,'岳西县',0),(983,105,'桐城市',0),(984,106,'屯溪区',0),(985,106,'黄山区',0),(986,106,'徽州区',0),(987,106,'歙县',0),(988,106,'休宁县',0),(989,106,'黟县',0),(990,106,'祁门县',0),(991,107,'琅琊区',0),(992,107,'南谯区',0),(993,107,'来安县',0),(994,107,'全椒县',0),(995,107,'定远县',0),(996,107,'凤阳县',0),(997,107,'天长市',0),(998,107,'明光市',0),(999,108,'颍州区',0),(1000,108,'颍东区',0),(1001,108,'颍泉区',0),(1002,108,'临泉县',0),(1003,108,'太和县',0),(1004,108,'阜南县',0),(1005,108,'颍上县',0),(1006,108,'界首市',0),(1007,109,'埇桥区',0),(1008,109,'砀山县',0),(1009,109,'萧县',0),(1010,109,'灵璧县',0),(1011,109,'泗县',0),(1012,110,'居巢区',0),(1013,110,'庐江县',0),(1014,110,'无为县',0),(1015,110,'含山县',0),(1016,110,'和县',0),(1017,111,'金安区',0),(1018,111,'裕安区',0),(1019,111,'寿县',0),(1020,111,'霍邱县',0),(1021,111,'舒城县',0),(1022,111,'金寨县',0),(1023,111,'霍山县',0),(1024,112,'谯城区',0),(1025,112,'涡阳县',0),(1026,112,'蒙城县',0),(1027,112,'利辛县',0),(1028,113,'贵池区',0),(1029,113,'东至县',0),(1030,113,'石台县',0),(1031,113,'青阳县',0),(1032,114,'宣州区',0),(1033,114,'郎溪县',0),(1034,114,'广德县',0),(1035,114,'泾县',0),(1036,114,'绩溪县',0),(1037,114,'旌德县',0),(1038,114,'宁国市',0),(1039,115,'鼓楼区',0),(1040,115,'台江区',0),(1041,115,'仓山区',0),(1042,115,'马尾区',0),(1043,115,'晋安区',0),(1044,115,'闽侯县',0),(1045,115,'连江县',0),(1046,115,'罗源县',0),(1047,115,'闽清县',0),(1048,115,'永泰县',0),(1049,115,'平潭县',0),(1050,115,'福清市',0),(1051,115,'长乐市',0),(1052,116,'思明区',0),(1053,116,'海沧区',0),(1054,116,'湖里区',0),(1055,116,'集美区',0),(1056,116,'同安区',0),(1057,116,'翔安区',0),(1058,117,'城厢区',0),(1059,117,'涵江区',0),(1060,117,'荔城区',0),(1061,117,'秀屿区',0),(1062,117,'仙游县',0),(1063,118,'梅列区',0),(1064,118,'三元区',0),(1065,118,'明溪县',0),(1066,118,'清流县',0),(1067,118,'宁化县',0),(1068,118,'大田县',0),(1069,118,'尤溪县',0),(1070,118,'沙县',0),(1071,118,'将乐县',0),(1072,118,'泰宁县',0),(1073,118,'建宁县',0),(1074,118,'永安市',0),(1075,119,'鲤城区',0),(1076,119,'丰泽区',0),(1077,119,'洛江区',0),(1078,119,'泉港区',0),(1079,119,'惠安县',0),(1080,119,'安溪县',0),(1081,119,'永春县',0),(1082,119,'德化县',0),(1083,119,'金门县',0),(1084,119,'石狮市',0),(1085,119,'晋江市',0),(1086,119,'南安市',0),(1087,120,'芗城区',0),(1088,120,'龙文区',0),(1089,120,'云霄县',0),(1090,120,'漳浦县',0),(1091,120,'诏安县',0),(1092,120,'长泰县',0),(1093,120,'东山县',0),(1094,120,'南靖县',0),(1095,120,'平和县',0),(1096,120,'华安县',0),(1097,120,'龙海市',0),(1098,121,'延平区',0),(1099,121,'顺昌县',0),(1100,121,'浦城县',0),(1101,121,'光泽县',0),(1102,121,'松溪县',0),(1103,121,'政和县',0),(1104,121,'邵武市',0),(1105,121,'武夷山市',0),(1106,121,'建瓯市',0),(1107,121,'建阳市',0),(1108,122,'新罗区',0),(1109,122,'长汀县',0),(1110,122,'永定县',0),(1111,122,'上杭县',0),(1112,122,'武平县',0),(1113,122,'连城县',0),(1114,122,'漳平市',0),(1115,123,'蕉城区',0),(1116,123,'霞浦县',0),(1117,123,'古田县',0),(1118,123,'屏南县',0),(1119,123,'寿宁县',0),(1120,123,'周宁县',0),(1121,123,'柘荣县',0),(1122,123,'福安市',0),(1123,123,'福鼎市',0),(1124,124,'东湖区',0),(1125,124,'西湖区',0),(1126,124,'青云谱区',0),(1127,124,'湾里区',0),(1128,124,'青山湖区',0),(1129,124,'南昌县',0),(1130,124,'新建县',0),(1131,124,'安义县',0),(1132,124,'进贤县',0),(1133,125,'昌江区',0),(1134,125,'珠山区',0),(1135,125,'浮梁县',0),(1136,125,'乐平市',0),(1137,126,'安源区',0),(1138,126,'湘东区',0),(1139,126,'莲花县',0),(1140,126,'上栗县',0),(1141,126,'芦溪县',0),(1142,127,'庐山区',0),(1143,127,'浔阳区',0),(1144,127,'九江县',0),(1145,127,'武宁县',0),(1146,127,'修水县',0),(1147,127,'永修县',0),(1148,127,'德安县',0),(1149,127,'星子县',0),(1150,127,'都昌县',0),(1151,127,'湖口县',0),(1152,127,'彭泽县',0),(1153,127,'瑞昌市',0),(1154,128,'渝水区',0),(1155,128,'分宜县',0),(1156,129,'月湖区',0),(1157,129,'余江县',0),(1158,129,'贵溪市',0),(1159,130,'章贡区',0),(1160,130,'赣县',0),(1161,130,'信丰县',0),(1162,130,'大余县',0),(1163,130,'上犹县',0),(1164,130,'崇义县',0),(1165,130,'安远县',0),(1166,130,'龙南县',0),(1167,130,'定南县',0),(1168,130,'全南县',0),(1169,130,'宁都县',0),(1170,130,'于都县',0),(1171,130,'兴国县',0),(1172,130,'会昌县',0),(1173,130,'寻乌县',0),(1174,130,'石城县',0),(1175,130,'瑞金市',0),(1176,130,'南康市',0),(1177,131,'吉州区',0),(1178,131,'青原区',0),(1179,131,'吉安县',0),(1180,131,'吉水县',0),(1181,131,'峡江县',0),(1182,131,'新干县',0),(1183,131,'永丰县',0),(1184,131,'泰和县',0),(1185,131,'遂川县',0),(1186,131,'万安县',0),(1187,131,'安福县',0),(1188,131,'永新县',0),(1189,131,'井冈山市',0),(1190,132,'袁州区',0),(1191,132,'奉新县',0),(1192,132,'万载县',0),(1193,132,'上高县',0),(1194,132,'宜丰县',0),(1195,132,'靖安县',0),(1196,132,'铜鼓县',0),(1197,132,'丰城市',0),(1198,132,'樟树市',0),(1199,132,'高安市',0),(1200,133,'临川区',0),(1201,133,'南城县',0),(1202,133,'黎川县',0),(1203,133,'南丰县',0),(1204,133,'崇仁县',0),(1205,133,'乐安县',0),(1206,133,'宜黄县',0),(1207,133,'金溪县',0),(1208,133,'资溪县',0),(1209,133,'东乡县',0),(1210,133,'广昌县',0),(1211,134,'信州区',0),(1212,134,'上饶县',0),(1213,134,'广丰县',0),(1214,134,'玉山县',0),(1215,134,'铅山县',0),(1216,134,'横峰县',0),(1217,134,'弋阳县',0),(1218,134,'余干县',0),(1219,134,'鄱阳县',0),(1220,134,'万年县',0),(1221,134,'婺源县',0),(1222,134,'德兴市',0),(1223,135,'历下区',0),(1224,135,'市中区',0),(1225,135,'槐荫区',0),(1226,135,'天桥区',0),(1227,135,'历城区',0),(1228,135,'长清区',0),(1229,135,'平阴县',0),(1230,135,'济阳县',0),(1231,135,'商河县',0),(1232,135,'章丘市',0),(1233,136,'市南区',0),(1234,136,'市北区',0),(1235,136,'四方区',0),(1236,136,'黄岛区',0),(1237,136,'崂山区',0),(1238,136,'李沧区',0),(1239,136,'城阳区',0),(1240,136,'胶州市',0),(1241,136,'即墨市',0),(1242,136,'平度市',0),(1243,136,'胶南市',0),(1244,136,'莱西市',0),(1245,137,'淄川区',0),(1246,137,'张店区',0),(1247,137,'博山区',0),(1248,137,'临淄区',0),(1249,137,'周村区',0),(1250,137,'桓台县',0),(1251,137,'高青县',0),(1252,137,'沂源县',0),(1253,138,'市中区',0),(1254,138,'薛城区',0),(1255,138,'峄城区',0),(1256,138,'台儿庄区',0),(1257,138,'山亭区',0),(1258,138,'滕州市',0),(1259,139,'东营区',0),(1260,139,'河口区',0),(1261,139,'垦利县',0),(1262,139,'利津县',0),(1263,139,'广饶县',0),(1264,140,'芝罘区',0),(1265,140,'福山区',0),(1266,140,'牟平区',0),(1267,140,'莱山区',0),(1268,140,'长岛县',0),(1269,140,'龙口市',0),(1270,140,'莱阳市',0),(1271,140,'莱州市',0),(1272,140,'蓬莱市',0),(1273,140,'招远市',0),(1274,140,'栖霞市',0),(1275,140,'海阳市',0),(1276,141,'潍城区',0),(1277,141,'寒亭区',0),(1278,141,'坊子区',0),(1279,141,'奎文区',0),(1280,141,'临朐县',0),(1281,141,'昌乐县',0),(1282,141,'青州市',0),(1283,141,'诸城市',0),(1284,141,'寿光市',0),(1285,141,'安丘市',0),(1286,141,'高密市',0),(1287,141,'昌邑市',0),(1288,142,'市中区',0),(1289,142,'任城区',0),(1290,142,'微山县',0),(1291,142,'鱼台县',0),(1292,142,'金乡县',0),(1293,142,'嘉祥县',0),(1294,142,'汶上县',0),(1295,142,'泗水县',0),(1296,142,'梁山县',0),(1297,142,'曲阜市',0),(1298,142,'兖州市',0),(1299,142,'邹城市',0),(1300,143,'泰山区',0),(1301,143,'岱岳区',0),(1302,143,'宁阳县',0),(1303,143,'东平县',0),(1304,143,'新泰市',0),(1305,143,'肥城市',0),(1306,144,'环翠区',0),(1307,144,'文登市',0),(1308,144,'荣成市',0),(1309,144,'乳山市',0),(1310,145,'东港区',0),(1311,145,'岚山区',0),(1312,145,'五莲县',0),(1313,145,'莒县',0),(1314,146,'莱城区',0),(1315,146,'钢城区',0),(1316,147,'兰山区',0),(1317,147,'罗庄区',0),(1318,147,'河东区',0),(1319,147,'沂南县',0),(1320,147,'郯城县',0),(1321,147,'沂水县',0),(1322,147,'苍山县',0),(1323,147,'费县',0),(1324,147,'平邑县',0),(1325,147,'莒南县',0),(1326,147,'蒙阴县',0),(1327,147,'临沭县',0),(1328,148,'德城区',0),(1329,148,'陵县',0),(1330,148,'宁津县',0),(1331,148,'庆云县',0),(1332,148,'临邑县',0),(1333,148,'齐河县',0),(1334,148,'平原县',0),(1335,148,'夏津县',0),(1336,148,'武城县',0),(1337,148,'乐陵市',0),(1338,148,'禹城市',0),(1339,149,'东昌府区',0),(1340,149,'阳谷县',0),(1341,149,'莘县',0),(1342,149,'茌平县',0),(1343,149,'东阿县',0),(1344,149,'冠县',0),(1345,149,'高唐县',0),(1346,149,'临清市',0),(1347,150,'滨城区',0),(1348,150,'惠民县',0),(1349,150,'阳信县',0),(1350,150,'无棣县',0),(1351,150,'沾化县',0),(1352,150,'博兴县',0),(1353,150,'邹平县',0),(1354,151,'牡丹区',0),(1355,151,'曹县',0),(1356,151,'单县',0),(1357,151,'成武县',0),(1358,151,'巨野县',0),(1359,151,'郓城县',0),(1360,151,'鄄城县',0),(1361,151,'定陶县',0),(1362,151,'东明县',0),(1363,152,'中原区',0),(1364,152,'二七区',0),(1365,152,'管城回族区',0),(1366,152,'金水区',0),(1367,152,'上街区',0),(1368,152,'惠济区',0),(1369,152,'中牟县',0),(1370,152,'巩义市',0),(1371,152,'荥阳市',0),(1372,152,'新密市',0),(1373,152,'新郑市',0),(1374,152,'登封市',0),(1375,153,'龙亭区',0),(1376,153,'顺河回族区',0),(1377,153,'鼓楼区',0),(1378,153,'南关区',0),(1379,153,'郊区',0),(1380,153,'杞县',0),(1381,153,'通许县',0),(1382,153,'尉氏县',0),(1383,153,'开封县',0),(1384,153,'兰考县',0),(1385,154,'老城区',0),(1386,154,'西工区',0),(1387,154,'廛河回族区',0),(1388,154,'涧西区',0),(1389,154,'吉利区',0),(1390,154,'洛龙区',0),(1391,154,'孟津县',0),(1392,154,'新安县',0),(1393,154,'栾川县',0),(1394,154,'嵩县',0),(1395,154,'汝阳县',0),(1396,154,'宜阳县',0),(1397,154,'洛宁县',0),(1398,154,'伊川县',0),(1399,154,'偃师市',0),(1400,155,'新华区',0),(1401,155,'卫东区',0),(1402,155,'石龙区',0),(1403,155,'湛河区',0),(1404,155,'宝丰县',0),(1405,155,'叶县',0),(1406,155,'鲁山县',0),(1407,155,'郏县',0),(1408,155,'舞钢市',0),(1409,155,'汝州市',0),(1410,156,'文峰区',0),(1411,156,'北关区',0),(1412,156,'殷都区',0),(1413,156,'龙安区',0),(1414,156,'安阳县',0),(1415,156,'汤阴县',0),(1416,156,'滑县',0),(1417,156,'内黄县',0),(1418,156,'林州市',0),(1419,157,'鹤山区',0),(1420,157,'山城区',0),(1421,157,'淇滨区',0),(1422,157,'浚县',0),(1423,157,'淇县',0),(1424,158,'红旗区',0),(1425,158,'卫滨区',0),(1426,158,'凤泉区',0),(1427,158,'牧野区',0),(1428,158,'新乡县',0),(1429,158,'获嘉县',0),(1430,158,'原阳县',0),(1431,158,'延津县',0),(1432,158,'封丘县',0),(1433,158,'长垣县',0),(1434,158,'卫辉市',0),(1435,158,'辉县市',0),(1436,159,'解放区',0),(1437,159,'中站区',0),(1438,159,'马村区',0),(1439,159,'山阳区',0),(1440,159,'修武县',0),(1441,159,'博爱县',0),(1442,159,'武陟县',0),(1443,159,'温县',0),(1444,159,'济源市',0),(1445,159,'沁阳市',0),(1446,159,'孟州市',0),(1447,160,'华龙区',0),(1448,160,'清丰县',0),(1449,160,'南乐县',0),(1450,160,'范县',0),(1451,160,'台前县',0),(1452,160,'濮阳县',0),(1453,161,'魏都区',0),(1454,161,'许昌县',0),(1455,161,'鄢陵县',0),(1456,161,'襄城县',0),(1457,161,'禹州市',0),(1458,161,'长葛市',0),(1459,162,'源汇区',0),(1460,162,'郾城区',0),(1461,162,'召陵区',0),(1462,162,'舞阳县',0),(1463,162,'临颍县',0),(1464,163,'市辖区',0),(1465,163,'湖滨区',0),(1466,163,'渑池县',0),(1467,163,'陕县',0),(1468,163,'卢氏县',0),(1469,163,'义马市',0),(1470,163,'灵宝市',0),(1471,164,'宛城区',0),(1472,164,'卧龙区',0),(1473,164,'南召县',0),(1474,164,'方城县',0),(1475,164,'西峡县',0),(1476,164,'镇平县',0),(1477,164,'内乡县',0),(1478,164,'淅川县',0),(1479,164,'社旗县',0),(1480,164,'唐河县',0),(1481,164,'新野县',0),(1482,164,'桐柏县',0),(1483,164,'邓州市',0),(1484,165,'梁园区',0),(1485,165,'睢阳区',0),(1486,165,'民权县',0),(1487,165,'睢县',0),(1488,165,'宁陵县',0),(1489,165,'柘城县',0),(1490,165,'虞城县',0),(1491,165,'夏邑县',0),(1492,165,'永城市',0),(1493,166,'浉河区',0),(1494,166,'平桥区',0),(1495,166,'罗山县',0),(1496,166,'光山县',0),(1497,166,'新县',0),(1498,166,'商城县',0),(1499,166,'固始县',0),(1500,166,'潢川县',0),(1501,166,'淮滨县',0),(1502,166,'息县',0),(1503,167,'川汇区',0),(1504,167,'扶沟县',0),(1505,167,'西华县',0),(1506,167,'商水县',0),(1507,167,'沈丘县',0),(1508,167,'郸城县',0),(1509,167,'淮阳县',0),(1510,167,'太康县',0),(1511,167,'鹿邑县',0),(1512,167,'项城市',0),(1513,168,'驿城区',0),(1514,168,'西平县',0),(1515,168,'上蔡县',0),(1516,168,'平舆县',0),(1517,168,'正阳县',0),(1518,168,'确山县',0),(1519,168,'泌阳县',0),(1520,168,'汝南县',0),(1521,168,'遂平县',0),(1522,168,'新蔡县',0),(1523,169,'江岸区',0),(1524,169,'江汉区',0),(1525,169,'硚口区',0),(1526,169,'汉阳区',0),(1527,169,'武昌区',0),(1528,169,'青山区',0),(1529,169,'洪山区',0),(1530,169,'东西湖区',0),(1531,169,'汉南区',0),(1532,169,'蔡甸区',0),(1533,169,'江夏区',0),(1534,169,'黄陂区',0),(1535,169,'新洲区',0),(1536,170,'黄石港区',0),(1537,170,'西塞山区',0),(1538,170,'下陆区',0),(1539,170,'铁山区',0),(1540,170,'阳新县',0),(1541,170,'大冶市',0),(1542,171,'茅箭区',0),(1543,171,'张湾区',0),(1544,171,'郧县',0),(1545,171,'郧西县',0),(1546,171,'竹山县',0),(1547,171,'竹溪县',0),(1548,171,'房县',0),(1549,171,'丹江口市',0),(1550,172,'西陵区',0),(1551,172,'伍家岗区',0),(1552,172,'点军区',0),(1553,172,'猇亭区',0),(1554,172,'夷陵区',0),(1555,172,'远安县',0),(1556,172,'兴山县',0),(1557,172,'秭归县',0),(1558,172,'长阳土家族自治县',0),(1559,172,'五峰土家族自治县',0),(1560,172,'宜都市',0),(1561,172,'当阳市',0),(1562,172,'枝江市',0),(1563,173,'襄城区',0),(1564,173,'樊城区',0),(1565,173,'襄阳区',0),(1566,173,'南漳县',0),(1567,173,'谷城县',0),(1568,173,'保康县',0),(1569,173,'老河口市',0),(1570,173,'枣阳市',0),(1571,173,'宜城市',0),(1572,174,'梁子湖区',0),(1573,174,'华容区',0),(1574,174,'鄂城区',0),(1575,175,'东宝区',0),(1576,175,'掇刀区',0),(1577,175,'京山县',0),(1578,175,'沙洋县',0),(1579,175,'钟祥市',0),(1580,176,'孝南区',0),(1581,176,'孝昌县',0),(1582,176,'大悟县',0),(1583,176,'云梦县',0),(1584,176,'应城市',0),(1585,176,'安陆市',0),(1586,176,'汉川市',0),(1587,177,'沙市区',0),(1588,177,'荆州区',0),(1589,177,'公安县',0),(1590,177,'监利县',0),(1591,177,'江陵县',0),(1592,177,'石首市',0),(1593,177,'洪湖市',0),(1594,177,'松滋市',0),(1595,178,'黄州区',0),(1596,178,'团风县',0),(1597,178,'红安县',0),(1598,178,'罗田县',0),(1599,178,'英山县',0),(1600,178,'浠水县',0),(1601,178,'蕲春县',0),(1602,178,'黄梅县',0),(1603,178,'麻城市',0),(1604,178,'武穴市',0),(1605,179,'咸安区',0),(1606,179,'嘉鱼县',0),(1607,179,'通城县',0),(1608,179,'崇阳县',0),(1609,179,'通山县',0),(1610,179,'赤壁市',0),(1611,180,'曾都区',0),(1612,180,'广水市',0),(1613,181,'恩施市',0),(1614,181,'利川市',0),(1615,181,'建始县',0),(1616,181,'巴东县',0),(1617,181,'宣恩县',0),(1618,181,'咸丰县',0),(1619,181,'来凤县',0),(1620,181,'鹤峰县',0),(1621,182,'仙桃市',0),(1622,182,'潜江市',0),(1623,182,'天门市',0),(1624,182,'神农架林区',0),(1625,183,'芙蓉区',0),(1626,183,'天心区',0),(1627,183,'岳麓区',0),(1628,183,'开福区',0),(1629,183,'雨花区',0),(1630,183,'长沙县',0),(1631,183,'望城县',0),(1632,183,'宁乡县',0),(1633,183,'浏阳市',0),(1634,184,'荷塘区',0),(1635,184,'芦淞区',0),(1636,184,'石峰区',0),(1637,184,'天元区',0),(1638,184,'株洲县',0),(1639,184,'攸县',0),(1640,184,'茶陵县',0),(1641,184,'炎陵县',0),(1642,184,'醴陵市',0),(1643,185,'雨湖区',0),(1644,185,'岳塘区',0),(1645,185,'湘潭县',0),(1646,185,'湘乡市',0),(1647,185,'韶山市',0),(1648,186,'珠晖区',0),(1649,186,'雁峰区',0),(1650,186,'石鼓区',0),(1651,186,'蒸湘区',0),(1652,186,'南岳区',0),(1653,186,'衡阳县',0),(1654,186,'衡南县',0),(1655,186,'衡山县',0),(1656,186,'衡东县',0),(1657,186,'祁东县',0),(1658,186,'耒阳市',0),(1659,186,'常宁市',0),(1660,187,'双清区',0),(1661,187,'大祥区',0),(1662,187,'北塔区',0),(1663,187,'邵东县',0),(1664,187,'新邵县',0),(1665,187,'邵阳县',0),(1666,187,'隆回县',0),(1667,187,'洞口县',0),(1668,187,'绥宁县',0),(1669,187,'新宁县',0),(1670,187,'城步苗族自治县',0),(1671,187,'武冈市',0),(1672,188,'岳阳楼区',0),(1673,188,'云溪区',0),(1674,188,'君山区',0),(1675,188,'岳阳县',0),(1676,188,'华容县',0),(1677,188,'湘阴县',0),(1678,188,'平江县',0),(1679,188,'汨罗市',0),(1680,188,'临湘市',0),(1681,189,'武陵区',0),(1682,189,'鼎城区',0),(1683,189,'安乡县',0),(1684,189,'汉寿县',0),(1685,189,'澧县',0),(1686,189,'临澧县',0),(1687,189,'桃源县',0),(1688,189,'石门县',0),(1689,189,'津市市',0),(1690,190,'永定区',0),(1691,190,'武陵源区',0),(1692,190,'慈利县',0),(1693,190,'桑植县',0),(1694,191,'资阳区',0),(1695,191,'赫山区',0),(1696,191,'南县',0),(1697,191,'桃江县',0),(1698,191,'安化县',0),(1699,191,'沅江市',0),(1700,192,'北湖区',0),(1701,192,'苏仙区',0),(1702,192,'桂阳县',0),(1703,192,'宜章县',0),(1704,192,'永兴县',0),(1705,192,'嘉禾县',0),(1706,192,'临武县',0),(1707,192,'汝城县',0),(1708,192,'桂东县',0),(1709,192,'安仁县',0),(1710,192,'资兴市',0),(1711,193,'芝山区',0),(1712,193,'冷水滩区',0),(1713,193,'祁阳县',0),(1714,193,'东安县',0),(1715,193,'双牌县',0),(1716,193,'道县',0),(1717,193,'江永县',0),(1718,193,'宁远县',0),(1719,193,'蓝山县',0),(1720,193,'新田县',0),(1721,193,'江华瑶族自治县',0),(1722,194,'鹤城区',0),(1723,194,'中方县',0),(1724,194,'沅陵县',0),(1725,194,'辰溪县',0),(1726,194,'溆浦县',0),(1727,194,'会同县',0),(1728,194,'麻阳苗族自治县',0),(1729,194,'新晃侗族自治县',0),(1730,194,'芷江侗族自治县',0),(1731,194,'靖州苗族侗族自治县',0),(1732,194,'通道侗族自治县',0),(1733,194,'洪江市',0),(1734,195,'娄星区',0),(1735,195,'双峰县',0),(1736,195,'新化县',0),(1737,195,'冷水江市',0),(1738,195,'涟源市',0),(1739,196,'吉首市',0),(1740,196,'泸溪县',0),(1741,196,'凤凰县',0),(1742,196,'花垣县',0),(1743,196,'保靖县',0),(1744,196,'古丈县',0),(1745,196,'永顺县',0),(1746,196,'龙山县',0),(1747,197,'东山区',0),(1748,197,'荔湾区',0),(1749,197,'越秀区',0),(1750,197,'海珠区',0),(1751,197,'天河区',0),(1752,197,'芳村区',0),(1753,197,'白云区',0),(1754,197,'黄埔区',0),(1755,197,'番禺区',0),(1756,197,'花都区',0),(1757,197,'增城市',0),(1759,198,'武江区',0),(1760,198,'浈江区',0),(1761,198,'曲江区',0),(1762,198,'始兴县',0),(1763,198,'仁化县',0),(1764,198,'翁源县',0),(1765,198,'乳源瑶族自治县',0),(1766,198,'新丰县',0),(1767,198,'乐昌市',0),(1768,198,'南雄市',0),(1769,199,'罗湖区',0),(1770,199,'福田区',0),(1771,199,'南山区',0),(1772,199,'宝安区',0),(1773,199,'龙岗区',0),(1774,199,'盐田区',0),(1775,200,'香洲区',0),(1776,200,'斗门区',0),(1777,200,'金湾区',0),(1778,201,'龙湖区',0),(1779,201,'金平区',0),(1780,201,'濠江区',0),(1781,201,'潮阳区',0),(1782,201,'潮南区',0),(1783,201,'澄海区',0),(1784,201,'南澳县',0),(1785,202,'禅城区',0),(1786,202,'南海区',0),(1787,202,'顺德区',0),(1788,202,'三水区',0),(1789,202,'高明区',0),(1790,203,'蓬江区',0),(1791,203,'江海区',0),(1792,203,'新会区',0),(1793,203,'台山市',0),(1794,203,'开平市',0),(1795,203,'鹤山市',0),(1796,203,'恩平市',0),(1797,204,'赤坎区',0),(1798,204,'霞山区',0),(1799,204,'坡头区',0),(1800,204,'麻章区',0),(1801,204,'遂溪县',0),(1802,204,'徐闻县',0),(1803,204,'廉江市',0),(1804,204,'雷州市',0),(1805,204,'吴川市',0),(1806,205,'茂南区',0),(1807,205,'茂港区',0),(1808,205,'电白县',0),(1809,205,'高州市',0),(1810,205,'化州市',0),(1811,205,'信宜市',0),(1812,206,'端州区',0),(1813,206,'鼎湖区',0),(1814,206,'广宁县',0),(1815,206,'怀集县',0),(1816,206,'封开县',0),(1817,206,'德庆县',0),(1818,206,'高要市',0),(1819,206,'四会市',0),(1820,207,'惠城区',0),(1821,207,'惠阳区',0),(1822,207,'博罗县',0),(1823,207,'惠东县',0),(1824,207,'龙门县',0),(1825,208,'梅江区',0),(1826,208,'梅县',0),(1827,208,'大埔县',0),(1828,208,'丰顺县',0),(1829,208,'五华县',0),(1830,208,'平远县',0),(1831,208,'蕉岭县',0),(1832,208,'兴宁市',0),(1833,209,'城区',0),(1834,209,'海丰县',0),(1835,209,'陆河县',0),(1836,209,'陆丰市',0),(1837,210,'源城区',0),(1838,210,'紫金县',0),(1839,210,'龙川县',0),(1840,210,'连平县',0),(1841,210,'和平县',0),(1842,210,'东源县',0),(1843,211,'江城区',0),(1844,211,'阳西县',0),(1845,211,'阳东县',0),(1846,211,'阳春市',0),(1847,212,'清城区',0),(1848,212,'佛冈县',0),(1849,212,'阳山县',0),(1850,212,'连山壮族瑶族自治县',0),(1851,212,'连南瑶族自治县',0),(1852,212,'清新县',0),(1853,212,'英德市',0),(1854,212,'连州市',0),(1855,215,'湘桥区',0),(1856,215,'潮安县',0),(1857,215,'饶平县',0),(1858,216,'榕城区',0),(1859,216,'揭东县',0),(1860,216,'揭西县',0),(1861,216,'惠来县',0),(1862,216,'普宁市',0),(1863,217,'云城区',0),(1864,217,'新兴县',0),(1865,217,'郁南县',0),(1866,217,'云安县',0),(1867,217,'罗定市',0),(1868,218,'兴宁区',0),(1869,218,'青秀区',0),(1870,218,'江南区',0),(1871,218,'西乡塘区',0),(1872,218,'良庆区',0),(1873,218,'邕宁区',0),(1874,218,'武鸣县',0),(1875,218,'隆安县',0),(1876,218,'马山县',0),(1877,218,'上林县',0),(1878,218,'宾阳县',0),(1879,218,'横县',0),(1880,219,'城中区',0),(1881,219,'鱼峰区',0),(1882,219,'柳南区',0),(1883,219,'柳北区',0),(1884,219,'柳江县',0),(1885,219,'柳城县',0),(1886,219,'鹿寨县',0),(1887,219,'融安县',0),(1888,219,'融水苗族自治县',0),(1889,219,'三江侗族自治县',0),(1890,220,'秀峰区',0),(1891,220,'叠彩区',0),(1892,220,'象山区',0),(1893,220,'七星区',0),(1894,220,'雁山区',0),(1895,220,'阳朔县',0),(1896,220,'临桂县',0),(1897,220,'灵川县',0),(1898,220,'全州县',0),(1899,220,'兴安县',0),(1900,220,'永福县',0),(1901,220,'灌阳县',0),(1902,220,'龙胜各族自治县',0),(1903,220,'资源县',0),(1904,220,'平乐县',0),(1905,220,'荔蒲县',0),(1906,220,'恭城瑶族自治县',0),(1907,221,'万秀区',0),(1908,221,'蝶山区',0),(1909,221,'长洲区',0),(1910,221,'苍梧县',0),(1911,221,'藤县',0),(1912,221,'蒙山县',0),(1913,221,'岑溪市',0),(1914,222,'海城区',0),(1915,222,'银海区',0),(1916,222,'铁山港区',0),(1917,222,'合浦县',0),(1918,223,'港口区',0),(1919,223,'防城区',0),(1920,223,'上思县',0),(1921,223,'东兴市',0),(1922,224,'钦南区',0),(1923,224,'钦北区',0),(1924,224,'灵山县',0),(1925,224,'浦北县',0),(1926,225,'港北区',0),(1927,225,'港南区',0),(1928,225,'覃塘区',0),(1929,225,'平南县',0),(1930,225,'桂平市',0),(1931,226,'玉州区',0),(1932,226,'容县',0),(1933,226,'陆川县',0),(1934,226,'博白县',0),(1935,226,'兴业县',0),(1936,226,'北流市',0),(1937,227,'右江区',0),(1938,227,'田阳县',0),(1939,227,'田东县',0),(1940,227,'平果县',0),(1941,227,'德保县',0),(1942,227,'靖西县',0),(1943,227,'那坡县',0),(1944,227,'凌云县',0),(1945,227,'乐业县',0),(1946,227,'田林县',0),(1947,227,'西林县',0),(1948,227,'隆林各族自治县',0),(1949,228,'八步区',0),(1950,228,'昭平县',0),(1951,228,'钟山县',0),(1952,228,'富川瑶族自治县',0),(1953,229,'金城江区',0),(1954,229,'南丹县',0),(1955,229,'天峨县',0),(1956,229,'凤山县',0),(1957,229,'东兰县',0),(1958,229,'罗城仫佬族自治县',0),(1959,229,'环江毛南族自治县',0),(1960,229,'巴马瑶族自治县',0),(1961,229,'都安瑶族自治县',0),(1962,229,'大化瑶族自治县',0),(1963,229,'宜州市',0),(1964,230,'兴宾区',0),(1965,230,'忻城县',0),(1966,230,'象州县',0),(1967,230,'武宣县',0),(1968,230,'金秀瑶族自治县',0),(1969,230,'合山市',0),(1970,231,'江洲区',0),(1971,231,'扶绥县',0),(1972,231,'宁明县',0),(1973,231,'龙州县',0),(1974,231,'大新县',0),(1975,231,'天等县',0),(1976,231,'凭祥市',0),(1977,232,'秀英区',0),(1978,232,'龙华区',0),(1979,232,'琼山区',0),(1980,232,'美兰区',0),(1981,233,'五指山市',0),(1982,233,'琼海市',0),(1983,233,'儋州市',0),(1984,233,'文昌市',0),(1985,233,'万宁市',0),(1986,233,'东方市',0),(1987,233,'定安县',0),(1988,233,'屯昌县',0),(1989,233,'澄迈县',0),(1990,233,'临高县',0),(1991,233,'白沙黎族自治县',0),(1992,233,'昌江黎族自治县',0),(1993,233,'乐东黎族自治县',0),(1994,233,'陵水黎族自治县',0),(1995,233,'保亭黎族苗族自治县',0),(1996,233,'琼中黎族苗族自治县',0),(1997,233,'西沙群岛',0),(1998,233,'南沙群岛',0),(1999,233,'中沙群岛的岛礁及其海域',0),(2000,234,'万州区',0),(2001,234,'涪陵区',0),(2002,234,'渝中区',0),(2003,234,'大渡口区',0),(2004,234,'江北区',0),(2005,234,'沙坪坝区',0),(2006,234,'九龙坡区',0),(2007,234,'南岸区',0),(2008,234,'北碚区',0),(2009,234,'万盛区',0),(2010,234,'双桥区',0),(2011,234,'渝北区',0),(2012,234,'巴南区',0),(2013,234,'黔江区',0),(2014,234,'长寿区',0),(2015,234,'綦江县',0),(2016,234,'潼南县',0),(2017,234,'铜梁县',0),(2018,234,'大足县',0),(2019,234,'荣昌县',0),(2020,234,'璧山县',0),(2021,234,'梁平县',0),(2022,234,'城口县',0),(2023,234,'丰都县',0),(2024,234,'垫江县',0),(2025,234,'武隆县',0),(2026,234,'忠县',0),(2027,234,'开县',0),(2028,234,'云阳县',0),(2029,234,'奉节县',0),(2030,234,'巫山县',0),(2031,234,'巫溪县',0),(2032,234,'石柱土家族自治县',0),(2033,234,'秀山土家族苗族自治县',0),(2034,234,'酉阳土家族苗族自治县',0),(2035,234,'彭水苗族土家族自治县',0),(2036,234,'江津市',0),(2037,234,'合川市',0),(2038,234,'永川市',0),(2039,234,'南川市',0),(2040,235,'锦江区',0),(2041,235,'青羊区',0),(2042,235,'金牛区',0),(2043,235,'武侯区',0),(2044,235,'成华区',0),(2045,235,'龙泉驿区',0),(2046,235,'青白江区',0),(2047,235,'新都区',0),(2048,235,'温江区',0),(2049,235,'金堂县',0),(2050,235,'双流县',0),(2051,235,'郫县',0),(2052,235,'大邑县',0),(2053,235,'蒲江县',0),(2054,235,'新津县',0),(2055,235,'都江堰市',0),(2056,235,'彭州市',0),(2057,235,'邛崃市',0),(2058,235,'崇州市',0),(2059,236,'自流井区',0),(2060,236,'贡井区',0),(2061,236,'大安区',0),(2062,236,'沿滩区',0),(2063,236,'荣县',0),(2064,236,'富顺县',0),(2065,237,'东区',0),(2066,237,'西区',0),(2067,237,'仁和区',0),(2068,237,'米易县',0),(2069,237,'盐边县',0),(2070,238,'江阳区',0),(2071,238,'纳溪区',0),(2072,238,'龙马潭区',0),(2073,238,'泸县',0),(2074,238,'合江县',0),(2075,238,'叙永县',0),(2076,238,'古蔺县',0),(2077,239,'旌阳区',0),(2078,239,'中江县',0),(2079,239,'罗江县',0),(2080,239,'广汉市',0),(2081,239,'什邡市',0),(2082,239,'绵竹市',0),(2083,240,'涪城区',0),(2084,240,'游仙区',0),(2085,240,'三台县',0),(2086,240,'盐亭县',0),(2087,240,'安县',0),(2088,240,'梓潼县',0),(2089,240,'北川羌族自治县',0),(2090,240,'平武县',0),(2091,240,'江油市',0),(2092,241,'市中区',0),(2093,241,'元坝区',0),(2094,241,'朝天区',0),(2095,241,'旺苍县',0),(2096,241,'青川县',0),(2097,241,'剑阁县',0),(2098,241,'苍溪县',0),(2099,242,'船山区',0),(2100,242,'安居区',0),(2101,242,'蓬溪县',0),(2102,242,'射洪县',0),(2103,242,'大英县',0),(2104,243,'市中区',0),(2105,243,'东兴区',0),(2106,243,'威远县',0),(2107,243,'资中县',0),(2108,243,'隆昌县',0),(2109,244,'市中区',0),(2110,244,'沙湾区',0),(2111,244,'五通桥区',0),(2112,244,'金口河区',0),(2113,244,'犍为县',0),(2114,244,'井研县',0),(2115,244,'夹江县',0),(2116,244,'沐川县',0),(2117,244,'峨边彝族自治县',0),(2118,244,'马边彝族自治县',0),(2119,244,'峨眉山市',0),(2120,245,'顺庆区',0),(2121,245,'高坪区',0),(2122,245,'嘉陵区',0),(2123,245,'南部县',0),(2124,245,'营山县',0),(2125,245,'蓬安县',0),(2126,245,'仪陇县',0),(2127,245,'西充县',0),(2128,245,'阆中市',0),(2129,246,'东坡区',0),(2130,246,'仁寿县',0),(2131,246,'彭山县',0),(2132,246,'洪雅县',0),(2133,246,'丹棱县',0),(2134,246,'青神县',0),(2135,247,'翠屏区',0),(2136,247,'宜宾县',0),(2137,247,'南溪县',0),(2138,247,'江安县',0),(2139,247,'长宁县',0),(2140,247,'高县',0),(2141,247,'珙县',0),(2142,247,'筠连县',0),(2143,247,'兴文县',0),(2144,247,'屏山县',0),(2145,248,'广安区',0),(2146,248,'岳池县',0),(2147,248,'武胜县',0),(2148,248,'邻水县',0),(2149,248,'华蓥市',0),(2150,249,'通川区',0),(2151,249,'达县',0),(2152,249,'宣汉县',0),(2153,249,'开江县',0),(2154,249,'大竹县',0),(2155,249,'渠县',0),(2156,249,'万源市',0),(2157,250,'雨城区',0),(2158,250,'名山县',0),(2159,250,'荥经县',0),(2160,250,'汉源县',0),(2161,250,'石棉县',0),(2162,250,'天全县',0),(2163,250,'芦山县',0),(2164,250,'宝兴县',0),(2165,251,'巴州区',0),(2166,251,'通江县',0),(2167,251,'南江县',0),(2168,251,'平昌县',0),(2169,252,'雁江区',0),(2170,252,'安岳县',0),(2171,252,'乐至县',0),(2172,252,'简阳市',0),(2173,253,'汶川县',0),(2174,253,'理县',0),(2175,253,'茂县',0),(2176,253,'松潘县',0),(2177,253,'九寨沟县',0),(2178,253,'金川县',0),(2179,253,'小金县',0),(2180,253,'黑水县',0),(2181,253,'马尔康县',0),(2182,253,'壤塘县',0),(2183,253,'阿坝县',0),(2184,253,'若尔盖县',0),(2185,253,'红原县',0),(2186,254,'康定县',0),(2187,254,'泸定县',0),(2188,254,'丹巴县',0),(2189,254,'九龙县',0),(2190,254,'雅江县',0),(2191,254,'道孚县',0),(2192,254,'炉霍县',0),(2193,254,'甘孜县',0),(2194,254,'新龙县',0),(2195,254,'德格县',0),(2196,254,'白玉县',0),(2197,254,'石渠县',0),(2198,254,'色达县',0),(2199,254,'理塘县',0),(2200,254,'巴塘县',0),(2201,254,'乡城县',0),(2202,254,'稻城县',0),(2203,254,'得荣县',0),(2204,255,'西昌市',0),(2205,255,'木里藏族自治县',0),(2206,255,'盐源县',0),(2207,255,'德昌县',0),(2208,255,'会理县',0),(2209,255,'会东县',0),(2210,255,'宁南县',0),(2211,255,'普格县',0),(2212,255,'布拖县',0),(2213,255,'金阳县',0),(2214,255,'昭觉县',0),(2215,255,'喜德县',0),(2216,255,'冕宁县',0),(2217,255,'越西县',0),(2218,255,'甘洛县',0),(2219,255,'美姑县',0),(2220,255,'雷波县',0),(2221,256,'南明区',0),(2222,256,'云岩区',0),(2223,256,'花溪区',0),(2224,256,'乌当区',0),(2225,256,'白云区',0),(2226,256,'小河区',0),(2227,256,'开阳县',0),(2228,256,'息烽县',0),(2229,256,'修文县',0),(2230,256,'清镇市',0),(2231,257,'钟山区',0),(2232,257,'六枝特区',0),(2233,257,'水城县',0),(2234,257,'盘县',0),(2235,258,'红花岗区',0),(2236,258,'汇川区',0),(2237,258,'遵义县',0),(2238,258,'桐梓县',0),(2239,258,'绥阳县',0),(2240,258,'正安县',0),(2241,258,'道真仡佬族苗族自治县',0),(2242,258,'务川仡佬族苗族自治县',0),(2243,258,'凤冈县',0),(2244,258,'湄潭县',0),(2245,258,'余庆县',0),(2246,258,'习水县',0),(2247,258,'赤水市',0),(2248,258,'仁怀市',0),(2249,259,'西秀区',0),(2250,259,'平坝县',0),(2251,259,'普定县',0),(2252,259,'镇宁布依族苗族自治县',0),(2253,259,'关岭布依族苗族自治县',0),(2254,259,'紫云苗族布依族自治县',0),(2255,260,'铜仁市',0),(2256,260,'江口县',0),(2257,260,'玉屏侗族自治县',0),(2258,260,'石阡县',0),(2259,260,'思南县',0),(2260,260,'印江土家族苗族自治县',0),(2261,260,'德江县',0),(2262,260,'沿河土家族自治县',0),(2263,260,'松桃苗族自治县',0),(2264,260,'万山特区',0),(2265,261,'兴义市',0),(2266,261,'兴仁县',0),(2267,261,'普安县',0),(2268,261,'晴隆县',0),(2269,261,'贞丰县',0),(2270,261,'望谟县',0),(2271,261,'册亨县',0),(2272,261,'安龙县',0),(2273,262,'毕节市',0),(2274,262,'大方县',0),(2275,262,'黔西县',0),(2276,262,'金沙县',0),(2277,262,'织金县',0),(2278,262,'纳雍县',0),(2279,262,'威宁彝族回族苗族自治县',0),(2280,262,'赫章县',0),(2281,263,'凯里市',0),(2282,263,'黄平县',0),(2283,263,'施秉县',0),(2284,263,'三穗县',0),(2285,263,'镇远县',0),(2286,263,'岑巩县',0),(2287,263,'天柱县',0),(2288,263,'锦屏县',0),(2289,263,'剑河县',0),(2290,263,'台江县',0),(2291,263,'黎平县',0),(2292,263,'榕江县',0),(2293,263,'从江县',0),(2294,263,'雷山县',0),(2295,263,'麻江县',0),(2296,263,'丹寨县',0),(2297,264,'都匀市',0),(2298,264,'福泉市',0),(2299,264,'荔波县',0),(2300,264,'贵定县',0),(2301,264,'瓮安县',0),(2302,264,'独山县',0),(2303,264,'平塘县',0),(2304,264,'罗甸县',0),(2305,264,'长顺县',0),(2306,264,'龙里县',0),(2307,264,'惠水县',0),(2308,264,'三都水族自治县',0),(2309,265,'五华区',0),(2310,265,'盘龙区',0),(2311,265,'官渡区',0),(2312,265,'西山区',0),(2313,265,'东川区',0),(2314,265,'呈贡县',0),(2315,265,'晋宁县',0),(2316,265,'富民县',0),(2317,265,'宜良县',0),(2318,265,'石林彝族自治县',0),(2319,265,'嵩明县',0),(2320,265,'禄劝彝族苗族自治县',0),(2321,265,'寻甸回族彝族自治县',0),(2322,265,'安宁市',0),(2323,266,'麒麟区',0),(2324,266,'马龙县',0),(2325,266,'陆良县',0),(2326,266,'师宗县',0),(2327,266,'罗平县',0),(2328,266,'富源县',0),(2329,266,'会泽县',0),(2330,266,'沾益县',0),(2331,266,'宣威市',0),(2332,267,'红塔区',0),(2333,267,'江川县',0),(2334,267,'澄江县',0),(2335,267,'通海县',0),(2336,267,'华宁县',0),(2337,267,'易门县',0),(2338,267,'峨山彝族自治县',0),(2339,267,'新平彝族傣族自治县',0),(2340,267,'元江哈尼族彝族傣族自治县',0),(2341,268,'隆阳区',0),(2342,268,'施甸县',0),(2343,268,'腾冲县',0),(2344,268,'龙陵县',0),(2345,268,'昌宁县',0),(2346,269,'昭阳区',0),(2347,269,'鲁甸县',0),(2348,269,'巧家县',0),(2349,269,'盐津县',0),(2350,269,'大关县',0),(2351,269,'永善县',0),(2352,269,'绥江县',0),(2353,269,'镇雄县',0),(2354,269,'彝良县',0),(2355,269,'威信县',0),(2356,269,'水富县',0),(2357,270,'古城区',0),(2358,270,'玉龙纳西族自治县',0),(2359,270,'永胜县',0),(2360,270,'华坪县',0),(2361,270,'宁蒗彝族自治县',0),(2362,271,'翠云区',0),(2363,271,'普洱哈尼族彝族自治县',0),(2364,271,'墨江哈尼族自治县',0),(2365,271,'景东彝族自治县',0),(2366,271,'景谷傣族彝族自治县',0),(2367,271,'镇沅彝族哈尼族拉祜族自治县',0),(2368,271,'江城哈尼族彝族自治县',0),(2369,271,'孟连傣族拉祜族佤族自治县',0),(2370,271,'澜沧拉祜族自治县',0),(2371,271,'西盟佤族自治县',0),(2372,272,'临翔区',0),(2373,272,'凤庆县',0),(2374,272,'云县',0),(2375,272,'永德县',0),(2376,272,'镇康县',0),(2377,272,'双江拉祜族佤族布朗族傣族自治县',0),(2378,272,'耿马傣族佤族自治县',0),(2379,272,'沧源佤族自治县',0),(2380,273,'楚雄市',0),(2381,273,'双柏县',0),(2382,273,'牟定县',0),(2383,273,'南华县',0),(2384,273,'姚安县',0),(2385,273,'大姚县',0),(2386,273,'永仁县',0),(2387,273,'元谋县',0),(2388,273,'武定县',0),(2389,273,'禄丰县',0),(2390,274,'个旧市',0),(2391,274,'开远市',0),(2392,274,'蒙自县',0),(2393,274,'屏边苗族自治县',0),(2394,274,'建水县',0),(2395,274,'石屏县',0),(2396,274,'弥勒县',0),(2397,274,'泸西县',0),(2398,274,'元阳县',0),(2399,274,'红河县',0),(2400,274,'金平苗族瑶族傣族自治县',0),(2401,274,'绿春县',0),(2402,274,'河口瑶族自治县',0),(2403,275,'文山县',0),(2404,275,'砚山县',0),(2405,275,'西畴县',0),(2406,275,'麻栗坡县',0),(2407,275,'马关县',0),(2408,275,'丘北县',0),(2409,275,'广南县',0),(2410,275,'富宁县',0),(2411,276,'景洪市',0),(2412,276,'勐海县',0),(2413,276,'勐腊县',0),(2414,277,'大理市',0),(2415,277,'漾濞彝族自治县',0),(2416,277,'祥云县',0),(2417,277,'宾川县',0),(2418,277,'弥渡县',0),(2419,277,'南涧彝族自治县',0),(2420,277,'巍山彝族回族自治县',0),(2421,277,'永平县',0),(2422,277,'云龙县',0),(2423,277,'洱源县',0),(2424,277,'剑川县',0),(2425,277,'鹤庆县',0),(2426,278,'瑞丽市',0),(2427,278,'潞西市',0),(2428,278,'梁河县',0),(2429,278,'盈江县',0),(2430,278,'陇川县',0),(2431,279,'泸水县',0),(2432,279,'福贡县',0),(2433,279,'贡山独龙族怒族自治县',0),(2434,279,'兰坪白族普米族自治县',0),(2435,280,'香格里拉县',0),(2436,280,'德钦县',0),(2437,280,'维西傈僳族自治县',0),(2438,281,'城关区',0),(2439,281,'林周县',0),(2440,281,'当雄县',0),(2441,281,'尼木县',0),(2442,281,'曲水县',0),(2443,281,'堆龙德庆县',0),(2444,281,'达孜县',0),(2445,281,'墨竹工卡县',0),(2446,282,'昌都县',0),(2447,282,'江达县',0),(2448,282,'贡觉县',0),(2449,282,'类乌齐县',0),(2450,282,'丁青县',0),(2451,282,'察雅县',0),(2452,282,'八宿县',0),(2453,282,'左贡县',0),(2454,282,'芒康县',0),(2455,282,'洛隆县',0),(2456,282,'边坝县',0),(2457,283,'乃东县',0),(2458,283,'扎囊县',0),(2459,283,'贡嘎县',0),(2460,283,'桑日县',0),(2461,283,'琼结县',0),(2462,283,'曲松县',0),(2463,283,'措美县',0),(2464,283,'洛扎县',0),(2465,283,'加查县',0),(2466,283,'隆子县',0),(2467,283,'错那县',0),(2468,283,'浪卡子县',0),(2469,284,'日喀则市',0),(2470,284,'南木林县',0),(2471,284,'江孜县',0),(2472,284,'定日县',0),(2473,284,'萨迦县',0),(2474,284,'拉孜县',0),(2475,284,'昂仁县',0),(2476,284,'谢通门县',0),(2477,284,'白朗县',0),(2478,284,'仁布县',0),(2479,284,'康马县',0),(2480,284,'定结县',0),(2481,284,'仲巴县',0),(2482,284,'亚东县',0),(2483,284,'吉隆县',0),(2484,284,'聂拉木县',0),(2485,284,'萨嘎县',0),(2486,284,'岗巴县',0),(2487,285,'那曲县',0),(2488,285,'嘉黎县',0),(2489,285,'比如县',0),(2490,285,'聂荣县',0),(2491,285,'安多县',0),(2492,285,'申扎县',0),(2493,285,'索县',0),(2494,285,'班戈县',0),(2495,285,'巴青县',0),(2496,285,'尼玛县',0),(2497,286,'普兰县',0),(2498,286,'札达县',0),(2499,286,'噶尔县',0),(2500,286,'日土县',0),(2501,286,'革吉县',0),(2502,286,'改则县',0),(2503,286,'措勤县',0),(2504,287,'林芝县',0),(2505,287,'工布江达县',0),(2506,287,'米林县',0),(2507,287,'墨脱县',0),(2508,287,'波密县',0),(2509,287,'察隅县',0),(2510,287,'朗县',0),(2511,288,'新城区',0),(2512,288,'碑林区',0),(2513,288,'莲湖区',0),(2514,288,'灞桥区',0),(2515,288,'未央区',0),(2516,288,'雁塔区',0),(2517,288,'阎良区',0),(2518,288,'临潼区',0),(2519,288,'长安区',0),(2520,288,'蓝田县',0),(2521,288,'周至县',0),(2522,288,'户县',0),(2523,288,'高陵县',0),(2524,289,'王益区',0),(2525,289,'印台区',0),(2526,289,'耀州区',0),(2527,289,'宜君县',0),(2528,290,'渭滨区',0),(2529,290,'金台区',0),(2530,290,'陈仓区',0),(2531,290,'凤翔县',0),(2532,290,'岐山县',0),(2533,290,'扶风县',0),(2534,290,'眉县',0),(2535,290,'陇县',0),(2536,290,'千阳县',0),(2537,290,'麟游县',0),(2538,290,'凤县',0),(2539,290,'太白县',0),(2540,291,'秦都区',0),(2541,291,'杨凌区',0),(2542,291,'渭城区',0),(2543,291,'三原县',0),(2544,291,'泾阳县',0),(2545,291,'乾县',0),(2546,291,'礼泉县',0),(2547,291,'永寿县',0),(2548,291,'彬县',0),(2549,291,'长武县',0),(2550,291,'旬邑县',0),(2551,291,'淳化县',0),(2552,291,'武功县',0),(2553,291,'兴平市',0),(2554,292,'临渭区',0),(2555,292,'华县',0),(2556,292,'潼关县',0),(2557,292,'大荔县',0),(2558,292,'合阳县',0),(2559,292,'澄城县',0),(2560,292,'蒲城县',0),(2561,292,'白水县',0),(2562,292,'富平县',0),(2563,292,'韩城市',0),(2564,292,'华阴市',0),(2565,293,'宝塔区',0),(2566,293,'延长县',0),(2567,293,'延川县',0),(2568,293,'子长县',0),(2569,293,'安塞县',0),(2570,293,'志丹县',0),(2571,293,'吴旗县',0),(2572,293,'甘泉县',0),(2573,293,'富县',0),(2574,293,'洛川县',0),(2575,293,'宜川县',0),(2576,293,'黄龙县',0),(2577,293,'黄陵县',0),(2578,294,'汉台区',0),(2579,294,'南郑县',0),(2580,294,'城固县',0),(2581,294,'洋县',0),(2582,294,'西乡县',0),(2583,294,'勉县',0),(2584,294,'宁强县',0),(2585,294,'略阳县',0),(2586,294,'镇巴县',0),(2587,294,'留坝县',0),(2588,294,'佛坪县',0),(2589,295,'榆阳区',0),(2590,295,'神木县',0),(2591,295,'府谷县',0),(2592,295,'横山县',0),(2593,295,'靖边县',0),(2594,295,'定边县',0),(2595,295,'绥德县',0),(2596,295,'米脂县',0),(2597,295,'佳县',0),(2598,295,'吴堡县',0),(2599,295,'清涧县',0),(2600,295,'子洲县',0),(2601,296,'汉滨区',0),(2602,296,'汉阴县',0),(2603,296,'石泉县',0),(2604,296,'宁陕县',0),(2605,296,'紫阳县',0),(2606,296,'岚皋县',0),(2607,296,'平利县',0),(2608,296,'镇坪县',0),(2609,296,'旬阳县',0),(2610,296,'白河县',0),(2611,297,'商州区',0),(2612,297,'洛南县',0),(2613,297,'丹凤县',0),(2614,297,'商南县',0),(2615,297,'山阳县',0),(2616,297,'镇安县',0),(2617,297,'柞水县',0),(2618,298,'城关区',0),(2619,298,'七里河区',0),(2620,298,'西固区',0),(2621,298,'安宁区',0),(2622,298,'红古区',0),(2623,298,'永登县',0),(2624,298,'皋兰县',0),(2625,298,'榆中县',0),(2626,300,'金川区',0),(2627,300,'永昌县',0),(2628,301,'白银区',0),(2629,301,'平川区',0),(2630,301,'靖远县',0),(2631,301,'会宁县',0),(2632,301,'景泰县',0),(2633,302,'秦城区',0),(2634,302,'北道区',0),(2635,302,'清水县',0),(2636,302,'秦安县',0),(2637,302,'甘谷县',0),(2638,302,'武山县',0),(2639,302,'张家川回族自治县',0),(2640,303,'凉州区',0),(2641,303,'民勤县',0),(2642,303,'古浪县',0),(2643,303,'天祝藏族自治县',0),(2644,304,'甘州区',0),(2645,304,'肃南裕固族自治县',0),(2646,304,'民乐县',0),(2647,304,'临泽县',0),(2648,304,'高台县',0),(2649,304,'山丹县',0),(2650,305,'崆峒区',0),(2651,305,'泾川县',0),(2652,305,'灵台县',0),(2653,305,'崇信县',0),(2654,305,'华亭县',0),(2655,305,'庄浪县',0),(2656,305,'静宁县',0),(2657,306,'肃州区',0),(2658,306,'金塔县',0),(2659,306,'安西县',0),(2660,306,'肃北蒙古族自治县',0),(2661,306,'阿克塞哈萨克族自治县',0),(2662,306,'玉门市',0),(2663,306,'敦煌市',0),(2664,307,'西峰区',0),(2665,307,'庆城县',0),(2666,307,'环县',0),(2667,307,'华池县',0),(2668,307,'合水县',0),(2669,307,'正宁县',0),(2670,307,'宁县',0),(2671,307,'镇原县',0),(2672,308,'安定区',0),(2673,308,'通渭县',0),(2674,308,'陇西县',0),(2675,308,'渭源县',0),(2676,308,'临洮县',0),(2677,308,'漳县',0),(2678,308,'岷县',0),(2679,309,'武都区',0),(2680,309,'成县',0),(2681,309,'文县',0),(2682,309,'宕昌县',0),(2683,309,'康县',0),(2684,309,'西和县',0),(2685,309,'礼县',0),(2686,309,'徽县',0),(2687,309,'两当县',0),(2688,310,'临夏市',0),(2689,310,'临夏县',0),(2690,310,'康乐县',0),(2691,310,'永靖县',0),(2692,310,'广河县',0),(2693,310,'和政县',0),(2694,310,'东乡族自治县',0),(2695,310,'积石山保安族东乡族撒拉族自治县',0),(2696,311,'合作市',0),(2697,311,'临潭县',0),(2698,311,'卓尼县',0),(2699,311,'舟曲县',0),(2700,311,'迭部县',0),(2701,311,'玛曲县',0),(2702,311,'碌曲县',0),(2703,311,'夏河县',0),(2704,312,'城东区',0),(2705,312,'城中区',0),(2706,312,'城西区',0),(2707,312,'城北区',0),(2708,312,'大通回族土族自治县',0),(2709,312,'湟中县',0),(2710,312,'湟源县',0),(2711,313,'平安县',0),(2712,313,'民和回族土族自治县',0),(2713,313,'乐都县',0),(2714,313,'互助土族自治县',0),(2715,313,'化隆回族自治县',0),(2716,313,'循化撒拉族自治县',0),(2717,314,'门源回族自治县',0),(2718,314,'祁连县',0),(2719,314,'海晏县',0),(2720,314,'刚察县',0),(2721,315,'同仁县',0),(2722,315,'尖扎县',0),(2723,315,'泽库县',0),(2724,315,'河南蒙古族自治县',0),(2725,316,'共和县',0),(2726,316,'同德县',0),(2727,316,'贵德县',0),(2728,316,'兴海县',0),(2729,316,'贵南县',0),(2730,317,'玛沁县',0),(2731,317,'班玛县',0),(2732,317,'甘德县',0),(2733,317,'达日县',0),(2734,317,'久治县',0),(2735,317,'玛多县',0),(2736,318,'玉树县',0),(2737,318,'杂多县',0),(2738,318,'称多县',0),(2739,318,'治多县',0),(2740,318,'囊谦县',0),(2741,318,'曲麻莱县',0),(2742,319,'格尔木市',0),(2743,319,'德令哈市',0),(2744,319,'乌兰县',0),(2745,319,'都兰县',0),(2746,319,'天峻县',0),(2747,320,'兴庆区',0),(2748,320,'西夏区',0),(2749,320,'金凤区',0),(2750,320,'永宁县',0),(2751,320,'贺兰县',0),(2752,320,'灵武市',0),(2753,321,'大武口区',0),(2754,321,'惠农区',0),(2755,321,'平罗县',0),(2756,322,'利通区',0),(2757,322,'盐池县',0),(2758,322,'同心县',0),(2759,322,'青铜峡市',0),(2760,323,'原州区',0),(2761,323,'西吉县',0),(2762,323,'隆德县',0),(2763,323,'泾源县',0),(2764,323,'彭阳县',0),(2765,324,'沙坡头区',0),(2766,324,'中宁县',0),(2767,324,'海原县',0),(2768,325,'天山区',0),(2769,325,'沙依巴克区',0),(2770,325,'新市区',0),(2771,325,'水磨沟区',0),(2772,325,'头屯河区',0),(2773,325,'达坂城区',0),(2774,325,'东山区',0),(2775,325,'乌鲁木齐县',0),(2776,326,'独山子区',0),(2777,326,'克拉玛依区',0),(2778,326,'白碱滩区',0),(2779,326,'乌尔禾区',0),(2780,327,'吐鲁番市',0),(2781,327,'鄯善县',0),(2782,327,'托克逊县',0),(2783,328,'哈密市',0),(2784,328,'巴里坤哈萨克自治县',0),(2785,328,'伊吾县',0),(2786,329,'昌吉市',0),(2787,329,'阜康市',0),(2788,329,'米泉市',0),(2789,329,'呼图壁县',0),(2790,329,'玛纳斯县',0),(2791,329,'奇台县',0),(2792,329,'吉木萨尔县',0),(2793,329,'木垒哈萨克自治县',0),(2794,330,'博乐市',0),(2795,330,'精河县',0),(2796,330,'温泉县',0),(2797,331,'库尔勒市',0),(2798,331,'轮台县',0),(2799,331,'尉犁县',0),(2800,331,'若羌县',0),(2801,331,'且末县',0),(2802,331,'焉耆回族自治县',0),(2803,331,'和静县',0),(2804,331,'和硕县',0),(2805,331,'博湖县',0),(2806,332,'阿克苏市',0),(2807,332,'温宿县',0),(2808,332,'库车县',0),(2809,332,'沙雅县',0),(2810,332,'新和县',0),(2811,332,'拜城县',0),(2812,332,'乌什县',0),(2813,332,'阿瓦提县',0),(2814,332,'柯坪县',0),(2815,333,'阿图什市',0),(2816,333,'阿克陶县',0),(2817,333,'阿合奇县',0),(2818,333,'乌恰县',0),(2819,334,'喀什市',0),(2820,334,'疏附县',0),(2821,334,'疏勒县',0),(2822,334,'英吉沙县',0),(2823,334,'泽普县',0),(2824,334,'莎车县',0),(2825,334,'叶城县',0),(2826,334,'麦盖提县',0),(2827,334,'岳普湖县',0),(2828,334,'伽师县',0),(2829,334,'巴楚县',0),(2830,334,'塔什库尔干塔吉克自治县',0),(2831,335,'和田市',0),(2832,335,'和田县',0),(2833,335,'墨玉县',0),(2834,335,'皮山县',0),(2835,335,'洛浦县',0),(2836,335,'策勒县',0),(2837,335,'于田县',0),(2838,335,'民丰县',0),(2839,336,'伊宁市',0),(2840,336,'奎屯市',0),(2841,336,'伊宁县',0),(2842,336,'察布查尔锡伯自治县',0),(2843,336,'霍城县',0),(2844,336,'巩留县',0),(2845,336,'新源县',0),(2846,336,'昭苏县',0),(2847,336,'特克斯县',0),(2848,336,'尼勒克县',0),(2849,337,'塔城市',0),(2850,337,'乌苏市',0),(2851,337,'额敏县',0),(2852,337,'沙湾县',0),(2853,337,'托里县',0),(2854,337,'裕民县',0),(2855,337,'和布克赛尔蒙古自治县',0),(2856,338,'阿勒泰市',0),(2857,338,'布尔津县',0),(2858,338,'富蕴县',0),(2859,338,'福海县',0),(2860,338,'哈巴河县',0),(2861,338,'青河县',0),(2862,338,'吉木乃县',0),(2867,352,'宛平县',1),(2868,352,'111111',5),(2869,345,'台北',2),(2870,346,'所有',0);
/*!40000 ALTER TABLE `sys_district` ENABLE KEYS */;
UNLOCK TABLES;

--
-- Table structure for table `sys_province`
--

DROP TABLE IF EXISTS `sys_province`;
/*!40101 SET @saved_cs_client     = @@character_set_client */;
/*!40101 SET character_set_client = utf8 */;
CREATE TABLE `sys_province` (
  `id` int(11) NOT NULL AUTO_INCREMENT,
  `sys_area_id` tinyint(4) NOT NULL DEFAULT '0',
  `name` varchar(255) NOT NULL DEFAULT '',
  `order` int(10) NOT NULL DEFAULT '0',
  PRIMARY KEY (`id`)
) ENGINE=InnoDB AUTO_INCREMENT=36 DEFAULT CHARSET=utf8 AVG_ROW_LENGTH=481;
/*!40101 SET character_set_client = @saved_cs_client */;

--
-- Dumping data for table `sys_province`
--

LOCK TABLES `sys_province` WRITE;
/*!40000 ALTER TABLE `sys_province` DISABLE KEYS */;
INSERT INTO `sys_province` VALUES (1,2,'北京市',1),(2,2,'天津市',0),(3,2,'河北省',0),(4,2,'山西省',0),(5,2,'内蒙古自治区',0),(6,5,'辽宁省',0),(7,5,'吉林省',0),(8,5,'黑龙江省',0),(9,1,'上海市',0),(10,1,'江苏省',0),(11,1,'浙江省',0),(12,1,'安徽省',0),(13,3,'福建省',0),(14,1,'江西省',0),(15,2,'山东省',0),(16,4,'河南省',0),(17,4,'湖北省',0),(18,4,'湖南省',0),(19,3,'广东省',0),(20,3,'广西壮族自治区',0),(21,3,'海南省',0),(22,7,'重庆市',0),(23,7,'四川省',0),(24,7,'贵州省',0),(25,7,'云南省',0),(26,7,'西藏自治区',0),(27,6,'陕西省',0),(28,6,'甘肃省',0),(29,6,'青海省',0),(30,6,'宁夏回族自治区',0),(31,6,'新疆维吾尔自治区',0),(32,8,'香港特别行政区',0),(33,8,'澳门特别行政区',0),(34,8,'台湾省',0),(35,0,'全国',0);
/*!40000 ALTER TABLE `sys_province` ENABLE KEYS */;
UNLOCK TABLES;

--
-- Table structure for table `sys_setting`
--

DROP TABLE IF EXISTS `sys_setting`;
/*!40101 SET @saved_cs_client     = @@character_set_client */;
/*!40101 SET character_set_client = utf8 */;
CREATE TABLE `sys_setting` (
  `id` int(11) NOT NULL AUTO_INCREMENT,
  `open_reg` tinyint(1) NOT NULL DEFAULT '1' COMMENT '开启注册，0关闭1开启',
  `reg_method` varchar(30) NOT NULL DEFAULT 'username' COMMENT '注册方式，username普通phone手机',
  `password_min` int(3) NOT NULL DEFAULT '6' COMMENT '密码最小长度',
  `password_encrypt` varchar(100) NOT NULL DEFAULT '' COMMENT '强制密码复杂度',
  `upload_method` varchar(10) NOT NULL COMMENT '上传方式',
  `upload_config` text COMMENT '上传配置',
  `api_safe` tinyint(1) NOT NULL DEFAULT '0' COMMENT '是否开启API安全，0否1是',
  `api_secret` varchar(255) NOT NULL COMMENT 'api秘钥',
  `close_order_minute` int(11) NOT NULL DEFAULT '30' COMMENT '自动取消订单，分钟',
  `auto_received_day` int(11) NOT NULL DEFAULT '7' COMMENT '自动收货时间，天',
  `after_sale_day` int(11) NOT NULL DEFAULT '7' COMMENT '允许申请售后，天',
  `alipay` text NOT NULL COMMENT '支付宝支付配置',
  `wxpay` text NOT NULL COMMENT '微信支付配置',
  `ship` text NOT NULL COMMENT '物流相关配置',
  PRIMARY KEY (`id`)
) ENGINE=InnoDB AUTO_INCREMENT=2 DEFAULT CHARSET=utf8;
/*!40101 SET character_set_client = @saved_cs_client */;

--
-- Dumping data for table `sys_setting`
--

LOCK TABLES `sys_setting` WRITE;
/*!40000 ALTER TABLE `sys_setting` DISABLE KEYS */;
INSERT INTO `sys_setting` VALUES (1,1,'username',7,',0,1,2','oss','{\"Bucket\":\"\",\"http\":\"\",\"ACCESS_KEY\":\"\",\"SECRET_KEY\":\"\"}',1,'122232133239',30,7,23,'{\"app_id\":\"2018091561059522\",\"ali_public_key\":\"MIIBIcANBgkqhkiG9w0BAQEFAAOCAQ8AMIIBCgKCAQEAhysWmVdABTKzpH3qM40zBo2zGVWNhGe4xm\\/bFWKnmv\\/KOtmfZNm8tBjQGQ1o9ME56m0fASnnz5lJS2r+AC4qIePCiKFE5uH57WZo2N9yO042y8VZ\\/MJsWUgog\\/FrIvjU3pkp5vB7FcZ1uresciKYFt\\/jTQPe7Bdoqt6GDetKBCXdEbJbL+DOyYNiCPmVaVH9pv8oy58RjWP5JeBOYIDe3+aMyilHt2sH0Vg\\/KrvKWzFanoltzwHrgMp27gtvTDPmnIjpkKEVfzevxOHe0q\\/NpsD+4qWd\\/6xclfcgd70Y+Dc9dwrq30BfoWJtIytTJJ0qqeNkQOLNeOppzintBXFpgQIDAQAB\",\"private_key\":\"MIIEpACBAAKCAQEAqld5rwZvdFQYzIMhfx7mn+YxTQ6o2yhoYfpZnQaDH7yHCqfIN8svMJ2PXVSrfMkX+dlkQzsT5nYiujRZ8WJ\\/RT5Nbh45nAoj+o9id3weWs0qwXU2a7F36LwuIDmvn0zSVoq4zq0wdaCZio\\/sa7IZ1NaRu\\/FYuoYINlYZgWYsggecxKBTR6gGb4Cad\\/9T759L\\/2xWc0vETvr14KRb+5cnKOc+avR9BAbgRQNBMZcD6fx5DgZXzQ704GRh4W32hL5WXpzOFPvNf1oOTD4brv4KojPEMcfxBUV\\/tzDk+dr+HpJpLtGV9aRMqgjZumIpCjmPRADIVpgrmjEXYvF64\\/UXvwIDAQABAoIBAB\\/GW4ODnszDVzDnERuGZxzSssWeA2+GNRp5ubep3FHSOBqLu7R0qWPXMEQHpEmNtXQ80hAceBTYWpgDZfe6GOWQvp7Y8oQh\\/B4kGwkQ1RS5Cs21kKY8H5MBb1VBjXoYuW+9RsX+1nhKsfl\\/6WkZeuoR8HNvjM6Wa\\/e+zdkudwT2GqYD1yuPhSmtlmpjLh0kMBfK4qFbVxbu3XqViWwJOuLwFQl6N258dfp4uMnKNz0nqNQeUfoDZ35Ixe0orPIffypdfdTqOirC7WYbF\\/8W5Ygtuj\\/HTQqAIZ+I1qbmI5GfP4Q1S0kkXvj4aq\\/5r0u9iJOI7GK9U8mFVNu3xVKKsJkCgYEA0sCQmtpSAldXCXFuXSB6RJUKCIw2jmcVLuMfCYBKyGlNUa2jSIKQisXbSQmqYgL7\\/L6G82GwKjD6ZXvQFAs+c8L\\/MEkaF2nT6zmMtDSBdIyFIb+bd8kx97EmQjUyd+vf4vDY1zV1cGZa6iF\\/EHgMHNK4OM5EiX9zvFDGt\\/3qz8sCgYEAzunatzRCFhQK0tfAV6c0VOrgZntirooa6onH\\/0sO6Sm1W4vEJoYHkaPJpaOO4V2nbNcLK1620NkqB1RT+5YzMb7jEpL8DY24ufM1dD+aihWHt8DGCRSZdycDcwIKM+f2vwtsvwjldfudRjh9QXWTfALPkSbqpYABoqqKD8PtcV0CgYEAr1pbtwyKCbqkB45itoesU93yEDShvBCW9oExNNWS43eCRsCDyHQiUeTYVMf\\/BTfYdG4OmPih\\/CjuXnwLIHJOj0Ei1Qkt9WcvVVt38ARz5gZ5SyBC+gLkWWQDIjli+Za\\/nPKqaT3orhHr+TzPnWNVKLJHZ7RwIDt0j65h+XsC4csCgYAi3wyqVZdRqz0Lvaq\\/2wEZ0p\\/RBbhi3AmfP2tCXj78Erhq3kpHh80cwXLJhKAe4S7HTBKo04SR\\/Bd2NsMUooKsPpR8W+M40YqxZAi9N77uyKQf1tBJVXxrtVqCdnSLvOs71UwVggVR9f7Sh9CsSIl7m+mpd9qR29nqtT0hXQ7WTQKBgQDP4NIHuAQOc0xbO58HZgtGB4wFLbSG+PFL+VJxlVvJ6oBHR6axiWTFR+yzS\\/nJC918BCh7HfsQnfePlrydG2o7NDO25jGyQZvbf5welgCSxWaQ1j9rulng4saBrZNgOmUFBWi+YB3U2NY5HILYuw\\/2UB8sJyv326iqnKLA7hVVzg==\"}','{\"app_id\":\"wxf0d08abcc66aab61\",\"miniapp_id\":\"wxb1fd05de99c0fe32\",\"secret\":\"09f38qdf2b1d44259763e9a6924f9ced\",\"appid\":\"wxc55deade7d0a3bde\",\"mch_id\":\"1554008981\",\"key\":\"8b078a1ec793049f1c97793464c7049f\",\"cert_client\":\"\\/storage\\/wx\\/20210611\\/cb2c27cfb150e834d6b8b9815b46532e.pem\",\"cert_key\":\"\\/storage\\/wx\\/20210611\\/2d39a7e2c9afd46b016c05ca648157fe.pem\"}','6c2587719a5ce602 ');
/*!40000 ALTER TABLE `sys_setting` ENABLE KEYS */;
UNLOCK TABLES;

--
-- Table structure for table `user`
--

DROP TABLE IF EXISTS `user`;
/*!40101 SET @saved_cs_client     = @@character_set_client */;
/*!40101 SET character_set_client = utf8 */;
CREATE TABLE `user` (
  `id` int(11) NOT NULL AUTO_INCREMENT,
  `username` varchar(20) DEFAULT NULL,
  `password` varchar(255) DEFAULT NULL,
  `avatar` varchar(255) DEFAULT NULL,
  `nickname` varchar(20) DEFAULT NULL,
  `phone` varchar(11) DEFAULT NULL,
  `email` varchar(255) DEFAULT NULL,
  `user_level_id` int(11) DEFAULT NULL,
  `create_time` int(11) DEFAULT NULL,
  `update_time` int(11) DEFAULT NULL,
  `last_login_time` int(11) DEFAULT NULL,
  `status` tinyint(1) DEFAULT '1' COMMENT '状态：0禁用1启用',
  `wechat_openid` varchar(255) DEFAULT NULL COMMENT '微信openid',
  `share_num` int(11) NOT NULL DEFAULT '0' COMMENT ' 推广用户数量',
  `share_order_num` int(11) NOT NULL DEFAULT '0' COMMENT '推广订单数量',
  `order_price` decimal(10,2) NOT NULL DEFAULT '0.00' COMMENT '订单金额',
  `commission` decimal(10,2) NOT NULL DEFAULT '0.00' COMMENT '账户佣金',
  `cash_out_price` decimal(10,2) NOT NULL DEFAULT '0.00' COMMENT '已提现金额',
  `cash_out_time` int(11) NOT NULL DEFAULT '0' COMMENT '已提现次数',
  `no_cash_out_price` decimal(10,2) NOT NULL DEFAULT '0.00' COMMENT '未提现金额',
  `p1` int(11) DEFAULT NULL COMMENT '一级推广人ID',
  `p2` int(11) DEFAULT NULL COMMENT '二级推广人ID',
  PRIMARY KEY (`id`)
) ENGINE=InnoDB AUTO_INCREMENT=59 DEFAULT CHARSET=utf8;
/*!40101 SET character_set_client = @saved_cs_client */;

--
-- Dumping data for table `user`
--

LOCK TABLES `user` WRITE;
/*!40000 ALTER TABLE `user` DISABLE KEYS */;
INSERT INTO `user` VALUES (3,'user','$2y$10$CMLgmzahKS/94TAbmoVzzu/Gfzo4OQtbl/.4QUKo/Pr9ORc6i.pju','https://tangzhe123-com.oss-cn-shenzhen.aliyuncs.com/Appstatic/qsbk/demo/userpic/6.jpg','昵称','15632654658','123@qq.com',3,1565629342,1623141290,NULL,1,NULL,2,2,0.20,0.10,0.00,0,0.10,NULL,NULL),(4,'user2','$2y$10$V56QG3LyChPLhfS8vSQRYOeAOuSKkFRyWrbl6kdI.0KyqnF6was/i','https://tangzhe123-com.oss-cn-shenzhen.aliyuncs.com/Appstatic/qsbk/demo/userpic/6.jpg','昵称','15632654659','456@qq.com',3,1565629342,1623242087,NULL,0,NULL,0,0,0.00,0.00,0.00,0,0.00,3,NULL),(21,'jack11','$2y$10$Ml0p757Yv2zYMi.p84XDFeIcK7k/C479sFB14EwoApWcKyphiG/cC','http://tangzhe123-com.oss-cn-shenzhen.aliyuncs.com/public/5f50505928e60.jpg','小二哥','15892122214','1231134456@qq.com',3,1581497334,1623142240,NULL,1,NULL,0,0,0.00,0.00,0.00,0,0.00,NULL,3),(28,'learnzj','$2y$10$.q7eN2F1ZLen5HUkBoUdaOBGJC2jxAoiK9ewlD/xx3IhoTdids41q','','哈哈','','',3,1614043177,1623142226,NULL,1,NULL,0,0,0.00,0.00,0.00,0,0.00,NULL,NULL),(29,'ceshi333','$2y$10$qMgDYyG/RKO1PbehdzmFi.cLboGMrCZc2T0u62E16HbDrFJiAbZZa','http://tangzhe123-com.oss-cn-shenzhen.aliyuncs.com/public/5fca3ba3c647a.jpg','ceshi333','13452645645','1234562@qq.com',3,1617897774,1623242080,NULL,1,NULL,0,0,0.00,0.00,0.00,0,0.00,NULL,NULL),(30,'ceshi22','$2y$10$XXmxn9Wn8172t7Qas0UaDOyv18X49/w0kyJKZfPpVzPpBU3ISyxSO',NULL,NULL,NULL,NULL,NULL,1623434819,1623434819,NULL,1,NULL,0,0,0.00,0.00,0.00,0,0.00,NULL,NULL),(31,'18172507049','$2y$10$Tq3q11VKuHD0onleHNjbvuBb4qfW01kCxtcD1rjLM4ZBPvmiJ4hEi',NULL,NULL,NULL,NULL,NULL,1626249450,1626249450,NULL,1,NULL,0,0,0.00,0.00,0.00,0,0.00,NULL,NULL),(33,'Barry','$2y$10$aG/YwrezW5FUsZB954AMr.Oz..8DL0wrNAtzjkOCvXcUijb8nKdj2','','Barry','13637054236','11@qq.com',3,1628836767,1628836767,NULL,1,NULL,0,0,0.00,0.00,0.00,0,0.00,NULL,NULL),(34,'ser12','$2y$10$HKkLppkXDFDYIjHMiKpCAOw0fPbt1ncYHPIfVoCFXZeKwcM0op5kG',NULL,NULL,NULL,NULL,NULL,1629703527,1629703527,NULL,1,NULL,0,0,0.00,0.00,0.00,0,0.00,NULL,NULL),(35,'13793109098','$2y$10$AsJQjutHvIciJHdpwLoCmuCTCAJwZwTy2yFZRwrAycwNkLr4V.kFG',NULL,NULL,NULL,NULL,NULL,1629732053,1629732053,NULL,1,NULL,0,0,0.00,0.00,0.00,0,0.00,NULL,NULL),(36,'15555555555','$2y$10$wwARuMZ3xECuzj6K3i6EIurSIKSYI/GWZD/f7Or/7mblzNFLBCMWe',NULL,NULL,NULL,NULL,NULL,1630501208,1630501208,NULL,1,NULL,0,0,0.00,0.00,0.00,0,0.00,NULL,NULL),(37,'zjl00001','$2y$10$0r40k4VEIolJWGJXehjMm.bzwZfVSuOxuS8f6hfPTLMrRSCP7pOZ2',NULL,NULL,NULL,NULL,NULL,1632452610,1632452610,NULL,1,NULL,0,0,0.00,0.00,0.00,0,0.00,NULL,NULL),(38,'aaaaaa','$2y$10$QCgC6P4b9Ow4LfzEi7ucoOYWX/P4czTpxP1K2PF0pC5oNYIovIzJ6','','','18913250281','24468049@qq.com',3,1633666785,1633666785,NULL,1,NULL,0,0,0.00,0.00,0.00,0,0.00,NULL,NULL),(39,'17634030352','$2y$10$yAw1TrNp.lO/Crau/piIeuBcnNnYyECmYu1CePEo8n7qyFSLlV116',NULL,NULL,NULL,NULL,NULL,1634315589,1634315589,NULL,1,NULL,0,0,0.00,0.00,0.00,0,0.00,NULL,NULL),(40,'13126340523','$2y$10$4fZkxCDQDaOy0ckLboUyvuzKVLG9SGkGk0Wc5U2SYXe15qTELCom6',NULL,NULL,NULL,NULL,3,1635033467,1638422499,NULL,1,NULL,0,0,0.00,0.00,0.00,0,0.00,NULL,NULL),(41,'test1','$2y$10$mSNF.W1gRWZKkijUUe.gGe2YAaW45AJqOlU14GuV5eq5ue8nxhpsC','http://tangzhe123-com.oss-cn-shenzhen.aliyuncs.com/public/60bf2fe6e9e53.jpg',NULL,NULL,NULL,6,1639670546,1640508501,NULL,1,NULL,0,0,0.00,0.00,0.00,0,0.00,NULL,NULL),(57,'test','$2y$10$YbLaqqyW.MAl2iM6tLqENuHN8KzNIAwqW36fbLmzCj1IkdXeKp/5u','http://tangzhe123-com.oss-cn-shenzhen.aliyuncs.com/public/62e369e286467.jpeg','ok','15555555555','123hai@qq.com',3,1658937381,1659193769,NULL,1,NULL,0,0,0.00,0.00,0.00,0,0.00,NULL,NULL);
/*!40000 ALTER TABLE `user` ENABLE KEYS */;
UNLOCK TABLES;

--
-- Table structure for table `user_addresses`
--

DROP TABLE IF EXISTS `user_addresses`;
/*!40101 SET @saved_cs_client     = @@character_set_client */;
/*!40101 SET character_set_client = utf8 */;
CREATE TABLE `user_addresses` (
  `id` int(11) NOT NULL AUTO_INCREMENT,
  `user_id` int(11) DEFAULT NULL,
  `province` varchar(50) DEFAULT NULL COMMENT '省',
  `city` varchar(50) DEFAULT NULL COMMENT '市',
  `district` varchar(50) DEFAULT NULL COMMENT '区',
  `address` varchar(255) DEFAULT NULL COMMENT '具体地址',
  `zip` int(11) DEFAULT NULL COMMENT '邮编',
  `name` varchar(20) DEFAULT NULL COMMENT '联系人',
  `phone` varchar(11) DEFAULT NULL COMMENT '联系电话',
  `last_used_time` int(11) DEFAULT NULL COMMENT '最后一次使用',
  `create_time` int(11) DEFAULT NULL,
  `update_time` int(11) DEFAULT NULL,
  PRIMARY KEY (`id`)
) ENGINE=InnoDB AUTO_INCREMENT=159 DEFAULT CHARSET=utf8;
/*!40101 SET character_set_client = @saved_cs_client */;

--
-- Dumping data for table `user_addresses`
--

LOCK TABLES `user_addresses` WRITE;
/*!40000 ALTER TABLE `user_addresses` DISABLE KEYS */;
INSERT INTO `user_addresses` VALUES (2,3,'天津市','市辖区','和平区','阅江西路222号广州塔',100089,'靓仔','13564568789',1579267148,1970,1579267148),(3,3,'广东省','广州市','荔湾区','阅江西路232号',0,'帅哥小米手机ffyu','13564568781',1578791987,1970,2020),(47,3,'浙江省','杭州市','上城区','666',0,'汉堡1','17792352523',1578672525,1970,1578672525),(53,3,'北京市','市辖区','西城区','广州市',0,'李五','18011011000',1578965998,1578845878,1578965998),(55,3,'天津市','市辖区','和平区','你',111,'你在','18289898789',1579068165,1579068099,1579068165),(56,30,'北京市','市辖区','西城区','哈哈哈哈哈',0,'小明','13656436985',NULL,1970,1970),(57,30,'北京市','市辖区','西城区','默默',0,'小黄','13546976325',NULL,1623439353,1623439353),(58,30,'北京市','市辖区','西城区','哦哦哦哦',0,'小鹿','13564632156',1623585894,2021,1623585894),(59,30,'北京市','市辖区','西城区','哦哦哦哦',0,'小王','13653265325',NULL,1623439600,1623439600),(60,30,'北京市','市辖区','西城区','哦哦哦哦',0,'小时','13659846533',NULL,1970,1970),(139,4,'内蒙古自治区','呼和浩特市','新城区','1111111222',11,'111qqqq','18812365655',1635745798,1970,1635745798),(140,4,'北京市','市辖区','西城区','。。。。',833000,'ces','18290842312',1632383177,1970,2021),(141,4,'北京市','市辖区','西城区','。。。。。。',830000,'是的123','18890416087',1638338954,1970,1638338954),(144,35,'北京市','市辖区','西城区','追着',10086,'来来','13793109098',1629732104,1629732101,1629732104),(150,36,'北京市','市辖区','西城区','13123123',123123,'123','13333333333',1631511981,1630659933,1631511981),(151,37,'北京市','市辖区','西城区','1605',0,'zjl','15156794711',1632470852,1632452643,1632470852),(152,4,'河北省','石家庄市','长安区','监控',0,'测试','13712345678',1632734368,1632731666,1632734368),(155,39,'北京市','市辖区','西城区','现金八点半',46848,'姚毛毛','17634030352',1634315858,1634315850,1634315858),(156,4,'北京市','市辖区','西城区','bbbb',2123000,'aaa','13100010001',1639064591,1634609809,1639064591),(158,4,'北京市','市辖区','西城区','123456678',300000,'zxh5566','15822222222',1637549301,2021,1637549301);
/*!40000 ALTER TABLE `user_addresses` ENABLE KEYS */;
UNLOCK TABLES;

--
-- Table structure for table `user_bill`
--

DROP TABLE IF EXISTS `user_bill`;
/*!40101 SET @saved_cs_client     = @@character_set_client */;
/*!40101 SET character_set_client = utf8 */;
CREATE TABLE `user_bill` (
  `id` int(11) NOT NULL AUTO_INCREMENT,
  `user_id` int(11) DEFAULT NULL COMMENT '获取佣金用户ID',
  `level` tinyint(1) NOT NULL DEFAULT '1' COMMENT '等级：1一级佣金，2二级佣金',
  `order_id` int(11) DEFAULT NULL COMMENT '订单ID',
  `commission` decimal(10,2) NOT NULL DEFAULT '0.00' COMMENT '佣金',
  `status` tinyint(1) NOT NULL DEFAULT '0' COMMENT '状态 0冻结中，1生效，-1失效',
  `create_time` int(11) NOT NULL COMMENT '创建时间',
  `update_time` int(11) NOT NULL COMMENT '更新时间',
  PRIMARY KEY (`id`)
) ENGINE=InnoDB AUTO_INCREMENT=3 DEFAULT CHARSET=utf8mb4 COMMENT='用户分佣账单表';
/*!40101 SET character_set_client = @saved_cs_client */;

--
-- Dumping data for table `user_bill`
--

LOCK TABLES `user_bill` WRITE;
/*!40000 ALTER TABLE `user_bill` DISABLE KEYS */;
INSERT INTO `user_bill` VALUES (1,3,1,348,0.05,1,1623587879,1623587879),(2,3,1,155,0.05,1,1623587879,1623587879);
/*!40000 ALTER TABLE `user_bill` ENABLE KEYS */;
UNLOCK TABLES;

--
-- Table structure for table `user_extract`
--

DROP TABLE IF EXISTS `user_extract`;
/*!40101 SET @saved_cs_client     = @@character_set_client */;
/*!40101 SET character_set_client = utf8 */;
CREATE TABLE `user_extract` (
  `id` int(11) NOT NULL AUTO_INCREMENT,
  `user_id` int(11) DEFAULT NULL COMMENT '提现人ID',
  `real_name` varchar(10) NOT NULL COMMENT '真实名称',
  `extract_type` varchar(8) NOT NULL COMMENT '提现方式：wx微信, hand手动',
  `wechat` varchar(255) NOT NULL COMMENT '微信二维码',
  `status` tinyint(1) NOT NULL DEFAULT '0' COMMENT '-1未通过,0审核中,1已提现',
  `create_time` int(11) NOT NULL COMMENT '申请时间',
  `update_time` int(11) NOT NULL COMMENT '更新时间',
  PRIMARY KEY (`id`)
) ENGINE=InnoDB DEFAULT CHARSET=utf8mb4 COMMENT='用户提现表';
/*!40101 SET character_set_client = @saved_cs_client */;

--
-- Dumping data for table `user_extract`
--

LOCK TABLES `user_extract` WRITE;
/*!40000 ALTER TABLE `user_extract` DISABLE KEYS */;
/*!40000 ALTER TABLE `user_extract` ENABLE KEYS */;
UNLOCK TABLES;

--
-- Table structure for table `user_info`
--

DROP TABLE IF EXISTS `user_info`;
/*!40101 SET @saved_cs_client     = @@character_set_client */;
/*!40101 SET character_set_client = utf8 */;
CREATE TABLE `user_info` (
  `id` int(11) NOT NULL AUTO_INCREMENT,
  `user_id` int(11) DEFAULT NULL,
  `sex` tinyint(1) DEFAULT NULL,
  `birthday` date DEFAULT NULL,
  `name` varchar(10) DEFAULT NULL COMMENT '姓名',
  PRIMARY KEY (`id`)
) ENGINE=InnoDB AUTO_INCREMENT=58 DEFAULT CHARSET=utf8;
/*!40101 SET character_set_client = @saved_cs_client */;

--
-- Dumping data for table `user_info`
--

LOCK TABLES `user_info` WRITE;
/*!40000 ALTER TABLE `user_info` DISABLE KEYS */;
INSERT INTO `user_info` VALUES (2,3,NULL,NULL,NULL),(3,4,NULL,NULL,NULL),(20,21,NULL,NULL,NULL),(27,28,NULL,NULL,NULL),(28,29,NULL,NULL,NULL),(29,30,NULL,NULL,NULL),(30,31,NULL,NULL,NULL),(32,33,NULL,NULL,NULL),(33,34,NULL,NULL,NULL),(34,35,NULL,NULL,NULL),(35,36,NULL,NULL,NULL),(36,37,NULL,NULL,NULL),(37,38,NULL,NULL,NULL),(38,39,NULL,NULL,NULL),(39,40,NULL,NULL,NULL),(40,41,NULL,NULL,NULL),(56,57,NULL,NULL,NULL);
/*!40000 ALTER TABLE `user_info` ENABLE KEYS */;
UNLOCK TABLES;

--
-- Table structure for table `user_level`
--

DROP TABLE IF EXISTS `user_level`;
/*!40101 SET @saved_cs_client     = @@character_set_client */;
/*!40101 SET character_set_client = utf8 */;
CREATE TABLE `user_level` (
  `id` int(11) NOT NULL AUTO_INCREMENT,
  `name` varchar(20) DEFAULT NULL COMMENT '等级名称',
  `level` int(11) DEFAULT '0' COMMENT '等级权重',
  `status` tinyint(1) DEFAULT '1' COMMENT '状态：0禁用1启用',
  `discount` int(11) DEFAULT '0' COMMENT '折扣',
  `max_price` int(11) DEFAULT '0' COMMENT '消费满元',
  `max_times` int(11) DEFAULT '0' COMMENT '消费满次数',
  PRIMARY KEY (`id`)
) ENGINE=InnoDB AUTO_INCREMENT=77 DEFAULT CHARSET=utf8;
/*!40101 SET character_set_client = @saved_cs_client */;

--
-- Dumping data for table `user_level`
--

LOCK TABLES `user_level` WRITE;
/*!40000 ALTER TABLE `user_level` DISABLE KEYS */;
INSERT INTO `user_level` VALUES (3,'普通会员',10,1,0,0,0),(4,'白银会员',20,1,95,100,2),(5,'黄金会员',30,1,90,300,6),(6,'钻石会员',888,1,50,1,1),(41,'王者会员',0,1,0,0,0),(66,'青铜会员',0,1,0,0,0),(70,'王者',93,1,66,100,2);
/*!40000 ALTER TABLE `user_level` ENABLE KEYS */;
UNLOCK TABLES;

--
-- Dumping events for database 'ceshi13_dishait_'
--

--
-- Dumping routines for database 'ceshi13_dishait_'
--
/*!40103 SET TIME_ZONE=@OLD_TIME_ZONE */;

/*!40101 SET SQL_MODE=@OLD_SQL_MODE */;
/*!40014 SET FOREIGN_KEY_CHECKS=@OLD_FOREIGN_KEY_CHECKS */;
/*!40014 SET UNIQUE_CHECKS=@OLD_UNIQUE_CHECKS */;
/*!40101 SET CHARACTER_SET_CLIENT=@OLD_CHARACTER_SET_CLIENT */;
/*!40101 SET CHARACTER_SET_RESULTS=@OLD_CHARACTER_SET_RESULTS */;
/*!40101 SET COLLATION_CONNECTION=@OLD_COLLATION_CONNECTION */;
/*!40111 SET SQL_NOTES=@OLD_SQL_NOTES */;

-- Dump completed on 2022-07-31 22:03:25
